id,source,text,rating,date,upvotes,url
ps_ca797846-756d-4f49-81e3-d315e812f3e1,play_store,very good items on myntra.,5.0,2026-09-02 01:02:28,0,https://play.google.com/store/apps/details?id=com.myntra.android
ps_64939997-bb72-4e82-92f9-459bd588997e,play_store,very good platform for purchasing online.,5.0,2026-09-02 01:00:54,0,https://play.google.com/store/apps/details?id=com.myntra.android
ps_657b9148-1cfc-46a6-ad77-e2fc09e0e188,play_store,it's a good app I loved it,5.0,2026-09-02 00:48:58,0,https://play.google.com/store/apps/details?id=com.myntra.android
ps_ecef323f-2928-4cdf-a941-a8c7673d2af9,play_store,I just love you to use myntra ❤️👍,5.0,2026-09-02 00:47:04,0,https://play.google.com/store/apps/details?id=com.myntra.android
ps_099fa258-1806-4b86-ad6b-6c4f17cc5386,play_store,overall good,5.0,2026-09-02 00:45:39,0,https://play.google.com/store/apps/details?id=com.myntra.android
ps_2fb6ec4d-b3fa-4eec-b361-3f5ac8b3761d,play_store,"Really happy with my purchase! The product looks exactly as shown in the pictures and the quality is really good. The fit and finish are impressive, and it feels comfortable to use/wear. The packaging was also neat and delivery was on time. Overall, I’m completely satisfied with the product and would definitely recommend it to others. Great quality at this price!",5.0,2026-09-02 00:45:14,0,https://play.google.com/store/apps/details?id=com.myntra.android
ps_ee776976-9900-4d4c-96ac-acd99bc61fc5,play_store,best clothing app ever,5.0,2026-09-02 00:38:01,0,https://play.google.com/store/apps/details?id=com.myntra.android
ps_ad5364bb-1fb8-4753-8ade-237f7b130759,play_store,"They cancelled my order without informing me. I tried to contact them several times, but they did not answer my calls.",1.0,2026-09-02 00:36:44,0,https://play.google.com/store/apps/details?id=com.myntra.android
ps_2066f07e-cf21-46e2-a8ff-4dc5cb4848e6,play_store,branded products with low rate,5.0,2026-09-02 00:31:11,0,https://play.google.com/store/apps/details?id=com.myntra.android
ps_71a8a4d7-5812-41ae-a857-436be2260f54,play_store,very beautiful and beautiful,5.0,2026-09-02 00:29:38,0,https://play.google.com/store/apps/details?id=com.myntra.android
ps_8a782630-2d81-4b37-98e3-6b7bb942c722,play_store,product quality is superior than other platform,5.0,2026-09-02 00:26:39,0,https://play.google.com/store/apps/details?id=com.myntra.android
ps_a4a5b07d-00aa-4a50-ba47-aafa178a7f56,play_store,I really like this app daily loyalty program and more things u will really love like quick delivery quick customer support and gives good deals too ❤️,5.0,2026-09-02 00:20:37,0,https://play.google.com/store/apps/details?id=com.myntra.android
ps_d5232bb0-bc9f-4c1a-a699-deb1d592966d,play_store,Fast delivery and exchange order.,5.0,2026-09-02 00:17:19,0,https://play.google.com/store/apps/details?id=com.myntra.android
ps_a1f7d802-c86a-41f1-9080-a5539f68b33b,play_store,good quality,5.0,2026-09-02 00:09:40,0,https://play.google.com/store/apps/details?id=com.myntra.android
ps_3d6dcfd7-09c9-4c57-8676-cba5f30c2420,play_store,good aap for shopping orignal brand,5.0,2026-09-02 00:06:48,0,https://play.google.com/store/apps/details?id=com.myntra.android
ps_c4c455f0-cea8-4359-a6df-0ca69a8d3bf2,play_store,myntra is best app for online shopping..you can trust it,5.0,2026-09-02 00:05:11,0,https://play.google.com/store/apps/details?id=com.myntra.android
ps_0c2cba19-c810-4deb-8eab-65ce8941d489,play_store,aap toh accha laga lekin saman lene ke baad hi pata chalega ki acha hai ki nhi 🫤🙄👍🏻,4.0,2026-09-02 00:03:17,0,https://play.google.com/store/apps/details?id=com.myntra.android
ps_3e80879a-c996-4cfa-9acf-c98deb66b182,play_store,very good experience.,5.0,2026-09-01 23:55:19,0,https://play.google.com/store/apps/details?id=com.myntra.android
ps_38d336b1-8a89-4017-9534-2e46f98924bc,play_store,nice product house,5.0,2026-09-01 23:43:37,0,https://play.google.com/store/apps/details?id=com.myntra.android
ps_9eb57132-7ef0-4d61-aba2-616d786e2a52,play_store,online shopping= Myntra ♥️,5.0,2026-09-01 23:42:10,0,https://play.google.com/store/apps/details?id=com.myntra.android
ps_65c2e24e-452c-426c-b756-b7cbc40b1c61,play_store,Products are very genuine,5.0,2026-09-01 23:41:20,0,https://play.google.com/store/apps/details?id=com.myntra.android
ps_6502c3c5-78ca-44bb-a63d-d760f000c218,play_store,good experience and trust worthy platform to purchase.👍 good quality easy to purchase and return no issues at all.,5.0,2026-09-01 23:40:30,0,https://play.google.com/store/apps/details?id=com.myntra.android
ps_dc6c2c4b-b9ff-4667-913b-e0dfdfe60969,play_store,very good app for those who are seeking for offer for the best quality products highly recommend,5.0,2026-09-01 23:39:11,0,https://play.google.com/store/apps/details?id=com.myntra.android
ps_fefbdf07-0851-4dca-8b90-e6039cdcbb19,play_store,"Pathetic customer service, no replacement even after 15 days of complaint.",1.0,2026-09-01 23:38:58,0,https://play.google.com/store/apps/details?id=com.myntra.android
ps_c47bedb2-c1b3-4114-90ca-308657945372,play_store,excellent application,5.0,2026-09-01 23:29:58,0,https://play.google.com/store/apps/details?id=com.myntra.android
ps_f382a487-6ca7-43d6-9bd3-f933493e8cea,play_store,outstanding,5.0,2026-09-01 23:21:54,0,https://play.google.com/store/apps/details?id=com.myntra.android
ps_d49daea5-843c-46dd-9248-3f92636cc6c4,play_store,very nice and good quality products,5.0,2026-09-01 23:20:20,0,https://play.google.com/store/apps/details?id=com.myntra.android
ps_28c13bf0-250b-4b3d-b352-162888bf982f,play_store,fast delivery,5.0,2026-09-01 23:19:31,0,https://play.google.com/store/apps/details?id=com.myntra.android
ps_0208dda7-f45f-4484-a5bc-67261b66a58d,play_store,best clothes,5.0,2026-09-01 23:17:29,0,https://play.google.com/store/apps/details?id=com.myntra.android
ps_9ac321c3-723d-414f-8e00-36f82d35a2cb,play_store,worst platform to buy anything,1.0,2026-09-01 23:08:13,0,https://play.google.com/store/apps/details?id=com.myntra.android
ps_5d7f0be1-0bb9-4524-be93-f11ff9fa8d65,play_store,"good experience, superb response",5.0,2026-09-01 23:06:44,0,https://play.google.com/store/apps/details?id=com.myntra.android
ps_dc738219-3bd8-4a04-bf2f-33479f90a5c9,play_store,Appreciated!,5.0,2026-09-01 23:05:52,0,https://play.google.com/store/apps/details?id=com.myntra.android
ps_9ba840a6-793f-454c-8ecb-baea60cd2905,play_store,"as much as this app is great for shopping, their sale notification with timer doesn't go when you clear all notifications. then you have unlock phone and physically swipe it off.",1.0,2026-09-01 23:01:30,0,https://play.google.com/store/apps/details?id=com.myntra.android
ps_c5c92ff2-9fd6-46b1-aa03-f43642b54181,play_store,good products,5.0,2026-09-01 22:59:53,0,https://play.google.com/store/apps/details?id=com.myntra.android
ps_53fdec1d-ec0f-4443-bc45-2a155894d71a,play_store,Castomar supports the worst experience.,1.0,2026-09-01 22:58:59,0,https://play.google.com/store/apps/details?id=com.myntra.android
ps_0c975367-ba0e-49d3-bd32-4d47fad3e2f8,play_store,Quality for every Rupee,5.0,2026-09-01 22:58:11,0,https://play.google.com/store/apps/details?id=com.myntra.android
ps_0e072d19-694b-406c-a582-502a17c75520,play_store,very good apps,5.0,2026-09-01 22:56:41,0,https://play.google.com/store/apps/details?id=com.myntra.android
ps_e78da855-80a0-4efa-979e-431738df60aa,play_store,worst service delivery man never came and he canceled my exchange order and not picking up the call.,1.0,2026-09-01 22:51:03,0,https://play.google.com/store/apps/details?id=com.myntra.android
ps_19abb1f8-e492-4919-849c-6f6c5c8db5fa,play_store,best loyalty 💕💕💕,5.0,2026-09-01 22:47:40,0,https://play.google.com/store/apps/details?id=com.myntra.android
ps_d5e8e2f9-966a-44da-9efb-ee5e8ac0e525,play_store,☺nice shopping experience...,5.0,2026-09-01 22:46:58,0,https://play.google.com/store/apps/details?id=com.myntra.android
ps_9377b882-46c7-4b9e-bbc0-9bacfad9bc70,play_store,overall good experience 👍,5.0,2026-09-01 22:46:28,0,https://play.google.com/store/apps/details?id=com.myntra.android
ps_9b8980a4-2c48-47d1-aef6-dd842c3e9d0c,play_store,world no 1 online platform,5.0,2026-09-01 22:38:22,0,https://play.google.com/store/apps/details?id=com.myntra.android
ps_e4675aa3-3cd5-4df2-bc24-f688e39502e1,play_store,nice service,5.0,2026-09-01 22:34:35,0,https://play.google.com/store/apps/details?id=com.myntra.android
ps_9a25a27d-58d5-40b3-b672-b5556fd493d4,play_store,nice experience thanks for great offer,5.0,2026-09-01 22:31:50,0,https://play.google.com/store/apps/details?id=com.myntra.android
ps_b446f038-f428-4317-b249-d69b8c069ac5,play_store,It is to place the order and see the size,5.0,2026-09-01 22:28:49,0,https://play.google.com/store/apps/details?id=com.myntra.android
ps_7bacef42-2d3f-4923-bf34-27e007927325,play_store,best experience,5.0,2026-09-01 22:26:35,0,https://play.google.com/store/apps/details?id=com.myntra.android
ps_d5b389a4-da41-4e01-a9ab-f752d37f2a37,play_store,really best app for shopping,5.0,2026-09-01 22:20:31,0,https://play.google.com/store/apps/details?id=com.myntra.android
ps_fbd52875-3ad1-4392-b796-c500ce57ad58,play_store,Good product and return and exchange policy is the best,5.0,2026-09-01 22:06:06,0,https://play.google.com/store/apps/details?id=com.myntra.android
ps_4fcd353f-8d8c-4bf8-8426-f0d5f4d224b7,play_store,Really impressive 💯 great value and services.fully satisfied with the product and quick update.awesome .,5.0,2026-09-01 22:04:59,0,https://play.google.com/store/apps/details?id=com.myntra.android
ps_87095036-c5a3-4ebb-8394-b6f27b0f560c,play_store,This app provide all authenthic products with brand value.I am writing this review after using this app for 3 years ..and it never disappointed me with its products..if you are used to of brands then go for it without hesitation.👍,5.0,2026-09-01 22:03:26,0,https://play.google.com/store/apps/details?id=com.myntra.android
ps_223a3fa8-bf53-41ea-b314-383531488f30,play_store,loveeee this appp ❤️,5.0,2026-09-01 22:02:27,0,https://play.google.com/store/apps/details?id=com.myntra.android
ps_846d5e70-d981-4f61-bbb7-c54a521132b4,play_store,very good 👍,5.0,2026-09-01 21:59:29,0,https://play.google.com/store/apps/details?id=com.myntra.android
ps_e5dbea08-30d2-480f-bf72-456692150127,play_store,this is very Good Derma touch product nice 👍,5.0,2026-09-01 21:59:02,0,https://play.google.com/store/apps/details?id=com.myntra.android
ps_d54640d5-9cb1-4071-ae3f-0173487a0c81,play_store,good experience,5.0,2026-09-01 21:54:19,0,https://play.google.com/store/apps/details?id=com.myntra.android
ps_7f37dff2-357b-4324-baa8-754f092b8d1e,play_store,"not receiving any of the orders, every orders getting cancelled. Need to improve accountability",1.0,2026-09-01 21:54:01,0,https://play.google.com/store/apps/details?id=com.myntra.android
ps_8d383427-d7dc-4873-90f4-4999cce43413,play_store,nice product,5.0,2026-09-01 21:48:49,0,https://play.google.com/store/apps/details?id=com.myntra.android
ps_35889431-759a-4e1b-86ad-01e5419d7892,play_store,best app for clothes,5.0,2026-09-01 21:46:40,0,https://play.google.com/store/apps/details?id=com.myntra.android
ps_6448bdf2-230d-4858-8574-3ff5120a6d28,play_store,Excellent Collection,5.0,2026-09-01 21:39:27,0,https://play.google.com/store/apps/details?id=com.myntra.android
ps_f4c2a7b0-cfeb-4cab-811d-1b7c49b27bb8,play_store,some products are not as per description mentioned on site,4.0,2026-09-01 21:37:42,0,https://play.google.com/store/apps/details?id=com.myntra.android
ps_a8905d19-f47e-4dfd-973b-983621eff005,play_store,I got Awesome Discount 👌 on Myntra even without Sale. So Very happy with the purchase 😍,5.0,2026-09-01 21:35:47,0,https://play.google.com/store/apps/details?id=com.myntra.android
ps_347926fc-bf31-4cb7-a922-9bf5c45602e9,play_store,best application,5.0,2026-09-01 21:33:44,0,https://play.google.com/store/apps/details?id=com.myntra.android
ps_d55498fe-48bc-4099-a990-ccb3ea022ae8,play_store,fanatics app I love you Myntra,5.0,2026-09-01 21:31:13,0,https://play.google.com/store/apps/details?id=com.myntra.android
ps_f5b03112-4c8f-4efa-9362-61cccc964e27,play_store,it's very good,5.0,2026-09-01 21:31:06,0,https://play.google.com/store/apps/details?id=com.myntra.android
ps_063cf1a6-705f-47a4-8c94-117eb26b5e26,play_store,excellent 👌🏻,5.0,2026-09-01 21:28:08,0,https://play.google.com/store/apps/details?id=com.myntra.android
ps_9896eb57-3def-4516-bc1c-97c4984e5ccd,play_store,support team don't support,1.0,2026-09-01 21:25:55,0,https://play.google.com/store/apps/details?id=com.myntra.android
ps_be882747-7008-431d-92b1-43c7af5353e9,play_store,happy customer,5.0,2026-09-01 21:25:25,0,https://play.google.com/store/apps/details?id=com.myntra.android
ps_6fed1c69-17ca-45a5-9b20-a0ab96191f87,play_store,its mind-blowing,5.0,2026-09-01 21:24:47,0,https://play.google.com/store/apps/details?id=com.myntra.android
ps_9a1ea73a-b6b2-4d6d-b123-7c1e0c5a7d00,play_store,I had a very bad experience with myntra they cancelled my back to back 04 prepaid orders without any proper reason .,1.0,2026-09-01 21:22:59,0,https://play.google.com/store/apps/details?id=com.myntra.android
ps_c43ed943-cd99-412e-a22d-b16c06ad8e55,play_store,Ankit Chhatarpur Ankit,5.0,2026-09-01 21:21:38,0,https://play.google.com/store/apps/details?id=com.myntra.android
ps_17af5003-3cec-416e-bfbb-56486d216de4,play_store,"sometimes/rarely though, product doesn't get delivered and it doesn't give refund too!! but overall, best app for clothing and stuff.",5.0,2026-09-01 21:21:30,0,https://play.google.com/store/apps/details?id=com.myntra.android
ps_0e3916c7-0a85-4932-a3de-a1842404d6c2,play_store,very good apo,5.0,2026-09-01 21:21:10,0,https://play.google.com/store/apps/details?id=com.myntra.android
ps_8ebe26de-6896-48a0-b485-0f742df1fcdf,play_store,Scamtra!!! Fake products delivered. Return request cancelled.,1.0,2026-09-01 21:17:52,0,https://play.google.com/store/apps/details?id=com.myntra.android
ps_8190dd61-72d2-4cae-b852-7c11bc49a34e,play_store,worst delivery partner no coustomer care always say's ur pin is incorrect. my experience is so bad,1.0,2026-09-01 21:14:40,0,https://play.google.com/store/apps/details?id=com.myntra.android
ps_38e8f199-709f-4c1a-b639-7731d42bcfed,play_store,"First they deliver the wrong product, when you ask for an exchange they refuse saying the tag loop is not matching of product to be exchanged. It's their own internal error that their tag loop number doesn't match or they are tagging incorrectly. Then you keep on calling n emailing them but they will not resolve the issue and not get the right product delivered. As as result you have paid the money already and now you have wrong product which is of no use. Worst app, don't trust them at all.",1.0,2026-09-01 21:13:59,0,https://play.google.com/store/apps/details?id=com.myntra.android
ps_5bcafebe-2b60-4a19-81ee-087a91a09785,play_store,nice design,5.0,2026-09-01 21:11:16,0,https://play.google.com/store/apps/details?id=com.myntra.android
ps_9fc9cbbd-c3fc-4dbc-8c89-c8563c3d6ddf,play_store,good shopping aap,5.0,2026-09-01 21:04:24,0,https://play.google.com/store/apps/details?id=com.myntra.android
ps_c4ae9141-c01f-45b7-b6aa-8dcdeb30d563,play_store,good app to use and genuine products,4.0,2026-09-01 21:04:18,0,https://play.google.com/store/apps/details?id=com.myntra.android
ps_4a50655a-337a-4162-a878-ad7385c4341f,play_store,"it's amazing 👏🏻 shopping, I'm never expect for Myntra for dress quality shoes slippers bag.Everything is amazing 💯",5.0,2026-09-01 20:59:16,0,https://play.google.com/store/apps/details?id=com.myntra.android
ps_a89300ee-0f20-4be0-a001-0b058586e819,play_store,myntra is actually good ...good quality of the product Faster delivery available is actually a good experience with myntra,5.0,2026-09-01 20:56:52,0,https://play.google.com/store/apps/details?id=com.myntra.android
ps_eaa596a3-654f-4074-a987-5daf9ee8ddcc,play_store,great fashion collection 😃🙌🏻,5.0,2026-09-01 20:52:31,0,https://play.google.com/store/apps/details?id=com.myntra.android
ps_c7007cb9-e064-4619-a76a-05485b0727b1,play_store,it's better compared to other,5.0,2026-09-01 20:43:45,0,https://play.google.com/store/apps/details?id=com.myntra.android
ps_f01eaa48-7506-42c8-afa1-580f3431277f,play_store,2 products return money abhi tak nhinaya hai aj 25days se zyada ho chuka hai very poor service jub bhi customer care mai call karta hu ai caller se baat hoti hai but solution nhi milta hai,3.0,2026-09-01 20:40:03,0,https://play.google.com/store/apps/details?id=com.myntra.android
ps_20de12b4-08be-4977-80dc-a6e9723ba6a5,play_store,this shopping app is a wonderful return policy and is also very convenient.,5.0,2026-09-01 20:37:46,0,https://play.google.com/store/apps/details?id=com.myntra.android
ps_59cbf1a5-9644-444c-a0cd-1255eb6b1e89,play_store,very good for all type of shoaping,5.0,2026-09-01 20:35:30,0,https://play.google.com/store/apps/details?id=com.myntra.android
ps_471a4c6e-3173-4d1f-a829-64b2d1a1cc51,play_store,j hoche Good ta,5.0,2026-09-01 20:34:00,0,https://play.google.com/store/apps/details?id=com.myntra.android
ps_d58ad8a1-d0a2-4ee1-984b-021c1bbfb404,play_store,nice app and good for shopping,4.0,2026-09-01 20:26:55,0,https://play.google.com/store/apps/details?id=com.myntra.android
ps_b5e720d2-7bb2-440c-80cd-e0394e842b10,play_store,sometimes I place order and my money got deducted but order are not placed and they don't show in order history,3.0,2026-09-01 20:26:24,0,https://play.google.com/store/apps/details?id=com.myntra.android
ps_499b3d07-9aa9-41d3-906b-719c570f443d,play_store,very nice app to buy some thing online,5.0,2026-09-01 20:23:16,0,https://play.google.com/store/apps/details?id=com.myntra.android
ps_e1f462f7-bdb0-42ab-bf5b-598fa776bc5a,play_store,Fully Satisfied With myntra Brands ♥️♥️,5.0,2026-09-01 20:22:29,0,https://play.google.com/store/apps/details?id=com.myntra.android
ps_2c674a37-b8e2-4043-bc16-4994ca5ef8ab,play_store,because when I ordered my dress I can't get it they say this will come at 20th August and still I can't get it this is a fraud app don't trust it,2.0,2026-09-01 20:21:53,0,https://play.google.com/store/apps/details?id=com.myntra.android
ps_25d94771-a2b7-4c3b-8f84-3210d6edf0e1,play_store,Old and faithful.,5.0,2026-09-01 20:20:55,0,https://play.google.com/store/apps/details?id=com.myntra.android
ps_5f2ceaac-11a0-48ca-80c1-6f11f478f025,play_store,super fast service and many more in just one app,5.0,2026-09-01 20:20:28,0,https://play.google.com/store/apps/details?id=com.myntra.android
ps_908be726-5f3a-4103-809b-6b7e08e20ce4,play_store,best ever app,5.0,2026-09-01 20:16:41,0,https://play.google.com/store/apps/details?id=com.myntra.android
ps_33984e80-bf91-43ac-b890-f65d13ed9334,play_store,been using for a long time and it was very nice 👍 just love it,5.0,2026-09-01 20:15:45,0,https://play.google.com/store/apps/details?id=com.myntra.android
ps_5e8bbbe5-e44d-4438-bdd7-dc929283f8e4,play_store,price high but quality mast 👍,5.0,2026-09-01 20:12:13,0,https://play.google.com/store/apps/details?id=com.myntra.android
ps_62085551-af3e-4d7e-bb6d-800a46b6707b,play_store,"so many fckng brands are on mhntra whose sizes vary so much compared to top brands, a 40 size jeans by spykar and a 3xl tshirt by spykar fits me correctly, but never the other small, new brands fit me. this results is continous returns increasing ur ligistics cost and harrassment for the customer.",1.0,2026-09-01 20:09:31,0,https://play.google.com/store/apps/details?id=com.myntra.android
ps_ec7ff15b-27b4-42d0-a9ac-ccfc9f3738a5,play_store,genuine app for buying quality clothes they never break your trust,5.0,2026-09-01 20:05:36,0,https://play.google.com/store/apps/details?id=com.myntra.android
ps_1628595c-3c60-49a1-8188-63d4e91f5703,play_store,love shopping from myntra,5.0,2026-09-01 20:04:16,0,https://play.google.com/store/apps/details?id=com.myntra.android
ps_85d118e5-4a6f-469b-8c83-fdf16efb72c7,play_store,The quality of the products are good,5.0,2026-09-01 20:00:57,0,https://play.google.com/store/apps/details?id=com.myntra.android
ps_beffce0f-108f-48f7-ba3e-b8c63fbc14c6,play_store,best extraordinary product quality on timing delivery,5.0,2026-09-01 19:59:52,0,https://play.google.com/store/apps/details?id=com.myntra.android
ps_75d3b2f0-06c1-4581-a7dd-abcf49c3f7ee,play_store,very wrost app customer support not active whenever I try to contact with customer care it's show only our agent is busy our agent is busy don't try this app,1.0,2026-09-01 19:58:19,0,https://play.google.com/store/apps/details?id=com.myntra.android
ps_da3a9ce5-40e5-4e34-8541-9ee331050b77,play_store,sabse faltu application 5 times my refund is not getting credited I thought it was a highly demanding application it will not happen but the refund process was the worst. esse acha meesho hai 2 min Mai credit hota hai refund,1.0,2026-09-01 19:57:12,0,https://play.google.com/store/apps/details?id=com.myntra.android
ps_34ee2888-fbe4-4cb0-ad28-ac6ca43b53c3,play_store,useless app,1.0,2026-09-01 19:56:40,0,https://play.google.com/store/apps/details?id=com.myntra.android
ps_cc577116-551b-4bd6-bdfd-809cd5e9a913,play_store,Great fragrance,5.0,2026-09-01 19:55:19,0,https://play.google.com/store/apps/details?id=com.myntra.android
ps_a146ea51-e546-45b0-8d35-0707c476c06c,play_store,Too good 👍 Myntra is best,5.0,2026-09-01 19:49:44,0,https://play.google.com/store/apps/details?id=com.myntra.android
ps_c6ee6a57-087b-44d6-a110-e0721b850927,play_store,"It was a very bad experience, The product was delivered on other locations and it showed me that product has been delivered i am not going to purchase something from myntra any later.",1.0,2026-09-01 19:48:21,0,https://play.google.com/store/apps/details?id=com.myntra.android
ps_281d1d85-133a-45cc-bee0-4c47feb252fd,play_store,nice helpful ... ❤️🙏,1.0,2026-09-01 19:47:55,0,https://play.google.com/store/apps/details?id=com.myntra.android
ps_1caa6be9-238d-4af7-a997-2b266984f178,play_store,current myntra sale offer is a fake one. they have increased prices on products by 30 to 40 % and fooling people's is all aspects.,1.0,2026-09-01 19:46:27,0,https://play.google.com/store/apps/details?id=com.myntra.android
ps_cadce394-60b2-4549-9d80-a896b413342a,play_store,I had a worst experience i have ordered a type-c cable the delivery date given 31 but it not came I called delivery boy he told I forgot then I called to customer service they told we will deliver tomorrow on 1st but it not came again i called to delivery boy he told me your order was kept somewhere in wherehouse then I called to customer service they will be deliver tomorrow and I said them I want it was very urgent they told we will try to solve your problem and not responding calls,1.0,2026-09-01 19:45:24,0,https://play.google.com/store/apps/details?id=com.myntra.android
ps_e52d9f8d-039b-43fb-a278-dbe01654ec55,play_store,stay away from these scamers,1.0,2026-09-01 19:36:48,0,https://play.google.com/store/apps/details?id=com.myntra.android
ps_2d27f216-882c-445b-8ca7-ae93c71052da,play_store,its a good aap,5.0,2026-09-01 19:28:09,0,https://play.google.com/store/apps/details?id=com.myntra.android
ps_f04625bf-5d8c-4084-b6c1-f0a13cedeb68,play_store,"myntra deliver fast, and product are so good. and got reward points",5.0,2026-09-01 19:22:05,0,https://play.google.com/store/apps/details?id=com.myntra.android
ps_2db2e700-afc1-4cc2-8f31-a233d4752aab,play_store,good app for the FASIHON LOVERS,5.0,2026-09-01 19:20:07,0,https://play.google.com/store/apps/details?id=com.myntra.android
ps_2449e859-569d-4997-ac0d-c152c090252a,play_store,great products.,5.0,2026-09-01 19:19:55,0,https://play.google.com/store/apps/details?id=com.myntra.android
ps_3689f4c9-3338-4de7-a0c7-b43e60b11d8d,play_store,myntra is wonderful app to buy,5.0,2026-09-01 19:18:12,0,https://play.google.com/store/apps/details?id=com.myntra.android
ps_1958404a-d374-4bce-8eee-2e3356fa7fc9,play_store,it's very fancy way of shopping,5.0,2026-09-01 19:17:02,0,https://play.google.com/store/apps/details?id=com.myntra.android
ps_3786e1dc-fc65-4f21-a1b7-2dad5ddaea39,play_store,very good experience,5.0,2026-09-01 19:15:38,0,https://play.google.com/store/apps/details?id=com.myntra.android
ps_8dd7df85-8066-4de5-9b04-7441d1d492dd,play_store,better app for shopping,5.0,2026-09-01 19:15:35,0,https://play.google.com/store/apps/details?id=com.myntra.android
ps_692252b6-e12c-484d-9f95-8b8810f04eba,play_store,best experience and prices among all online platforms,5.0,2026-09-01 19:12:39,0,https://play.google.com/store/apps/details?id=com.myntra.android
ps_55a20d2c-52a5-4929-b23c-cf9c9b9483ad,play_store,super app for purchase,5.0,2026-09-01 19:08:10,0,https://play.google.com/store/apps/details?id=com.myntra.android
ps_de44fb0f-8f3a-4106-8b77-e66485c26062,play_store,better comfortable 👍,4.0,2026-09-01 19:02:58,0,https://play.google.com/store/apps/details?id=com.myntra.android
ps_e5d45fe6-be15-426b-b4a2-83c1166d191b,play_store,myntra good,5.0,2026-09-01 19:02:27,0,https://play.google.com/store/apps/details?id=com.myntra.android
ps_eab1c21d-cdb0-42e5-a9f3-6cd473fa2ae8,play_store,This is the best shopping app,5.0,2026-09-01 18:57:43,0,https://play.google.com/store/apps/details?id=com.myntra.android
ps_cc9c8773-c6ea-4d87-9bc1-0344bcfe47ab,play_store,speed delivery and nice package,5.0,2026-09-01 18:53:26,0,https://play.google.com/store/apps/details?id=com.myntra.android
ps_28a5e43d-8edb-4537-861d-3a22164afaf3,play_store,great app for the fashion i got every stylish product on myntra thankuy so much myntra 😍😍😍😍😍😍,5.0,2026-09-01 18:52:46,0,https://play.google.com/store/apps/details?id=com.myntra.android
ps_b6aaca96-c04b-4621-9a48-92d3b02a5942,play_store,Good price and Nice quality in myntra✌️,5.0,2026-09-01 18:41:40,0,https://play.google.com/store/apps/details?id=com.myntra.android
ps_74df8b3a-fdaa-4499-8b0c-3c625e215d3e,play_store,Myntra you are awesome give lots of offers/ discount I am very much satisfied with product whatever I purchase🩷🩷,5.0,2026-09-01 18:40:42,0,https://play.google.com/store/apps/details?id=com.myntra.android
ps_45baea14-07c9-4442-9d52-c5090f0b9843,play_store,they send another product which I was not order then I want to return product they declined the return request and extend the date day by day and they didn't accept they're mistake..and customer service they provide is very poor they didn't help to mee,1.0,2026-09-01 18:37:27,0,https://play.google.com/store/apps/details?id=com.myntra.android
ps_b02be376-2657-46f8-9097-1d8f909c1db2,play_store,i didn't expect this much excellent quality of clothes i loved them ...i used them on my birthday and many people gave me compliments...best quality and without any inconveniences received this order,5.0,2026-09-01 18:30:41,0,https://play.google.com/store/apps/details?id=com.myntra.android
ps_12b6d65c-c360-4f42-950b-c690a2d0d19f,play_store,Good quality products available,5.0,2026-09-01 18:29:40,0,https://play.google.com/store/apps/details?id=com.myntra.android
ps_15372a54-4cbf-4410-a575-e4903b05df10,play_store,best online shopping app,5.0,2026-09-01 18:29:17,0,https://play.google.com/store/apps/details?id=com.myntra.android
ps_562cb64d-e165-4189-85f7-2a0800f527f7,play_store,Good app with easy return policy of exchange,5.0,2026-09-01 18:24:59,0,https://play.google.com/store/apps/details?id=com.myntra.android
ps_ec736295-b4e0-4530-baa1-8e2ca34bf4ff,play_store,I'm so obsessed with myntra,5.0,2026-09-01 18:23:58,0,https://play.google.com/store/apps/details?id=com.myntra.android
ps_c0db1cc4-6c8f-41a3-ac54-ebada35a00a7,play_store,user friendly application and nice product .,5.0,2026-09-01 18:22:24,0,https://play.google.com/store/apps/details?id=com.myntra.android
ps_cdebc64f-baa1-4dea-b3a6-d38c648d82db,play_store,"love it, in free time",5.0,2026-09-01 18:10:24,0,https://play.google.com/store/apps/details?id=com.myntra.android
ps_62b9c665-d29d-403f-a354-8bb29d5e340b,play_store,worst customer service... thuu,3.0,2026-09-01 18:09:49,0,https://play.google.com/store/apps/details?id=com.myntra.android
ps_08377720-4426-41ae-aec5-553c74b5e8de,play_store,good shopping app,5.0,2026-09-01 18:09:33,0,https://play.google.com/store/apps/details?id=com.myntra.android
ps_8e3f1e80-34b0-41ae-9790-21df50e8a86b,play_store,Good product we found in myntra,5.0,2026-09-01 18:08:31,0,https://play.google.com/store/apps/details?id=com.myntra.android
ps_f51a2beb-ef53-43b5-be96-b854895b4083,play_store,awsm app ❤️❤️,5.0,2026-09-01 18:07:27,0,https://play.google.com/store/apps/details?id=com.myntra.android
ps_1360f0a2-3f7a-43ae-8b0e-56115fe04d92,play_store,"Too good, I'm lovin it :)",5.0,2026-09-01 18:06:34,0,https://play.google.com/store/apps/details?id=com.myntra.android
ps_dd154f3f-2d2d-4606-80a2-4952de3dceea,play_store,Exact product delivered in time .Easy exchange policy,5.0,2026-09-01 18:06:08,0,https://play.google.com/store/apps/details?id=com.myntra.android
ps_fd2d4800-1485-4165-b0df-df38e56c10d1,play_store,all products are nice,4.0,2026-09-01 18:05:45,0,https://play.google.com/store/apps/details?id=com.myntra.android
ps_8bd9b3bb-c9bb-45c5-a26f-60e73dc6ce78,play_store,It's great to see a variety of products.,5.0,2026-09-01 18:01:37,0,https://play.google.com/store/apps/details?id=com.myntra.android
ps_1d6e819b-837a-4d21-a870-22ed9ca5fab2,play_store,"No need for introduction as it's already a brand now. Only one observation, reduce platform fee if not possible then don't charge extra for COD.",3.0,2026-09-01 17:54:38,5,https://play.google.com/store/apps/details?id=com.myntra.android
ps_0a81cf06-a171-4e94-9c2e-96e6fc491fea,play_store,nice to visit this website,5.0,2026-09-01 17:53:16,0,https://play.google.com/store/apps/details?id=com.myntra.android
ps_be1edaba-bd59-460a-855f-7867db01b212,play_store,this is nice app,5.0,2026-09-01 17:53:14,0,https://play.google.com/store/apps/details?id=com.myntra.android
ps_9e09a233-04d7-4f0d-8e92-e4f2d56739fd,play_store,bad experience,1.0,2026-09-01 17:52:58,0,https://play.google.com/store/apps/details?id=com.myntra.android
ps_634ddad9-a56a-4eb6-88d9-7e40845e6c8d,play_store,quality products,5.0,2026-09-01 17:51:05,0,https://play.google.com/store/apps/details?id=com.myntra.android
ps_27fbbeb5-8f22-4c57-a597-95ff6fa20aea,play_store,it was awesome,5.0,2026-09-01 17:49:55,0,https://play.google.com/store/apps/details?id=com.myntra.android
ps_bb0660b5-6aa4-4745-b168-a3c08e61a93a,play_store,I love Myntra always 👑💗😋👌👌👌,5.0,2026-09-01 17:48:43,0,https://play.google.com/store/apps/details?id=com.myntra.android
ps_fcbf2256-363c-4528-b02f-33fb181700c6,play_store,"Genuinely the worst online shopping app ,their return policy is so diappointing like it's already been 4-5 days since they had marked the refund initiation but I haven't received it yet .Their customer care support really sucks ,everytime I try to contact them it's always that AI automated support and on demanding human care support they just state they are busy all the time . Poor app ,poor service!",1.0,2026-09-01 17:47:45,0,https://play.google.com/store/apps/details?id=com.myntra.android
ps_a27f2897-892c-43f2-a1ae-e2712cfd9f9f,play_store,nice app real products also served well,4.0,2026-09-01 17:47:27,0,https://play.google.com/store/apps/details?id=com.myntra.android
ps_4b585767-9dcb-49f0-a7ce-81acc56fcdda,play_store,bahut achha,5.0,2026-09-01 17:46:36,0,https://play.google.com/store/apps/details?id=com.myntra.android
ps_cd4d8a3a-1603-499d-b9bb-adf676ae5cf7,play_store,I had fantastic experience in myntra shoping,5.0,2026-09-01 17:45:58,0,https://play.google.com/store/apps/details?id=com.myntra.android
ps_4196bc19-ae59-4946-bf6f-b9e491489deb,play_store,myntra product is very bad 😞 I have a very bad experience 😭 customer service third class 😞,1.0,2026-09-01 17:45:47,0,https://play.google.com/store/apps/details?id=com.myntra.android
ps_4cb2c7f1-84a2-43d6-b7e3-e70cbe817e05,play_store,"mind-blowing app , This is better than any other shopping app and quality is soo soo soo good that I can't go anywhere to buy any clothes, it is the only platform that I prefer for shopping clothes , and I am very satisfied for its service performance, it is also very affordable collection of cloths with best quality, I am very glad that I have myntra",5.0,2026-09-01 17:44:31,0,https://play.google.com/store/apps/details?id=com.myntra.android
ps_47f8511a-2668-48a8-850c-5675472e2776,play_store,very nice app,4.0,2026-09-01 17:39:52,0,https://play.google.com/store/apps/details?id=com.myntra.android
ps_f4d1a7d9-fbdc-4064-8b74-2c3a91de1cb5,play_store,"No matter how expensive the products in my order history, almost all of them turned out to be fake, sometimes a very good quality copy and sometimes a cheap copy but the fake items sent to me over years remain consistent, almost all. and finally fake perfumes today(which were very expensive) was the final nail in the coffin, logging out uninstalling with the intention of never using it again.",1.0,2026-09-01 17:37:31,0,https://play.google.com/store/apps/details?id=com.myntra.android
ps_1262b8a7-67b7-44df-820e-9b15c9ef6e78,play_store,best application for shopping anytime anything,5.0,2026-09-01 17:33:55,0,https://play.google.com/store/apps/details?id=com.myntra.android
ps_75e58745-6f20-43e1-a43f-2b60ce3ae7b5,play_store,"pay later option dekar bohot accha kya h , review dene k liye bohot accha huwa h thank you so much, everything is so good about your app , platform fees or increase mat kariyega 🥲",4.0,2026-09-01 17:27:53,0,https://play.google.com/store/apps/details?id=com.myntra.android
ps_ef35750f-b4ec-4685-8d5a-161e771be448,play_store,Needs lot of improvement.,1.0,2026-09-01 17:24:00,0,https://play.google.com/store/apps/details?id=com.myntra.android
ps_11cb420c-c6b3-4fdb-ab6a-e3790cba8c6d,play_store,Wide variety of products at best price,5.0,2026-09-01 17:21:13,0,https://play.google.com/store/apps/details?id=com.myntra.android
ps_80ae34d0-89d8-4812-9f13-3cc317273096,play_store,best platform to buy at good rate. all world class product.,5.0,2026-09-01 17:20:59,0,https://play.google.com/store/apps/details?id=com.myntra.android
ps_39b1abad-1c77-4fdd-b17c-d4a0ea29ba7a,play_store,very good working app,5.0,2026-09-01 17:17:38,0,https://play.google.com/store/apps/details?id=com.myntra.android
ps_6f4e4e82-bf50-4a27-8386-b2ba4d3c9fbd,play_store,best experience in shopping,5.0,2026-09-01 17:16:53,0,https://play.google.com/store/apps/details?id=com.myntra.android
ps_926f84c1-1813-4e44-a3fd-876f8416ead0,play_store,Good quality dress at affordable price.,5.0,2026-09-01 17:15:19,0,https://play.google.com/store/apps/details?id=com.myntra.android
ps_c4dee377-8a93-41c9-8816-0d719bab2ca0,play_store,"Horrible experience. I had ordered a pair of shoes and I received a different one, old, torn off, probably a local shoe. very much disappointed and will never going to buy anything from them.",1.0,2026-09-01 17:12:47,0,https://play.google.com/store/apps/details?id=com.myntra.android
ps_ec11fe7d-4ebf-478a-bf54-384186dfe1cc,play_store,"Feedback Regarding Platform Fee Dear Myntra Team, I have been a regular Myntra customer and really appreciate the variety, discounts and shopping experience on your platform. However, the additional platform fee on every order feels unnecessary, especially when customers are already paying for the products and, in some cases, delivery charges. I request Myntra to completely remove the platform fee, or at least reduce it to a nominal amount such as ₹5–₹10 per order. thank you",3.0,2026-09-01 17:10:47,0,https://play.google.com/store/apps/details?id=com.myntra.android
ps_589f59d4-34b0-4128-8370-8a28328ccf05,play_store,"dear mytra please available hassale free return option.. my experience is very bad about this.. I'm a valuable customer of mytraa but still whenever I returned any product, the delivery executive make a scene in front of my house.. it's so embarrassing for me. please work on it. atleast they should know the value of old customer and how to treat them.",2.0,2026-09-01 17:07:18,0,https://play.google.com/store/apps/details?id=com.myntra.android
ps_129cd75a-ef12-46a1-bd41-59387380245a,play_store,good for shopping,5.0,2026-09-01 17:02:17,0,https://play.google.com/store/apps/details?id=com.myntra.android
ps_e856ecc9-7b40-4760-9a4d-866b14a08ffe,play_store,"best app for hassle free shipping with easy replacements and returns, they also have a feature called myntra now for instant delivery for your last minute plans",5.0,2026-09-01 17:00:02,0,https://play.google.com/store/apps/details?id=com.myntra.android
ps_ada3df6f-544f-42b8-a0f1-96bbe6c58b43,play_store,"I don't know what happened to Mytra , recently it started cheating the customers.To complain any grievance regarding our orders there is no way contacting customer care in recent times, that is why my rating dropped to 1 star from 4.5 star .",1.0,2026-09-01 16:59:56,0,https://play.google.com/store/apps/details?id=com.myntra.android
ps_a634024f-1c38-439c-ac42-cc55b9f7bfaf,play_store,this app is very good and genuine and the experience of myn cash is very good and it is very nice btw.,4.0,2026-09-01 16:56:22,0,https://play.google.com/store/apps/details?id=com.myntra.android
ps_1c737626-b98c-4fa9-af8a-e28ed544a0da,play_store,bahut accha shopping app hai,5.0,2026-09-01 16:55:35,0,https://play.google.com/store/apps/details?id=com.myntra.android
ps_6ad463ec-d594-4e82-a13b-8339f7636c9e,play_store,very good product,5.0,2026-09-01 16:49:08,0,https://play.google.com/store/apps/details?id=com.myntra.android
ps_8edb32dc-6b4b-4d72-a0e8-41932e66700b,play_store,"I must say flipkart played well , on the name of brand myntra sell products 2-3 hundred more than it its cost on other sites, also when they give refund they keep some money in the myncash n when u use them before expiry but return the products ,they simply keep your cash be it 100 or 1000 i would not appreciate such policy",3.0,2026-09-01 16:43:35,1,https://play.google.com/store/apps/details?id=com.myntra.android
ps_78ddc0a2-afe2-441d-8b87-c4419ff4c53d,play_store,very useful,5.0,2026-09-01 16:41:10,0,https://play.google.com/store/apps/details?id=com.myntra.android
ps_692c1553-2a40-4e94-ba0c-c28b1158d70c,play_store,I love it 😁,5.0,2026-09-01 16:39:39,0,https://play.google.com/store/apps/details?id=com.myntra.android
ps_ba3e109a-332a-44e0-a88f-29662fe8faf4,play_store,orginal brand,5.0,2026-09-01 16:39:39,0,https://play.google.com/store/apps/details?id=com.myntra.android
ps_2866a1a1-715e-4784-806e-932af73d0122,play_store,genuine products.,5.0,2026-09-01 16:35:55,0,https://play.google.com/store/apps/details?id=com.myntra.android
ps_b554af37-40a8-4eb4-98b5-6c156115bc36,play_store,Amazing product.,5.0,2026-09-01 16:33:21,0,https://play.google.com/store/apps/details?id=com.myntra.android
ps_cc16228f-5072-494e-8fa3-5059e1f76737,play_store,quality of shoes are good,5.0,2026-09-01 16:32:54,0,https://play.google.com/store/apps/details?id=com.myntra.android
ps_dbc571b4-325c-4941-a756-b735b8659f2a,play_store,super comfortable footwear 😍👏👍,5.0,2026-09-01 16:29:44,0,https://play.google.com/store/apps/details?id=com.myntra.android
ps_efae97c3-5801-4976-ae4e-30c96a5443db,play_store,good product 💗💗,5.0,2026-09-01 16:28:51,0,https://play.google.com/store/apps/details?id=com.myntra.android
ps_643292bc-0ef7-4ba0-a422-6b4e869ef0e4,play_store,"mnow is very quick delivery, my order was delivered within 30min I just love myntra",5.0,2026-09-01 16:16:03,0,https://play.google.com/store/apps/details?id=com.myntra.android
ps_653c039e-2db7-4e0a-b972-0b002d3d05ef,play_store,nice for clothes,5.0,2026-09-01 16:15:30,0,https://play.google.com/store/apps/details?id=com.myntra.android
ps_e8692dd7-a705-4950-a864-1e4a4baef2e4,play_store,good quality shopping app,5.0,2026-09-01 16:11:27,0,https://play.google.com/store/apps/details?id=com.myntra.android
ps_5ea1b497-0e8a-4230-823e-d1f7633a8419,play_store,very good.. amazing product,5.0,2026-09-01 16:08:08,0,https://play.google.com/store/apps/details?id=com.myntra.android
ps_2b869ee5-c382-4c33-8dea-17229a0de96b,play_store,Nice 👍🏻 Quality With Brand,5.0,2026-09-01 16:01:43,0,https://play.google.com/store/apps/details?id=com.myntra.android
ps_2cb3e097-0e00-4de0-908f-14bf5077e96b,play_store,"Worst experience with Myntra! I ordered 2 bedsheets today, but Myntra cancelled my order without any proper notice and tagged me as a “fraud user.” Customer care simply asked me to reorder, but the price has now doubled! I ordered when the products were at the original price, and now I’m expected to pay twice because of Myntra’s mistake. This is not the 1st time, it is always the case.Extremely unfair and disgusting service. Never ordering again!",1.0,2026-09-01 15:56:18,0,https://play.google.com/store/apps/details?id=com.myntra.android
ps_4cec8c94-6fc7-40c0-ad82-c27231283fc1,play_store,nice this app and jo saman amazon per and flipkart per nhi milta bo yaha mill jata hai thank you Myntra,5.0,2026-09-01 15:54:16,0,https://play.google.com/store/apps/details?id=com.myntra.android
ps_60fb8f5f-fc43-46c6-a36d-b6464055079b,play_store,I love it for low price % 🥺,5.0,2026-09-01 15:52:32,0,https://play.google.com/store/apps/details?id=com.myntra.android
ps_8bf06144-c2d9-4a54-bc8e-abf631d9b585,play_store,Serves my purpose and i am super happy about it. has given great shopping experience with a wide range of products that are cost effective.,5.0,2026-09-01 15:50:20,0,https://play.google.com/store/apps/details?id=com.myntra.android
ps_e5e91fd5-62f7-431b-93cd-66e758235f82,play_store,best deals best prices. always trust worthy.,5.0,2026-09-01 15:48:10,0,https://play.google.com/store/apps/details?id=com.myntra.android
ps_c760350d-7c66-4253-8bf2-ca51e981c196,play_store,Great platform to buy any one,5.0,2026-09-01 15:45:31,0,https://play.google.com/store/apps/details?id=com.myntra.android
ps_ba574e74-ce3c-465f-b703-43b9e022db4a,play_store,best Service,5.0,2026-09-01 15:39:14,0,https://play.google.com/store/apps/details?id=com.myntra.android
ps_bbd0e544-c0e7-490f-97c1-9758d48b027e,play_store,"Worst customer support, their chat agents don't even know how to check the requests raised on return, Myntra Now is a disaster, they deliver a wrong product and the return would take years for them",1.0,2026-09-01 15:36:54,1,https://play.google.com/store/apps/details?id=com.myntra.android
ps_c62cc90a-52b7-4c78-8299-5f5fa4499188,play_store,wow experience,5.0,2026-09-01 15:34:04,0,https://play.google.com/store/apps/details?id=com.myntra.android
ps_4656e0c7-1f8e-4b32-8113-0f08fdc7da0f,play_store,trustable app. always received good products,5.0,2026-09-01 15:31:52,0,https://play.google.com/store/apps/details?id=com.myntra.android
ps_09b93e2e-e46c-42fb-b751-6f0b2d1085a4,play_store,it's amazing,5.0,2026-09-01 15:30:37,0,https://play.google.com/store/apps/details?id=com.myntra.android
ps_9867d8a2-b5db-4794-baa5-e2d60356581f,play_store,Very good app,5.0,2026-09-01 15:27:26,0,https://play.google.com/store/apps/details?id=com.myntra.android
ps_e49bddf4-05d0-4853-829a-30e55cc1de37,play_store,Worst Customer Service Always go for other Shopping Platforms Unnecessary Platform Fees increasing a product price,1.0,2026-09-01 15:25:55,0,https://play.google.com/store/apps/details?id=com.myntra.android
ps_407c30be-aaff-43c5-a738-02fb54676683,play_store,the quality is.very good,5.0,2026-09-01 15:24:42,0,https://play.google.com/store/apps/details?id=com.myntra.android
ps_de1c6ea4-ed69-4079-bd15-68d458bd0dd9,play_store,Best app for purchasing products,5.0,2026-09-01 15:13:53,0,https://play.google.com/store/apps/details?id=com.myntra.android
ps_d00ebd69-0410-4ac3-a323-b5fb93034a54,play_store,it's really very good platform fastest delivery if you are in urgency,5.0,2026-09-01 15:11:34,0,https://play.google.com/store/apps/details?id=com.myntra.android
ps_54c45d40-90fe-4962-b519-fab548c84621,play_store,"Myntra is a best shopping app . product quality is too good .fast sevice ,easy return facilities. m very happy with myntra.🤩👍👍👍",5.0,2026-09-01 15:11:24,0,https://play.google.com/store/apps/details?id=com.myntra.android
ps_1a216ea6-f9bb-4805-b6a8-e0116f1b4920,play_store,products as like images and quality is awesome,5.0,2026-09-01 15:03:45,0,https://play.google.com/store/apps/details?id=com.myntra.android
ps_9e5b7ca3-aef4-45d4-98e6-51344d804986,play_store,nice application,5.0,2026-09-01 15:03:02,0,https://play.google.com/store/apps/details?id=com.myntra.android
ps_6219cd0a-4c24-4683-8b54-f30ee2d508d9,play_store,amazing experience,5.0,2026-09-01 15:02:51,0,https://play.google.com/store/apps/details?id=com.myntra.android
ps_acbf196c-50a7-4b5c-814c-cf38a839b3f3,play_store,love this app and his rating rewards,5.0,2026-09-01 15:01:17,0,https://play.google.com/store/apps/details?id=com.myntra.android
ps_cc71bdb1-a796-4f93-b81b-c6a32a243640,play_store,worst customer care experience... my query have been unsolved from 1 month.. they just keep demanding more time and do nothing,1.0,2026-09-01 15:00:59,1,https://play.google.com/store/apps/details?id=com.myntra.android
ps_244aeb88-9202-4968-ad30-76b973cbdc01,play_store,Discount please 🥺,4.0,2026-09-01 14:56:45,0,https://play.google.com/store/apps/details?id=com.myntra.android
ps_54a3ac6a-5daf-4fe6-90cb-ea4588048f6a,play_store,fashion ka adda hai adda,5.0,2026-09-01 14:56:31,0,https://play.google.com/store/apps/details?id=com.myntra.android
ps_ae29aebf-5163-41c0-91eb-692384297f79,play_store,"WORST APP! i ordered a dress from 30 mins section and it was supposed to be delivered on the same day in 89 mins but when I again checked the app the order was showned as delivered while I haven't received it not my anyone from my family received it and i didn't get any call also and when I sent a email to them they asked me to give them the order details and when I give they aren't taking any kind of action just responding with same email again and again, i want my full refund ( i payed 511 ).",1.0,2026-09-01 14:54:09,0,https://play.google.com/store/apps/details?id=com.myntra.android
ps_ae4dcca2-e68a-4de5-b06c-eaa836e09c74,play_store,this is best app i ever seen 😭💗 it is the one of the best app for purchasing cloth mainly and everything and the product quality was so amazing i didn't expect this much of quality in this app iam reallyy happy to share this experience with youu guyss 😭💗✨,5.0,2026-09-01 14:52:24,0,https://play.google.com/store/apps/details?id=com.myntra.android
ps_4ad8ae8d-662f-4150-94fa-8f5b4101944b,play_store,very user friendly. I have been using this for 10+ years. excellent,4.0,2026-09-01 14:52:06,0,https://play.google.com/store/apps/details?id=com.myntra.android
ps_ce82895f-0952-492d-b609-6fff1bde5cea,play_store,best product app,5.0,2026-09-01 14:50:17,0,https://play.google.com/store/apps/details?id=com.myntra.android
ps_6389220a-b0c1-4329-b1d9-0d7990aa45d8,play_store,good quality clothes,5.0,2026-09-01 14:46:37,0,https://play.google.com/store/apps/details?id=com.myntra.android
ps_ed3e8e5c-fa2c-4b31-8595-390cb7fe0095,play_store,"Good quality products with reasonable prices,very good experience with Myntra",5.0,2026-09-01 14:45:32,0,https://play.google.com/store/apps/details?id=com.myntra.android
ps_d4d36537-a645-40dc-aacf-f17982be7a80,play_store,myntra app is really trustable because it's delivered geniune product as seen in the screen really love to shop in myntra,5.0,2026-09-01 14:43:52,0,https://play.google.com/store/apps/details?id=com.myntra.android
ps_bbdb0c81-14fa-4ae7-8b24-537560f80145,play_store,it is amazing app for shopping.. good quality clothes are available!,5.0,2026-09-01 14:40:57,0,https://play.google.com/store/apps/details?id=com.myntra.android
ps_38104d5b-eade-4d80-a7bc-5d7d9001ba9d,play_store,Myntra is one of my favourite and go to application too keep us with fashion and style and to maintain a beautiful wardrobe,5.0,2026-09-01 14:39:30,0,https://play.google.com/store/apps/details?id=com.myntra.android
ps_4743fc8c-b2aa-4e73-b5a4-c461503b181f,play_store,service is very nice but we write reviews and better luck next time now I never write reviews,4.0,2026-09-01 14:38:54,0,https://play.google.com/store/apps/details?id=com.myntra.android
ps_8ba45397-2607-4352-9fe7-8fc9ba495b8f,play_store,thanks mintra,5.0,2026-09-01 14:37:29,0,https://play.google.com/store/apps/details?id=com.myntra.android
ps_bf5734de-3452-4110-8d40-158a4c3ccc54,play_store,very soft & comfortable fabric,5.0,2026-09-01 14:32:53,0,https://play.google.com/store/apps/details?id=com.myntra.android
ps_177ed322-19e6-4178-9112-ae65c81e9147,play_store,always best 👍,5.0,2026-09-01 14:30:59,0,https://play.google.com/store/apps/details?id=com.myntra.android
ps_04f0c3f5-6053-4e91-9ef2-9828385cbab2,play_store,fast delivery...good,5.0,2026-09-01 14:29:47,0,https://play.google.com/store/apps/details?id=com.myntra.android
ps_2e4e3bad-026b-45e4-891f-9ab49c0d5630,play_store,so useful application,5.0,2026-09-01 14:28:20,0,https://play.google.com/store/apps/details?id=com.myntra.android
ps_36f39285-3483-4978-b315-cd3569852066,play_store,"I've been using Myntra for years, and honestly, it has been an amazing experience! From the wide variety and quality of products to timely delivery and excellent customer support, everything has been consistently great. Myntra has always been one of my go-to shopping apps, and I've had a truly wonderful experience using it.",5.0,2026-09-01 14:27:49,0,https://play.google.com/store/apps/details?id=com.myntra.android
ps_bf0c5819-7b90-4b11-a335-f23a5e5db405,play_store,can't tell worst,4.0,2026-09-01 14:18:27,0,https://play.google.com/store/apps/details?id=com.myntra.android
ps_dc7b9a9c-7b99-43c7-b738-a3c0e30d9924,play_store,this is the best app ever everything is available here at a lower price,5.0,2026-09-01 14:17:01,0,https://play.google.com/store/apps/details?id=com.myntra.android
ps_d72d2870-f2f4-404d-8566-61c5e048133a,play_store,good application,5.0,2026-09-01 14:12:55,0,https://play.google.com/store/apps/details?id=com.myntra.android
ps_e6e975b3-3611-4edd-ae8f-20c82672b5b7,play_store,this app is really too good,4.0,2026-09-01 14:11:40,0,https://play.google.com/store/apps/details?id=com.myntra.android
ps_fb1fb75f-b261-40ac-93f2-b3a4a1577f1b,play_store,happy for the services,5.0,2026-09-01 14:09:57,0,https://play.google.com/store/apps/details?id=com.myntra.android
ps_36e42e33-9cc9-4e71-b114-f302141fee3e,play_store,very intuitive app,5.0,2026-09-01 14:04:24,0,https://play.google.com/store/apps/details?id=com.myntra.android
ps_0b47fc37-88bc-4c49-8746-eccb66fd8eea,play_store,"Terrible experience with the delivery system and customer service is trying to be way more terrible than the prior. Rewriting the review after a year, still horrible service with delivery and customer service.. horrible shopping experience.",1.0,2026-09-01 14:02:46,0,https://play.google.com/store/apps/details?id=com.myntra.android
ps_f72da530-d069-4144-aaab-8f68839625a9,play_store,cloth not good,1.0,2026-09-01 14:02:04,0,https://play.google.com/store/apps/details?id=com.myntra.android
ps_0c64bf74-ae2a-4009-8b84-efe6aaae6e5e,play_store,"Best for Women, Men, Kids Fashion & Lifestyle in India. India's Fashion Expert brings you a variety of footwear, Clothing, Accessories and lifestyle products and budget friendly",5.0,2026-09-01 13:57:07,0,https://play.google.com/store/apps/details?id=com.myntra.android
ps_87c033ea-34f3-4338-81ea-958fd8df531b,play_store,bahut hi achha product milata hai mantra aap par . aap log is aap par bina dare koyi bhi saman oder kar sakte hai jo product jaisa dikhata h same wahi product order karne par aata h . bina dare huye aap log bhi hamari tarah oder kar sakte hai. jaisa aap saman kharidenge wahi same product milata hai aur koyi bhi product karab aata hai to aap toh use return bhi kar sakte hai. jisa aap oder karenge same wahi product aata hai. ordered karane ke liye thanku so much. product use karke aap log dekh,5.0,2026-09-01 13:55:18,0,https://play.google.com/store/apps/details?id=com.myntra.android
ps_4077f073-5de4-45f9-b4ca-2a307af0272b,play_store,"Lenskart and other apps offer delivery within 2 days, while Myntra, Flipkart, on the other hand, show 5-6 days for delivery of orders and an expected delivery of 7-8 days.",1.0,2026-09-01 13:53:58,0,https://play.google.com/store/apps/details?id=com.myntra.android
ps_91226b1a-3a7f-4835-8346-f02c6d810d54,play_store,"Myntra has a great collection of clothes, and I really like the quality of the products. The fabric feels good, and the overall shopping experience has been great. Highly recommended!❤️✨",5.0,2026-09-01 13:53:57,0,https://play.google.com/store/apps/details?id=com.myntra.android
ps_5ada7711-5953-43b3-9a5e-37ff3b8e03a2,play_store,I bought an item but it delivered a different item I sent a request to send it back again but the item is not returned my money has not been sent to me it shows my request is in process,1.0,2026-09-01 13:49:34,0,https://play.google.com/store/apps/details?id=com.myntra.android
ps_de3193b3-5062-4e0a-9f08-d352f0cc363f,play_store,very nice fast delevery,5.0,2026-09-01 13:48:50,0,https://play.google.com/store/apps/details?id=com.myntra.android
ps_8a24e1a7-5399-4d37-9e7c-4c227e43a2b3,play_store,I have been using myntra for 2 years ..I am very satisfied with the product .It has large number of collection and Myntra is my go to go app... the features of express delivery are also good ...If you require something urgently it has the option of express delivery I really love it.. go for it .☺️,5.0,2026-09-01 13:48:48,0,https://play.google.com/store/apps/details?id=com.myntra.android
ps_32f3f2cb-b309-46cb-b856-9c6c54a2f675,play_store,fantastic 😊,5.0,2026-09-01 13:48:20,0,https://play.google.com/store/apps/details?id=com.myntra.android
ps_2b1c42b5-ec58-4bd0-874a-945a9732be1b,play_store,best fashion app ever,5.0,2026-09-01 13:48:04,0,https://play.google.com/store/apps/details?id=com.myntra.android
ps_5bb89dc5-10a2-4a49-a22e-2dffc8a97590,play_store,Great appreciation Very much rewarding,5.0,2026-09-01 13:48:00,0,https://play.google.com/store/apps/details?id=com.myntra.android
ps_9a9920b1-e6bd-47e1-a45d-a52c8c3fc295,play_store,quality app with quality products...,5.0,2026-09-01 13:46:58,0,https://play.google.com/store/apps/details?id=com.myntra.android
ps_9eaee63a-2f1d-4fde-994f-7084b3c14862,play_store,One thing about this aap is promising that you will not get what you ordered 😂,1.0,2026-09-01 13:44:47,0,https://play.google.com/store/apps/details?id=com.myntra.android
ps_043673b8-defb-4071-8164-aee7c1a4ffcb,play_store,very good app,5.0,2026-09-01 13:43:51,0,https://play.google.com/store/apps/details?id=com.myntra.android
ps_2a54be7c-dc55-4689-8177-d2cd3a160986,play_store,trusted app,5.0,2026-09-01 13:42:06,0,https://play.google.com/store/apps/details?id=com.myntra.android
ps_9b480d33-0063-45ff-8eea-201869c267bd,play_store,best free cash gift me 200 product free,5.0,2026-09-01 13:38:36,0,https://play.google.com/store/apps/details?id=com.myntra.android
ps_1999acea-8f24-4cc5-be42-529060548f65,play_store,this shopping aap is very good.,5.0,2026-09-01 13:36:39,0,https://play.google.com/store/apps/details?id=com.myntra.android
ps_dc51bc28-5bf2-404a-9f46-1a582eb9b7ae,play_store,myntra is my mall my world my all things...i love myntra...myntra is awesome app for all ages...till the death i am using myntra...❤️❤️,5.0,2026-09-01 13:36:01,0,https://play.google.com/store/apps/details?id=com.myntra.android
ps_e8f2b0dc-c39a-467e-9d3d-8253da05f22a,play_store,excellent quality and colour is also quite good,5.0,2026-09-01 13:35:08,0,https://play.google.com/store/apps/details?id=com.myntra.android
ps_aaa00ca8-d2a6-468c-993b-99582eca36b1,play_store,all item will me genuinely happy product,5.0,2026-09-01 13:32:19,0,https://play.google.com/store/apps/details?id=com.myntra.android
ps_e8666a65-f958-4cc9-a5e4-7e4c3bc98437,play_store,"quick order, quick delivery and quick cash back",5.0,2026-09-01 13:26:14,0,https://play.google.com/store/apps/details?id=com.myntra.android
ps_7a5541ef-b560-4277-887f-fa8d09ca055a,play_store,thank you meesho,5.0,2026-09-01 13:21:46,0,https://play.google.com/store/apps/details?id=com.myntra.android
ps_1e23802f-296b-4ea7-926a-3c445dc4ea8b,play_store,Better quality then expected,5.0,2026-09-01 13:17:33,0,https://play.google.com/store/apps/details?id=com.myntra.android
ps_79cafbd5-2042-4962-808e-655dd9333cb6,play_store,now they are doing frauds in delivering the products. without delivering the product they updated the item delivered in app. recently I faced the same issue. please avoid to use the app.,1.0,2026-09-01 13:15:57,0,https://play.google.com/store/apps/details?id=com.myntra.android
ps_16ecc8d3-9c5b-4bdb-b9b3-e5fc3c0cbaa2,play_store,msst app h discount bhi milta h,5.0,2026-09-01 13:13:26,0,https://play.google.com/store/apps/details?id=com.myntra.android
ps_3e5d1a8c-8a38-45e1-b6a0-c422410841cf,play_store,"Great Value Deal with a Cute, Cozy Vibe! ​Design & Aesthetics The grey geometric pattern paired with the central heart and couple motif gives this bedsheet a super playful and romantic look. It instantly brightens up the bedroom while adding a personal, charming touch. The matching pillow covers tie the whole set together really nicely. ​Material & Comfort Being a cotton flat bedsheet, it feels light, breathable, and suitable for daily wear—especially during warmer months. The 104 thread cou",5.0,2026-09-01 13:13:21,0,https://play.google.com/store/apps/details?id=com.myntra.android
ps_08f46f01-1952-40bf-80bf-3f1efec2ad93,play_store,budget friendly,5.0,2026-09-01 13:05:23,0,https://play.google.com/store/apps/details?id=com.myntra.android
ps_a4d328f3-ae5b-472c-99f1-08beef51df35,play_store,"Once I used to purchase only from this app. But gradually it is becoming more and more non user friendly, mainly with cancellation and return policy. I am disappointed.",2.0,2026-09-01 13:03:11,0,https://play.google.com/store/apps/details?id=com.myntra.android
ps_c51ef5f6-a163-4a11-90ca-ace73985daef,play_store,Awesome 😇✨️👍,5.0,2026-09-01 13:02:11,0,https://play.google.com/store/apps/details?id=com.myntra.android
ps_e95fa580-5a93-4df9-aaaa-fc795a55d795,play_store,nice aap for best online shopping,5.0,2026-09-01 13:00:25,0,https://play.google.com/store/apps/details?id=com.myntra.android
ps_9d66b0a5-6119-47f9-83e3-e5a101a8b92d,play_store,Awesome product🥰,5.0,2026-09-01 12:59:10,0,https://play.google.com/store/apps/details?id=com.myntra.android
ps_660273e5-fd0a-4977-a13a-71136d94b4f3,play_store,"excellent shopping experience, nice shopping app , go for it",5.0,2026-09-01 12:58:19,0,https://play.google.com/store/apps/details?id=com.myntra.android
ps_c5451e4c-b3f3-426b-ac6c-31678f8e1020,play_store,never ordering again . my order has been delayed since a week . ekart messaged me two days after the due date and i asked them to reschedule it to the next day as I was not available because the delay was not my fault . I haven't heard from them since no one responds . the help section in the app only gives auto generated replies. I am honestly tired,1.0,2026-09-01 12:57:15,1,https://play.google.com/store/apps/details?id=com.myntra.android
ps_69f1fa9f-e1fb-413a-83aa-34af871a96f4,play_store,excellent experience!!!,5.0,2026-09-01 12:50:44,0,https://play.google.com/store/apps/details?id=com.myntra.android
ps_6acec1e8-b5b7-4320-907b-30424704f8e2,play_store,an excellent place for all clothing... loved it a lot.,5.0,2026-09-01 12:49:04,0,https://play.google.com/store/apps/details?id=com.myntra.android
ps_7ece1219-042d-4d77-8a84-ff14c407e5ad,play_store,good but required some shorter delivery time,5.0,2026-09-01 12:48:11,0,https://play.google.com/store/apps/details?id=com.myntra.android
ps_d4307a61-6825-4a5e-9119-f35838f3fc36,play_store,best app for shopping,5.0,2026-09-01 12:48:04,0,https://play.google.com/store/apps/details?id=com.myntra.android
ps_8274910d-5f8c-49bd-9989-e2370e84564c,play_store,bhut accha aap hai myntra acchi quality ki chij yaha p mil jati h I am so happy,5.0,2026-09-01 12:42:23,0,https://play.google.com/store/apps/details?id=com.myntra.android
ps_4bb9f692-bf97-46bf-b4a5-613c336da766,play_store,best quality product 😉,5.0,2026-09-01 12:39:44,0,https://play.google.com/store/apps/details?id=com.myntra.android
ps_6b301a8a-2739-4740-b04f-8b37b5d6910a,play_store,they cancel your order on the day of delivery,1.0,2026-09-01 12:37:45,0,https://play.google.com/store/apps/details?id=com.myntra.android
ps_01c15b4f-9550-4b59-b351-cfa6205c0cf0,play_store,Very Bad service I will order t shirt and company give me shirt TWO times it's very bad experience,1.0,2026-09-01 12:33:51,0,https://play.google.com/store/apps/details?id=com.myntra.android
ps_b6fce9b5-af80-4976-95b6-e2037f215186,play_store,nice offers,5.0,2026-09-01 12:33:18,0,https://play.google.com/store/apps/details?id=com.myntra.android
ps_30416dd7-e061-4922-bf88-58ff8bf20d81,play_store,बहुत बढ़िया,5.0,2026-09-01 12:26:06,0,https://play.google.com/store/apps/details?id=com.myntra.android
ps_7f901902-0938-4de0-b4f6-fffb2f164a47,play_store,mesho se mahngi products,1.0,2026-09-01 12:25:44,0,https://play.google.com/store/apps/details?id=com.myntra.android
ps_73507aa2-3cde-4707-b796-6c0574819af2,play_store,superb app 👍🏻,5.0,2026-09-01 12:15:44,0,https://play.google.com/store/apps/details?id=com.myntra.android
ps_80e89919-b594-434f-a09b-6e1d0e127de2,play_store,"i have been using this app for a long time and was very happy with the products and services but recently too many issues are going on specially related to services and help centre... the robots are to reply there is no customer service or help. my huge amount of parcel is missing and it's marked delivered, which is falsely marked..there was no delivery done. after so many calls and messages sent to mytra no revert or no solution to this... idk how paid parcels are handed over without otp.",1.0,2026-09-01 12:15:34,0,https://play.google.com/store/apps/details?id=com.myntra.android
ps_28bd4e28-2df4-4029-b357-4e250732f50c,play_store,Happy to be with Myntra... Excellent ecosystem for purchasing from the app. Keep progressing...,5.0,2026-09-01 12:10:54,0,https://play.google.com/store/apps/details?id=com.myntra.android
ps_4ac89b05-5842-446d-abaa-f093798b7c22,play_store,Amazing product I am so glad to use this app.,5.0,2026-09-01 12:08:01,0,https://play.google.com/store/apps/details?id=com.myntra.android
ps_edce5df0-3927-4d0c-b610-ac2774f6a7f9,play_store,Good and please improve delivery on time specified in the App and provide Delivery partner details in the Myntra App itself to track the consignment in a more feasible way by the customer,4.0,2026-09-01 12:03:12,0,https://play.google.com/store/apps/details?id=com.myntra.android
ps_00e68c7e-f508-4f44-8a58-3b12e2d55e26,play_store,I have an excellent experience of buying items from Myntra. I am very happy with the quality and price of myntra products,5.0,2026-09-01 12:02:31,0,https://play.google.com/store/apps/details?id=com.myntra.android
ps_fabb224a-7c11-449e-8829-1b40762f430e,play_store,"update your app features, it is not showing the delivery agent contact details to contact him. It totally wastes my time awaiting him.",2.0,2026-09-01 11:58:57,0,https://play.google.com/store/apps/details?id=com.myntra.android
ps_c338199e-58da-44af-be6c-d42819035dbc,play_store,best fashion app ever at affordable prices and best quality,5.0,2026-09-01 11:58:30,0,https://play.google.com/store/apps/details?id=com.myntra.android
ps_7852c2f3-c583-4f58-b059-8f8a5fb7c895,play_store,Best quality products... I recently bought a roadster sweatshirt which was costly at other platforms... but I got that piece on Myntra at just Rs.299/-....Thank you Myntra ❤️🔥,5.0,2026-09-01 11:56:00,0,https://play.google.com/store/apps/details?id=com.myntra.android
ps_0ce7d084-0fed-45be-8717-68e6c699894d,play_store,"delivered wrong products, don't buy anything from myntra. all products are werst quality",1.0,2026-09-01 11:52:50,0,https://play.google.com/store/apps/details?id=com.myntra.android
ps_89b563a3-4d26-4f8c-9dcd-d7fd9ece973a,play_store,"The experience is very good, app runs smoothly and enables easy query solving and good coustomer support",5.0,2026-09-01 11:51:33,0,https://play.google.com/store/apps/details?id=com.myntra.android
ps_c6be4509-1ee2-4247-b799-e7bec4c005b4,play_store,very affordable and lots of offers,4.0,2026-09-01 11:48:32,1,https://play.google.com/store/apps/details?id=com.myntra.android
ps_abd99fc4-d60f-4308-915d-a5227164eaab,play_store,genuine products at a very reasonable price must download the app and purchase what ever you like,5.0,2026-09-01 11:32:51,0,https://play.google.com/store/apps/details?id=com.myntra.android
ps_75f32ccf-b13f-45c0-8972-8db1bb104844,play_store,authentic things you gets from mntra app,5.0,2026-09-01 11:29:27,0,https://play.google.com/store/apps/details?id=com.myntra.android
ps_327d311d-2651-4214-bf38-3a7869604631,play_store,"Worst Service myntra, it has been lost by myntra , customer service promised me the refund since 1 month , but yet i didn't got any update, horrible experience, Highly do not recommend this service, Myntra is worst they took my money.... Since 10 years I am using myntra, first time they lost my parcel worth 2000 approx , I ordered about 5000 products, but myntra lost few my parcel, customer care agreed on it and 2as about to give me refund but they didn't updated me anything",1.0,2026-09-01 11:26:45,0,https://play.google.com/store/apps/details?id=com.myntra.android
ps_eacfe270-9b2f-48ca-851e-479738d8a30e,play_store,"Compared to others it is a user-friendly interface to do the best shopping, 🛍️",4.0,2026-09-01 11:26:39,0,https://play.google.com/store/apps/details?id=com.myntra.android
ps_851610e6-7a4e-4a03-aed2-d9780d9657f5,play_store,woww amazing,5.0,2026-09-01 11:26:20,0,https://play.google.com/store/apps/details?id=com.myntra.android
ps_d73f79d3-7d04-4adf-a590-4277453b7168,play_store,"worst application to shop online. i placed and order and got the delivery late than promising date and an another order rhet didn't even deliver. i placed a request of return on 28th August and the promising date of that pickup was 31st August and neither they picked up not they have any solution of that, only raising complaints about whatever issue you're facing but not resolving anything. sent wrong products as well.",1.0,2026-09-01 11:24:42,0,https://play.google.com/store/apps/details?id=com.myntra.android
ps_d7016a3f-3efc-4656-8e62-2e005943fb06,play_store,always best experience,5.0,2026-09-01 11:18:59,0,https://play.google.com/store/apps/details?id=com.myntra.android
ps_1cbcc6af-307c-467f-9265-159df8ffc12e,play_store,Genuine product,5.0,2026-09-01 11:17:55,0,https://play.google.com/store/apps/details?id=com.myntra.android
ps_dcef1ab4-e8b2-4075-870e-d78d7ce9436a,play_store,excellent app .,5.0,2026-09-01 11:15:54,0,https://play.google.com/store/apps/details?id=com.myntra.android
ps_2500c3ac-8afe-4446-aec4-dcc570018388,play_store,mantra cash se product aur sasta hojata h,4.0,2026-09-01 11:15:19,0,https://play.google.com/store/apps/details?id=com.myntra.android
ps_37205633-1c34-4226-8e2c-3bf6c93791a3,play_store,amazing fabric,5.0,2026-09-01 11:14:23,0,https://play.google.com/store/apps/details?id=com.myntra.android
ps_dcd9dea6-771e-4a68-ba71-8fec808c7e40,play_store,"Myntra is one of my favourite shopping apps! ❤️ Great variety, trendy collections, easy-to-use interface, and smooth delivery. Overall, a really good shopping experience! ✨",5.0,2026-09-01 11:11:15,0,https://play.google.com/store/apps/details?id=com.myntra.android
ps_46ce2fee-f9e8-498d-9291-ff9818a3df9f,play_store,"These days Myntra has become like some random instagram shopping place, unreliable and worst service provider. I have received order and product was missing, made complaint 2 times and both time they simply said we have confirmed that we have sent. When asked for proof they simply said we don't have options for sharing proof. As i guess now they will simply read this review and just post reply to contact them as usual that's too just for show -off. Worst service provider and risky platform.",1.0,2026-09-01 11:10:35,0,https://play.google.com/store/apps/details?id=com.myntra.android
ps_82213346-936a-4b78-b967-fe1f241175fa,play_store,satisfied with service,5.0,2026-09-01 11:08:14,0,https://play.google.com/store/apps/details?id=com.myntra.android
ps_1dfe217b-a71d-45b4-95ee-fa3d983dd5f3,play_store,it has become worst,1.0,2026-09-01 11:07:28,0,https://play.google.com/store/apps/details?id=com.myntra.android
ps_4228b656-26d2-4678-ad70-3239695ae044,play_store,Best app for shopping,5.0,2026-09-01 11:01:29,0,https://play.google.com/store/apps/details?id=com.myntra.android
ps_981440ce-ff01-4200-8236-644443a87207,play_store,"Given the wrong product, at the time of the exchange the pickup partner is not ready to pick the product.",1.0,2026-09-01 11:01:28,0,https://play.google.com/store/apps/details?id=com.myntra.android
ps_b815cf74-203c-4021-9e63-48c5d057e7fb,play_store,must try this app service are very good campare to other app,5.0,2026-09-01 10:53:57,0,https://play.google.com/store/apps/details?id=com.myntra.android
ps_42a0d9f3-c06b-4113-88bd-0ed9624847df,play_store,"I like it very much, shopping is done in my way, it is delivered on exact time, the clothes are very good brother",5.0,2026-09-01 10:51:37,0,https://play.google.com/store/apps/details?id=com.myntra.android
ps_f41cbf06-d305-4f40-8b9f-737af70932a1,play_store,Quality and prize best combination I love it❤️,5.0,2026-09-01 10:46:39,0,https://play.google.com/store/apps/details?id=com.myntra.android
ps_02f5ea09-e1ed-40e9-860b-c1d71e297183,play_store,best app but,5.0,2026-09-01 10:40:15,0,https://play.google.com/store/apps/details?id=com.myntra.android
ps_08452421-b24c-415d-9b47-509e7e0da8e5,play_store,Great experience,5.0,2026-09-01 10:33:22,0,https://play.google.com/store/apps/details?id=com.myntra.android
ps_911663d2-6932-4044-b74b-519d4b3e8915,play_store,Myntra is the best platform to get quality products with discounted prices.Free shipping is also add to saving of money.No scope for returning the ordered product as it went through quality check. Thanks Myntra.,5.0,2026-09-01 10:24:10,0,https://play.google.com/store/apps/details?id=com.myntra.android
ps_11b32a38-de35-45a3-a677-c388954c1dfc,play_store,Unethical app that failed to deliver my product even 10 days after shipping completed.,1.0,2026-09-01 10:19:36,0,https://play.google.com/store/apps/details?id=com.myntra.android
ps_57538902-7346-4650-a346-6a917d15aa29,play_store,very good shopping app,5.0,2026-09-01 10:19:11,0,https://play.google.com/store/apps/details?id=com.myntra.android
ps_e27f61ae-f761-459f-ba38-a1027e08dacf,play_store,Not Trustworthy Most of the times I have got damaged products. They moderate reviews so bad to take off must bad reviews which is extremely unethical and unfair. Even if you put the images and unboxing videos they would take them down. Just don't trust this app for any of your high value purchases.,1.0,2026-09-01 10:18:28,0,https://play.google.com/store/apps/details?id=com.myntra.android
ps_36a72a12-b66b-44ac-8f18-84509b84e2fe,play_store,nice app for beauty products,5.0,2026-09-01 10:17:09,0,https://play.google.com/store/apps/details?id=com.myntra.android
ps_6299555e-d1dc-4113-b25c-96b5f8fdd732,play_store,this is the best shoping app in India.,5.0,2026-09-01 10:14:33,0,https://play.google.com/store/apps/details?id=com.myntra.android
ps_51b5dd4c-f391-4e17-80cd-89866f4d6eef,play_store,good but after some returns it has blocked my account. otherwise it's good for all types of accesories and products.,4.0,2026-09-01 10:12:54,0,https://play.google.com/store/apps/details?id=com.myntra.android
ps_68675a60-3e49-433f-845c-73dc28da66e2,play_store,my fav shopping app everytime I buy I just get amazing prize on my Myntra cash.😍😄😄💯💯❤️,5.0,2026-09-01 10:09:04,0,https://play.google.com/store/apps/details?id=com.myntra.android
ps_f0d8f284-38a6-40e6-9dbf-743b63b1df9f,play_store,"Excellent Quality & Super I purchased the Asian sneakers from the Myntra app, and I'm honestly very impressed with the overall quality and comfort. The design looks premium and stylish, making it perfect for both casual outings and daily wear. The color and finish are exactly as shown in the pictures, which is a big plus. The cushioning is soft and provides great support for long hours of walking. The sole has good grip, and the shoes feel lightweight, so they don't strain your feet e",5.0,2026-09-01 09:59:02,0,https://play.google.com/store/apps/details?id=com.myntra.android
ps_9bb7d65b-b7d6-43e0-b1d2-cc8dbc20b76d,play_store,good product,4.0,2026-09-01 09:52:57,0,https://play.google.com/store/apps/details?id=com.myntra.android
ps_abe2d14d-84a5-495d-9a6a-40fbf0bcaa0b,play_store,brands kharidne ke liye bahut hi achcha app hai,4.0,2026-09-01 09:52:05,1,https://play.google.com/store/apps/details?id=com.myntra.android
ps_113daac0-b81b-4302-bdc7-3e43b340c6fe,play_store,"Myntra has a great collection of fashion products, and the app is easy to use. The design is appealing, shopping is convenient, and there are plenty of options to choose from. Overall, I’ve had a good experience using the app.",5.0,2026-09-01 09:49:33,0,https://play.google.com/store/apps/details?id=com.myntra.android
ps_b3d4111b-48d6-49f7-96b4-f8addfb78984,play_store,not delivered on time,1.0,2026-09-01 09:45:43,0,https://play.google.com/store/apps/details?id=com.myntra.android
ps_db5d0b93-3207-4541-95fc-78cb44d0f877,play_store,Best varieties and best price with best service.,5.0,2026-09-01 09:43:12,0,https://play.google.com/store/apps/details?id=com.myntra.android
ps_49d69a52-ca56-4c11-aef1-f984fd8ea17f,play_store,Excellent experience,5.0,2026-09-01 09:42:31,0,https://play.google.com/store/apps/details?id=com.myntra.android
ps_1c9c5912-5c51-4959-8460-68a0f0ea92fa,play_store,"Myntra is a great app, but it would be helpful to have an option to receive all products from one order on the same delivery date. I’m okay with waiting for the latest item, as this would save me from having to be available at home on multiple days.",5.0,2026-09-01 09:39:16,0,https://play.google.com/store/apps/details?id=com.myntra.android
ps_eb25eb60-20ef-454c-98b2-86a79214245f,play_store,best app for online shoping I love it,5.0,2026-09-01 09:22:06,0,https://play.google.com/store/apps/details?id=com.myntra.android
ps_ec2363b7-72e8-4c4d-8eed-0228b438f07c,play_store,myntra is the best app . always delivered fast and luxury product in affordable price 💞,5.0,2026-09-01 09:17:15,0,https://play.google.com/store/apps/details?id=com.myntra.android
ps_dbf0938a-a6a8-475c-aa4e-8b3db64bd2f0,play_store,myntra is a very quality product provide in customer,5.0,2026-09-01 09:09:12,0,https://play.google.com/store/apps/details?id=com.myntra.android
ps_e9b47428-298a-40b2-ae01-eb2034ccfe32,play_store,very nice discount,5.0,2026-09-01 08:57:05,0,https://play.google.com/store/apps/details?id=com.myntra.android
ps_797fdbb0-3eac-4c5e-b3ce-66bdae401591,play_store,very good and effective to use. Love to make purchase on Myntra.,5.0,2026-09-01 08:54:15,0,https://play.google.com/store/apps/details?id=com.myntra.android
ps_245e0cc9-f8c9-4f0b-b2a6-9b7c8dc94ff5,play_store,"best app guys I order every week ❤️ , good product they have also.",5.0,2026-09-01 08:51:31,0,https://play.google.com/store/apps/details?id=com.myntra.android
ps_c1ae13ea-3eff-431d-8387-a85161492d39,play_store,it's really good,5.0,2026-09-01 08:48:50,0,https://play.google.com/store/apps/details?id=com.myntra.android
ps_3a5665fc-0a3c-4768-b604-4668375d44ba,play_store,bekar service,1.0,2026-09-01 08:44:17,0,https://play.google.com/store/apps/details?id=com.myntra.android
ps_0853f80e-c455-4d7e-891b-d1eb502a6498,play_store,myntra product is very good quality,4.0,2026-09-01 08:41:07,0,https://play.google.com/store/apps/details?id=com.myntra.android
ps_6a2bb186-5fe5-4c6e-9368-d489925c79c9,play_store,sometimes I have to do exchange that's why rating is 4,4.0,2026-09-01 08:34:02,0,https://play.google.com/store/apps/details?id=com.myntra.android
ps_862e1c4b-032d-4230-b97a-64e9f66cd7ea,play_store,App is a little jittery but works fine and responsive too.,5.0,2026-09-01 08:20:17,0,https://play.google.com/store/apps/details?id=com.myntra.android
ps_0182843e-11c4-426d-b48e-f93b631d1f25,play_store,best app ever seen. it has availability of each item I wants,5.0,2026-09-01 08:17:53,0,https://play.google.com/store/apps/details?id=com.myntra.android
ps_0ddf6fcd-3fe1-4328-8255-67f9bfe53d21,play_store,superb app myntra i have used long time myntra,5.0,2026-09-01 08:15:41,0,https://play.google.com/store/apps/details?id=com.myntra.android
ps_fe30dd2d-4dce-481c-a855-1f5889c46b63,play_store,best shoping experience thank you myntra,5.0,2026-09-01 08:08:41,0,https://play.google.com/store/apps/details?id=com.myntra.android
ps_ab009e4c-65ad-4dd6-9ea2-14613d7c5bb1,play_store,such a big scammer aap...does not return money on exchange or returns...don't trust myntraa,2.0,2026-09-01 08:06:56,0,https://play.google.com/store/apps/details?id=com.myntra.android
ps_50241933-fbf3-43e0-b2be-fa197ed18764,play_store,good and best,4.0,2026-09-01 08:00:47,0,https://play.google.com/store/apps/details?id=com.myntra.android
ps_0da418db-caba-47a9-ab58-1baaa8048b71,play_store,Great Experience,5.0,2026-09-01 07:47:42,0,https://play.google.com/store/apps/details?id=com.myntra.android
ps_5f228d2c-0127-487e-bc4f-f0c256b22276,play_store,"one of the best shopping app's , prices are relatively low in comparison to Amazon and nykaa by applying coupon",5.0,2026-09-01 07:42:06,0,https://play.google.com/store/apps/details?id=com.myntra.android
ps_4430849e-04e3-490e-aa01-f59bc62ad9dd,play_store,bahut acha hai,5.0,2026-09-01 07:41:30,0,https://play.google.com/store/apps/details?id=com.myntra.android
ps_5fb7df7c-2b24-47da-b4a0-49e3ce568f09,play_store,very nice 🙂👍,5.0,2026-09-01 07:36:49,0,https://play.google.com/store/apps/details?id=com.myntra.android
ps_0bc3f7c1-396b-4849-a089-25aeeb9529e7,play_store,fast delivery and original product myntra is a best app for online shopping,5.0,2026-09-01 07:33:34,0,https://play.google.com/store/apps/details?id=com.myntra.android
ps_baceb7bd-88c4-43a3-9446-986e832700e7,play_store,good fabric,5.0,2026-09-01 07:27:44,0,https://play.google.com/store/apps/details?id=com.myntra.android
ps_248545a8-e967-408e-86cf-2b77227cd4e8,play_store,quality is the best,5.0,2026-09-01 07:17:35,0,https://play.google.com/store/apps/details?id=com.myntra.android
ps_af780fbe-e41b-4f79-9794-ebf8bc16c014,play_store,this app is very good,5.0,2026-09-01 07:13:08,0,https://play.google.com/store/apps/details?id=com.myntra.android
ps_ccdf71ea-f96c-479e-a25a-596650254f85,play_store,baker app hai,1.0,2026-09-01 07:10:29,0,https://play.google.com/store/apps/details?id=com.myntra.android
ps_6fa430ea-e750-4a6d-b341-587092e8b796,play_store,very good and word most popular app,5.0,2026-09-01 07:02:05,0,https://play.google.com/store/apps/details?id=com.myntra.android
ps_7c14696f-23d8-4b3d-a141-38628d09e96b,play_store,"awesome, great product with good prices, delivery is so fast",5.0,2026-09-01 06:49:58,0,https://play.google.com/store/apps/details?id=com.myntra.android
ps_8868924a-d58d-43a0-b595-502df1e5c755,play_store,myntra very good and fast service I like it,5.0,2026-09-01 06:45:00,0,https://play.google.com/store/apps/details?id=com.myntra.android
ps_44dc4b8c-a6ac-4fa9-aae1-788a6a44c8d6,play_store,very good app thanks you Myntra team,5.0,2026-09-01 06:38:42,0,https://play.google.com/store/apps/details?id=com.myntra.android
ps_977abb5a-10ec-48bc-8dbd-40e31e2a7011,play_store,good quality product,5.0,2026-09-01 06:33:03,0,https://play.google.com/store/apps/details?id=com.myntra.android
ps_0bc55978-1988-40f1-9c5f-53b131b35134,play_store,prize high',2.0,2026-09-01 06:31:07,0,https://play.google.com/store/apps/details?id=com.myntra.android
ps_3a082eb5-64f1-4a46-b568-66e9df7be469,play_store,it is the very worst app ever i seen he didn't complete my return,1.0,2026-09-01 06:24:48,0,https://play.google.com/store/apps/details?id=com.myntra.android
ps_8fb274d2-fff3-48b1-92cd-178655174a0c,play_store,try ke rha hu,5.0,2026-09-01 05:43:05,0,https://play.google.com/store/apps/details?id=com.myntra.android
ps_7bd2bf28-c5df-4415-a9e2-330184d417c8,play_store,I'm very happy to explore vast collection of Myntra. It has too much options explore and the quality and price of are very good,5.0,2026-09-01 05:19:46,0,https://play.google.com/store/apps/details?id=com.myntra.android
ps_44195743-bc83-4ede-9936-436a4942175a,play_store,Myntra is awesome,5.0,2026-09-01 05:07:58,0,https://play.google.com/store/apps/details?id=com.myntra.android
ps_5372a0a2-7d64-42c7-806a-8cc119976e9e,play_store,I am rating 5 because of the variety of products and interface but sometimes face issues for purchase one of purchase was not getting delivered at last I went the facility and they told it was damaged so you will get refund but this almost took a week.,5.0,2026-09-01 04:41:12,0,https://play.google.com/store/apps/details?id=com.myntra.android
ps_ca286a3d-1508-412d-b3b8-285cbc25e690,play_store,I got my order on time without any delay and in good condition,5.0,2026-09-01 04:33:56,0,https://play.google.com/store/apps/details?id=com.myntra.android
ps_f4f9d70d-d86f-4e4f-8fd0-6e5bbae18e90,play_store,best quality product & design,5.0,2026-09-01 03:51:07,0,https://play.google.com/store/apps/details?id=com.myntra.android
ps_c3a626f5-675d-44d3-94cc-24243f73be0b,play_store,is the best,5.0,2026-09-01 03:46:39,0,https://play.google.com/store/apps/details?id=com.myntra.android
ps_092fbfe8-4ae2-4c9a-beec-b7f6d1500697,play_store,"They don't send the item you see when you order, they send what they think they like. Please don't buy anything from this app and get scammed.",1.0,2026-09-01 03:16:49,0,https://play.google.com/store/apps/details?id=com.myntra.android
ps_98ae889b-ef95-4e4c-a9c7-e41d32a3e452,play_store,"Not even worth 1 star. Worst experience with Myntra. I ordered a product and received an incomplete item. I thought it might be a one time issue, so I ordered it again, but the exact same thing happened. I received another incomplete product. Both times, the mistake was completely from Myntra’s side, not mine. Yet, they still deducted the so called “Platform Fee.” It is really frustrating to pay a fee when the order itself was not properly fulfilled. I am done with Myntra. I quit.",1.0,2026-09-01 02:41:23,1,https://play.google.com/store/apps/details?id=com.myntra.android
ps_9761a905-7700-4c67-bbd3-b8de8f3c0f53,play_store,very nice product,5.0,2026-09-01 02:39:49,0,https://play.google.com/store/apps/details?id=com.myntra.android
ps_3d2bce83-8871-4efd-9652-49df71a40808,play_store,I love myntra,5.0,2026-09-01 02:34:23,0,https://play.google.com/store/apps/details?id=com.myntra.android
ps_007689b8-b0cf-46f6-86b1-9edff169d747,play_store,very happy this shopping app myntra,5.0,2026-09-01 02:29:36,0,https://play.google.com/store/apps/details?id=com.myntra.android
ps_a6b1cef2-453b-4c2f-90db-4744af2883f3,play_store,trusted platform othentic products,5.0,2026-09-01 02:07:06,0,https://play.google.com/store/apps/details?id=com.myntra.android
ps_95fd2688-929e-4de0-849c-87738b042794,play_store,The product is too good in this app,5.0,2026-09-01 01:41:47,0,https://play.google.com/store/apps/details?id=com.myntra.android
ps_a6f86da4-3938-4671-9c4e-289bf5a95ffb,play_store,"Myntra has suspended my account without clearly explaining what violation I committed. Your email only mentions Clauses 4 and 13, but does not specify the actual order, transaction, activity, or rule allegedly violated. I have requested a clear explanation and account reactivation, but this experience has seriously damaged my trust in Myntra. If genuine customers can be treated this way without a proper explanation, I will not continue using Myntra. I will also ask my family members, relatives a",1.0,2026-09-01 01:35:30,0,https://play.google.com/store/apps/details?id=com.myntra.android
ps_79c31231-a45f-4e1d-b1c7-1ed67fe4ee78,play_store,User Friendly,5.0,2026-09-01 01:35:25,0,https://play.google.com/store/apps/details?id=com.myntra.android
ps_45674d1b-d58a-4a91-b047-43058b8d2c5d,play_store,amazing variety of exclusive fashion. love it! do try their curve collection. fantastic.,5.0,2026-09-01 01:32:56,0,https://play.google.com/store/apps/details?id=com.myntra.android
ps_95ffb57a-1bc3-4eca-a669-fed5fd09c575,play_store,"I really like this Aqualogica moisturizer! It has a lightweight and smooth texture that absorbs quickly into the skin without feeling sticky or greasy. It keeps my skin hydrated, soft, and fresh for a long time and gives a healthy, natural glow. It is perfect for daily use, especially if you prefer a light moisturizer. Overall, a very good product and definitely worth trying!",5.0,2026-09-01 01:27:03,0,https://play.google.com/store/apps/details?id=com.myntra.android
ps_ff6fd011-ea73-4ad3-915d-d02835cb6110,play_store,app not working,1.0,2026-09-01 01:25:22,0,https://play.google.com/store/apps/details?id=com.myntra.android
ps_d2364e8c-62e0-4224-83b2-24b8bb9aaaff,play_store,fantastic😍👌,5.0,2026-09-01 01:21:47,0,https://play.google.com/store/apps/details?id=com.myntra.android
ps_f4c56a40-c0a9-4618-aa9f-74e920c7c671,play_store,"Been using Myntra for a while now and it's honestly my favorite for online fashion shopping. Great variety, easy returns, and delivery is usually quick. Overall, solid app — highly recommend for anyone who wants good clothes without the hassle.",4.0,2026-09-01 01:20:32,0,https://play.google.com/store/apps/details?id=com.myntra.android
ps_45bb1dc7-11d7-4942-922b-d8e34cd321a9,play_store,excellent 👌,5.0,2026-09-01 01:11:38,0,https://play.google.com/store/apps/details?id=com.myntra.android
ps_0143de99-4238-486b-8b15-969903dfaf5f,play_store,Best app for shopping 🛍️,5.0,2026-09-01 01:06:02,0,https://play.google.com/store/apps/details?id=com.myntra.android
ps_6023bd89-bee2-4361-b49c-1f30f945b2e8,play_store,Good to purchase here😍,5.0,2026-09-01 01:05:42,0,https://play.google.com/store/apps/details?id=com.myntra.android
ps_fec71c80-ad59-4727-b0f9-506877f8cbde,play_store,Best product quality 👌,5.0,2026-09-01 00:56:40,0,https://play.google.com/store/apps/details?id=com.myntra.android
ps_f5205678-ee84-458b-ab5a-51beb743afae,play_store,best app forever ♾️,4.0,2026-09-01 00:52:07,0,https://play.google.com/store/apps/details?id=com.myntra.android
ps_4841127f-014e-4f1b-8874-c38a3e0ba5d2,play_store,"मुझे Myntra से शॉपिंग करने पर हमेशा पूरा भरोसा रहता है। मैं जब भी Myntra से कोई प्रोडक्ट ऑर्डर करता हूँ, तो मुझे विश्वास रहता है कि मुझे अच्छा और भरोसेमंद प्रोडक्ट ही मिलेगा। खासकर जब मैं कोई ब्रांडेड प्रोडक्ट मंगाता हूँ, तो मुझे भरोसा रहता है कि ब्रांडेड ही प्रोडक्ट मिलेगा। Myntra की सर्विस, प्रोडक्ट की क्वालिटी और कस्टमर एक्सपीरियंस मुझे बहुत अच्छा लगता है। मुझे Myntra पर पूरा विश्वास है और आगे भी मैं अपनी शॉपिंग Myntra से करना पसंद करूँगा। I Love You Myntra ❤️🛍️ Thank You Myntra, मेरा भरोस",5.0,2026-09-01 00:44:38,0,https://play.google.com/store/apps/details?id=com.myntra.android
ps_b9a5a824-7a22-4641-abed-2454256c4625,play_store,verry happy 😊,5.0,2026-09-01 00:39:06,0,https://play.google.com/store/apps/details?id=com.myntra.android
ps_4ae30a89-24fe-4a3a-98c5-a4834df09632,play_store,very very excellent app good products with good quality and affordable prices,5.0,2026-09-01 00:32:19,0,https://play.google.com/store/apps/details?id=com.myntra.android
ps_c9e33830-4c9d-48fb-9e11-a741e29a0b25,play_store,"⭐⭐⭐⭐⭐ Myntra is one of the best online fashion shopping apps. It offers a wide variety of clothes, footwear, accessories, and top brands at great prices. The app is easy to use, products are well displayed, and customer reviews help in choosing the right product. Delivery is usually fast, packaging is good, and the return/exchange process is convenient. Overall, I’ve had a great shopping experience with Myntra and would definitely recommend it! 🛍️✨",5.0,2026-09-01 00:32:16,0,https://play.google.com/store/apps/details?id=com.myntra.android
ps_a0fa5fc6-8574-4c49-827a-685c0d2f12f5,play_store,quality product..,5.0,2026-09-01 00:31:26,0,https://play.google.com/store/apps/details?id=com.myntra.android
ps_619d248e-d869-4668-87c9-b66050d83f1c,play_store,best app for shopping and discount,5.0,2026-09-01 00:27:43,0,https://play.google.com/store/apps/details?id=com.myntra.android
ps_b1a7c9a0-6411-4332-ab13-0f839f599428,play_store,gold premium products,5.0,2026-09-01 00:25:37,0,https://play.google.com/store/apps/details?id=com.myntra.android
ps_cbc7abb5-71d0-4930-bed1-079ee4638f93,play_store,Great app for women fashion accessories and clothing purchase.,5.0,2026-09-01 00:23:30,0,https://play.google.com/store/apps/details?id=com.myntra.android
ps_867bac4e-1931-4efe-bbbc-0992fc9280bc,play_store,best app ever,5.0,2026-09-01 00:23:29,0,https://play.google.com/store/apps/details?id=com.myntra.android
ps_15708739-0250-4096-af0d-5462815a489f,play_store,one of the best app for the shopping you can get the genuine products here,5.0,2026-09-01 00:08:38,0,https://play.google.com/store/apps/details?id=com.myntra.android
ps_36795fc0-4aef-4892-838f-b12f9860a79b,play_store,good experience 🩵,5.0,2026-09-01 00:01:58,0,https://play.google.com/store/apps/details?id=com.myntra.android
ps_58d5548c-e2b8-48de-95bd-2a44fba37f36,play_store,We can trust on quality of product .. fast delivery... everytime makes me happy.,5.0,2026-08-31 23:53:41,0,https://play.google.com/store/apps/details?id=com.myntra.android
ps_f57ae6e1-9358-43fe-84f2-9817bb3e1818,play_store,best things with best price at every time.,5.0,2026-08-31 23:52:30,0,https://play.google.com/store/apps/details?id=com.myntra.android
ps_a85316b1-f492-4828-a8e9-b48fe264aa6d,play_store,Now giving one star because received product with hard tag or security tag intact... how am I supposed to get it removed.. customer care agent said she can't help... how am I supposed to use that product,1.0,2026-08-31 23:52:23,5,https://play.google.com/store/apps/details?id=com.myntra.android
ps_12d8a3ec-2a69-4c3e-91bc-60b906482711,play_store,best app for beautiful anarkaliss,5.0,2026-08-31 23:46:03,0,https://play.google.com/store/apps/details?id=com.myntra.android
ps_a28ef0c0-29c3-4a73-8f82-271a3024b0c2,play_store,"superb application 👏 i appreciate it very much, happy customer 😀",5.0,2026-08-31 23:44:36,0,https://play.google.com/store/apps/details?id=com.myntra.android
ps_b94741d6-bc2e-458b-932d-ece9f7da0c8e,play_store,very trusted site Myntra,5.0,2026-08-31 23:37:12,0,https://play.google.com/store/apps/details?id=com.myntra.android
ps_0e686907-f202-4074-a22c-dde5beefdf37,play_store,"myntra Sent me used & different colour shirts and I raised return than decline return request myntra is now doing a fraud like a fraud apps in social media platforms ,after complaint they not able to return. This product was only 600 -700 if I ordered 5000 -6000 product than there is a risk of fraud because there was no cctv during packing time so there is no control of right product so I uninstalled Myntra because there is no trust no believe.",1.0,2026-08-31 23:35:32,0,https://play.google.com/store/apps/details?id=com.myntra.android
ps_db82c995-b1aa-4dae-a86b-761fbbf96bf6,play_store,easy to use,4.0,2026-08-31 23:29:57,0,https://play.google.com/store/apps/details?id=com.myntra.android
ps_e0ae29a6-ff88-4a51-a151-227946b1b249,play_store,My experience is good,4.0,2026-08-31 23:22:27,0,https://play.google.com/store/apps/details?id=com.myntra.android
ps_194c7c82-c012-47b4-b57c-d6fb874c887f,play_store,very good quality,5.0,2026-08-31 23:05:42,0,https://play.google.com/store/apps/details?id=com.myntra.android
ps_9b939347-15a6-4a76-be3a-b7dd2daf54a3,play_store,Nice Experience with Myntra!,5.0,2026-08-31 23:03:12,0,https://play.google.com/store/apps/details?id=com.myntra.android
ps_cfcf368d-4536-4446-b4e3-8257ca76f0dc,play_store,if don't want genuine feedback then remove it from your website,1.0,2026-08-31 22:53:24,0,https://play.google.com/store/apps/details?id=com.myntra.android
ps_bf33156b-a565-4fc3-a7b0-e0f394df4f94,play_store,nice product app.,4.0,2026-08-31 22:50:44,0,https://play.google.com/store/apps/details?id=com.myntra.android
ps_11299598-f6d0-4e81-b2f8-98c703757d8c,play_store,not delivered 😭😔😔 product to my location main khud ja kr leke aaya hu myntra hub sri ganganagar se service achi nhi h,1.0,2026-08-31 22:49:57,0,https://play.google.com/store/apps/details?id=com.myntra.android
ps_53dce2e4-b8ea-4991-922e-a498699b2c51,play_store,this aap very helpful ❤️,5.0,2026-08-31 22:48:53,0,https://play.google.com/store/apps/details?id=com.myntra.android
ps_9ffecdcb-22df-4268-9515-a0e37215534b,play_store,beautiful necklace ❤️😍,5.0,2026-08-31 22:43:56,0,https://play.google.com/store/apps/details?id=com.myntra.android
ps_92abf268-4368-4506-9564-dd6267c63ae6,play_store,kapda bhot acha milta h,5.0,2026-08-31 22:42:08,0,https://play.google.com/store/apps/details?id=com.myntra.android
ps_0df63e4e-ddbc-4699-8132-b660f3a537a8,play_store,very bad and nonsense app and services. not recommended to anyone,1.0,2026-08-31 22:41:21,0,https://play.google.com/store/apps/details?id=com.myntra.android
ps_7aec008c-d6cc-4166-8b9f-2f6ebda0e9cc,play_store,love myntra,5.0,2026-08-31 22:31:40,0,https://play.google.com/store/apps/details?id=com.myntra.android
ps_d0b959a5-aed5-4f3a-8d2a-eff4e8addef7,play_store,give more coupons to more purchase,4.0,2026-08-31 22:26:10,0,https://play.google.com/store/apps/details?id=com.myntra.android
ps_7993786e-7282-47b9-857b-ec1b2716fd13,play_store,best shopping app,5.0,2026-08-31 22:21:25,0,https://play.google.com/store/apps/details?id=com.myntra.android
ps_edb1e230-848b-47b6-ba6f-403716046ed9,play_store,best product,5.0,2026-08-31 22:18:05,0,https://play.google.com/store/apps/details?id=com.myntra.android
ps_0a2a640f-b2de-4461-9809-72013390fab7,play_store,"Never ever order from this platform. Worst experience they take orders but never delivers. Zero customer service. I wish I could give them less than zero figures. Their delivery executives are too rude, misbehaves and shows as if they only are the owners of Myntra. Worst experience ever.",1.0,2026-08-31 22:08:54,0,https://play.google.com/store/apps/details?id=com.myntra.android
ps_4af5163b-80f1-48ef-b863-591c33cb9130,play_store,Superb very good for clothes,5.0,2026-08-31 22:08:10,0,https://play.google.com/store/apps/details?id=com.myntra.android
ps_3b00940e-bf9b-4a1e-a6f4-b1c458c962a5,play_store,"Best app for Fashion shopping best offers and great deals, all branded and genuine products, wide range of brands available.",5.0,2026-08-31 22:00:17,0,https://play.google.com/store/apps/details?id=com.myntra.android
ps_d6eb201c-c035-4fbb-8770-79e9df3ffabd,play_store,very nice 🙂,5.0,2026-08-31 21:29:21,0,https://play.google.com/store/apps/details?id=com.myntra.android
ps_3482267d-12d7-48b7-8a70-dbdb6ff0c0c8,play_store,absolutely great app,5.0,2026-08-31 21:26:39,0,https://play.google.com/store/apps/details?id=com.myntra.android
ps_4043d01c-796e-47c6-8395-e0db79ff26b9,play_store,it is very glad to say that Myntra is very popular and favourite one's online shopping app,5.0,2026-08-31 21:22:36,0,https://play.google.com/store/apps/details?id=com.myntra.android
ps_33ddece5-864c-4c8d-ab2a-d83572f21324,play_store,faisan karne ke liye best ofsan,5.0,2026-08-31 21:18:05,0,https://play.google.com/store/apps/details?id=com.myntra.android
ps_00c105c9-3a48-4599-aa1c-965fc3163aa7,play_store,the bestest body wash i used ever fragrance is amazing just love the product,5.0,2026-08-31 21:12:17,0,https://play.google.com/store/apps/details?id=com.myntra.android
ps_5289a4e9-e23d-4934-b284-5e01ab7110e0,play_store,my go to shopping app❤️,5.0,2026-08-31 20:56:43,0,https://play.google.com/store/apps/details?id=com.myntra.android
ps_70ad30ea-1df1-4869-aba7-4232ed58e6f5,play_store,very nice app giving good discounts,5.0,2026-08-31 20:48:30,0,https://play.google.com/store/apps/details?id=com.myntra.android
ps_e92fe8ef-ef71-4fcd-a687-2a869aaf2689,play_store,nice experience,4.0,2026-08-31 20:43:40,0,https://play.google.com/store/apps/details?id=com.myntra.android
ps_85a28122-3157-493e-8c66-e40ad3164a25,play_store,myntra have all trending Pinterest dresses ywr,5.0,2026-08-31 20:42:02,0,https://play.google.com/store/apps/details?id=com.myntra.android
ps_90765ac8-a31a-4be7-be7c-1b4426c20c51,play_store,app is good,5.0,2026-08-31 20:40:42,0,https://play.google.com/store/apps/details?id=com.myntra.android
ps_879a8e61-1927-4d62-a18b-135545beb7a6,play_store,good quality and nice fell,5.0,2026-08-31 20:39:11,0,https://play.google.com/store/apps/details?id=com.myntra.android
ps_e3df9bf9-2834-4d5f-b114-06757aa4a046,play_store,excellent 👌 👌,5.0,2026-08-31 20:36:06,0,https://play.google.com/store/apps/details?id=com.myntra.android
ps_288deb27-98ac-410a-b185-2cf1dab3fcf7,play_store,excellent shopping app,5.0,2026-08-31 20:35:29,0,https://play.google.com/store/apps/details?id=com.myntra.android
ps_84b1f7be-b4b5-46f9-b980-4c456ea79638,play_store,worst app I have seen,1.0,2026-08-31 20:26:17,0,https://play.google.com/store/apps/details?id=com.myntra.android
ps_c13e5a37-b819-4aa2-9ac4-a6be513bb620,play_store,"Very very poor service. I have a very pathetic experience. It has high prices as compared to other websites and very delayed delivery. My 5 order was undelivered. They have the same situation like last year... No improvement. I am really very frustrated after using and trusting to order again. still no delivery.. The order status is showing in my city from last 1 week and no one cares to deliver it. I have already emailed you, but no response.",1.0,2026-08-31 20:20:19,0,https://play.google.com/store/apps/details?id=com.myntra.android
ps_8906cc6c-dbfa-451b-a3ea-6bd55e05a00b,play_store,"I Myntra से मेरा ये पहला ऑर्डर था और मेरा experience काफी अच्छा रहा। Product बिल्कुल अच्छा मिला, quality भी उम्मीद के मुताबिक थी और delivery भी समय पर हो गई। First order का experience इतना अच्छा रहा कि अब Myntra से आगे भी shopping करने का मन है। ❤️",5.0,2026-08-31 20:19:40,0,https://play.google.com/store/apps/details?id=com.myntra.android
ps_70c6b00f-184a-42b7-a112-3fa972d56799,play_store,coustomer care service is very very very bad . Messho's coustomer care is very good,1.0,2026-08-31 20:19:34,0,https://play.google.com/store/apps/details?id=com.myntra.android
ps_0af6997c-96b0-450f-b614-e156411ab17c,play_store,"Since I cannot give 0 stars, I would warn new people not to order from here they will not deliver your order on time and you can't even see for yourself the location tag of your item and good luck with stupid AI if you are trying to reach customer care you will not meet human.",1.0,2026-08-31 20:19:28,0,https://play.google.com/store/apps/details?id=com.myntra.android
ps_ad8881a0-7361-412b-a986-5f7f15eeee57,play_store,nice collection but please all sizes are available if it's possible,5.0,2026-08-31 20:09:23,0,https://play.google.com/store/apps/details?id=com.myntra.android
ps_004ac300-a554-415b-af55-5d26d4a9c05c,play_store,GOOD PRODUCT,5.0,2026-08-31 20:07:00,0,https://play.google.com/store/apps/details?id=com.myntra.android
ps_d7eb343b-3260-43c5-bcd3-8f376d78f076,play_store,amazing app,5.0,2026-08-31 20:06:08,0,https://play.google.com/store/apps/details?id=com.myntra.android
ps_c595cf32-f141-413c-ada1-3165315ae7c8,play_store,very good app...giving money as coupon...was a best offer,5.0,2026-08-31 20:04:22,0,https://play.google.com/store/apps/details?id=com.myntra.android
ps_7d231870-752d-4bdf-ada8-6dbcad569d0c,play_store,I like shopping with mantra because myntra product are good.,5.0,2026-08-31 20:00:38,0,https://play.google.com/store/apps/details?id=com.myntra.android
ps_6b357f3b-9ae1-4309-9afd-9df824c168ef,play_store,"myntra app is best for cloths and products, I preferred myntra for all .",5.0,2026-08-31 19:59:28,0,https://play.google.com/store/apps/details?id=com.myntra.android
ps_481560ec-23d2-4792-847e-e5415cf0de9b,play_store,it's too good the quality is superb and it keeps us warm,5.0,2026-08-31 19:53:18,0,https://play.google.com/store/apps/details?id=com.myntra.android
ps_ff403e4d-09b3-4e28-9e1d-afc5a7191811,play_store,"MY ACCOUNT GOT DEACTIVATED WITH OUT REASON , PLEASE REACTIVATE MY ACCOUNT .",1.0,2026-08-31 19:50:34,0,https://play.google.com/store/apps/details?id=com.myntra.android
ps_784e3458-d9f2-4b17-9372-da8ba693b7f6,play_store,"Good app,Large variety, smooth interface,easy returns and Exchange, Convenient delivery",5.0,2026-08-31 19:47:58,0,https://play.google.com/store/apps/details?id=com.myntra.android
ps_8d2bb97f-0db1-4797-893e-8c784e2fae1f,play_store,this one star is myntra customer care service. limited options given in chat boat. not very happy with service. products are good but the supply channel is pathetic. today is delivery date still showing in transit after waiting for whole day.,1.0,2026-08-31 19:47:43,0,https://play.google.com/store/apps/details?id=com.myntra.android
ps_4412e467-f844-4439-9568-48eb1cd0418a,play_store,product quality is very good,5.0,2026-08-31 19:42:05,0,https://play.google.com/store/apps/details?id=com.myntra.android
ps_a26bc038-8cbb-4d7c-99a3-27a1ec3cc797,play_store,VERY NICE APP FOR SHOPPING,5.0,2026-08-31 19:38:01,0,https://play.google.com/store/apps/details?id=com.myntra.android
ps_4b440963-0a2c-49a9-86a9-d1811069f2e8,play_store,Good and a variety of products available in reasonable prices...,5.0,2026-08-31 19:31:58,0,https://play.google.com/store/apps/details?id=com.myntra.android
ps_0e506bed-dedc-48d7-acc2-0c0d5862633e,play_store,not delivering order on time worst company ever I saw,1.0,2026-08-31 19:28:15,0,https://play.google.com/store/apps/details?id=com.myntra.android
ps_1a8c2aa1-126c-42cd-8834-64b96b061ce8,play_store,I love this app it has more product in affordable price and more coins too,5.0,2026-08-31 19:26:01,0,https://play.google.com/store/apps/details?id=com.myntra.android
ps_79f7c1d3-1ab1-4049-a482-d44da921ec5e,play_store,good product 👍,3.0,2026-08-31 19:09:52,0,https://play.google.com/store/apps/details?id=com.myntra.android
ps_89dfa23f-9987-489f-b3e0-427ea51fd522,play_store,trustable app,5.0,2026-08-31 19:09:42,0,https://play.google.com/store/apps/details?id=com.myntra.android
ps_abb9fd04-fe91-4a12-bcc8-155af65cbe1c,play_store,best app for online shopping. the offers are crazy 🤩🤩🤩,5.0,2026-08-31 19:03:34,0,https://play.google.com/store/apps/details?id=com.myntra.android
ps_f1d6bfe7-4aa0-42d3-a636-8beb2233a4b8,play_store,"very good app with card discounts , coupon discounts etc. Good quality products delivered in a timely manner. Very good after sale service like exchange and very good customer service system",5.0,2026-08-31 19:01:00,0,https://play.google.com/store/apps/details?id=com.myntra.android
ps_c1dfa6c6-d7b5-47de-a34b-0a77c386786a,play_store,good app and courier geniune product,5.0,2026-08-31 18:58:03,0,https://play.google.com/store/apps/details?id=com.myntra.android
ps_6b14ebcd-c361-48b3-b5a0-3d2bd66f0a35,play_store,they block the account without any reason if you return the items. Very bad application and platform,1.0,2026-08-31 18:57:04,0,https://play.google.com/store/apps/details?id=com.myntra.android
ps_36db122c-c68d-46ac-ac15-466fa85a1091,play_store,Quality TradeMarkS🩷💝💖with supremacy,5.0,2026-08-31 18:52:32,0,https://play.google.com/store/apps/details?id=com.myntra.android
ps_ddb8f83a-054b-4ee7-a603-5d4c2e0825a1,play_store,very bad behaviour delivery agent,1.0,2026-08-31 18:51:59,0,https://play.google.com/store/apps/details?id=com.myntra.android
ps_255b91dd-d4b7-4cad-968f-33b1621c7a8d,play_store,real super super fast delivery and actual product quality and quantity.....,5.0,2026-08-31 18:50:53,0,https://play.google.com/store/apps/details?id=com.myntra.android
ps_8d259a56-0f67-4051-a7bf-56d09634d9ab,play_store,nice Prices affordable and nice quality,4.0,2026-08-31 18:48:56,0,https://play.google.com/store/apps/details?id=com.myntra.android
ps_f5ea737b-f99f-4a08-9d71-dc200c65299f,play_store,I ordered 2 items bt received only one items and mayntra not accept my complaint,1.0,2026-08-31 18:48:31,0,https://play.google.com/store/apps/details?id=com.myntra.android
ps_e85dfba2-35bd-4ea0-b461-c55facecc6fa,play_store,poor service order kch aur do aata kch aur hai size main,1.0,2026-08-31 18:48:19,0,https://play.google.com/store/apps/details?id=com.myntra.android
ps_9521f504-7f24-4b64-83fe-4c35986375ac,play_store,I bought jeans it was awesome,5.0,2026-08-31 18:45:40,0,https://play.google.com/store/apps/details?id=com.myntra.android
ps_e3c56ed0-7cee-46bf-8b7f-fb639606b574,play_store,low quality products,1.0,2026-08-31 18:37:43,0,https://play.google.com/store/apps/details?id=com.myntra.android
ps_5f5d63f6-acac-4733-b4f4-7bd2eec2c0ec,play_store,I really like this app.,5.0,2026-08-31 18:30:51,0,https://play.google.com/store/apps/details?id=com.myntra.android
ps_c968f742-9165-4e97-aa63-f10b7731cda7,play_store,Good collection,5.0,2026-08-31 18:29:12,169,https://play.google.com/store/apps/details?id=com.myntra.android
ps_3796a605-34e7-48e8-af79-ac37e6ce7b8c,play_store,"DO NOT USE THIS APP. 8/10 times they send you a completely different product, and the return pick up takes up to a month. If you're not available anytime during that time, bad luck. It will take another month for the delivery guy to come, and they behave as if it is the world's biggest inconvenience to fix their own mistakes! Also they sell products that are not available and I'm pretty sure that they are running some kind of money washing scheme.",1.0,2026-08-31 18:23:56,37,https://play.google.com/store/apps/details?id=com.myntra.android
ps_17a42cc0-cae3-4354-9094-e66bef74cee6,play_store,Refund policy of myntra is excellent 🔥,4.0,2026-08-31 18:20:23,0,https://play.google.com/store/apps/details?id=com.myntra.android
ps_0b82244e-391d-4877-b084-90a4f50fc5a1,play_store,very worst experience during shopping. I wanted to exchange the product I placed the exchange but due to their problem they didn't deliver the product and cancelled the order now the exchange window is also not there as the team wasted my exchange window period in raising tickets and not resolved then in time,1.0,2026-08-31 18:16:18,0,https://play.google.com/store/apps/details?id=com.myntra.android
ps_e7c35e7b-843a-49a2-8440-95c3ff180850,play_store,price change as per the date of the month,2.0,2026-08-31 18:14:30,0,https://play.google.com/store/apps/details?id=com.myntra.android
ps_f914b0bb-3e00-4341-83d3-3156738406e5,play_store,it's an amazing app for shopping I had good experience with it,5.0,2026-08-31 18:11:07,0,https://play.google.com/store/apps/details?id=com.myntra.android
ps_11701501-6720-4df0-b103-dda07af30edb,play_store,not working,1.0,2026-08-31 18:09:13,0,https://play.google.com/store/apps/details?id=com.myntra.android
ps_9dcc1415-bb7b-4758-bf26-82114439a334,play_store,Good app 👌 👍,5.0,2026-08-31 18:04:21,0,https://play.google.com/store/apps/details?id=com.myntra.android
ps_d827ad61-37f1-48ee-bfdf-b1c38f9e7545,play_store,always love love😊,5.0,2026-08-31 18:03:41,0,https://play.google.com/store/apps/details?id=com.myntra.android
ps_ccd7f71a-5b88-4c26-9eb8-7dd9084ebf48,play_store,the best app,5.0,2026-08-31 18:03:13,0,https://play.google.com/store/apps/details?id=com.myntra.android
ps_426090bb-cca3-401f-bb3a-dd8fbadee7ed,play_store,i get amazing deals here just love it,5.0,2026-08-31 17:54:50,0,https://play.google.com/store/apps/details?id=com.myntra.android
ps_d8c25335-8a0a-4ca7-836b-a6aa321eb05b,play_store,bhaut Acha app hai,5.0,2026-08-31 17:47:46,0,https://play.google.com/store/apps/details?id=com.myntra.android
ps_3423d476-4064-400c-926e-07059a44d042,play_store,excellent 👍,5.0,2026-08-31 17:47:12,0,https://play.google.com/store/apps/details?id=com.myntra.android
ps_16848330-b3c2-4b18-93aa-a4e2a63a25ae,play_store,"This is one of the most pathetic and disappointing experiences I have ever had with Myntra.My order was kept pending for 15 days, despite repeated follow-ups and complaints to your customer-care team. Instead of resolving the issue or providing a genuine explanation, Myntra simply allowed the matter to drag on for two weeks, wasting my time and showing complete disregard for the customer. What is even more unacceptable is that on the 16th day, Myntra cancelled the order. Very unethical",1.0,2026-08-31 17:40:02,0,https://play.google.com/store/apps/details?id=com.myntra.android
ps_2e1ff769-7d6c-4036-a071-a1dd10c928d9,play_store,Quality product here,5.0,2026-08-31 17:35:54,0,https://play.google.com/store/apps/details?id=com.myntra.android
ps_7754c2ee-889b-495a-a468-2c67689fff11,play_store,it's so good app to buy clothes online ⭐*5,5.0,2026-08-31 17:27:18,0,https://play.google.com/store/apps/details?id=com.myntra.android
ps_0371652b-2793-4416-b5e5-86f83008370f,play_store,inki meera nam ki call receiver ne quaries solve krne ke nam pe timepass lga rakha hai,5.0,2026-08-31 17:18:43,0,https://play.google.com/store/apps/details?id=com.myntra.android
ps_03a0621b-096c-4513-b0e7-2a4fb3f9ab0e,play_store,Very Very good app,5.0,2026-08-31 17:06:56,0,https://play.google.com/store/apps/details?id=com.myntra.android
ps_d3ffce9f-dc8e-45b6-86a1-856994a26be3,play_store,Horrible customer service. they will deliver wrong product and then refuse to pick it up and refund money. 2 hrs wasted and I am stuck with the wrong product since one month. they will randomly cancel requests. if u r willing to waste hours of your life for this.. plz use the app. Their delivery partners will enter ur apartment complex and never visit your house and leave after 2 hours doing god knows what. ordering from myntra is a personal safety issue as well.,1.0,2026-08-31 16:59:39,0,https://play.google.com/store/apps/details?id=com.myntra.android
ps_1ea6e019-73bb-4214-8a4b-9402b62a00ab,play_store,nice app for shopping,5.0,2026-08-31 16:58:47,0,https://play.google.com/store/apps/details?id=com.myntra.android
ps_0378d9cd-ccea-4563-8b4f-12b970e9207d,play_store,best fashion shop,5.0,2026-08-31 16:54:22,0,https://play.google.com/store/apps/details?id=com.myntra.android
ps_c5a81ce3-367b-4912-bade-485a798f390e,play_store,love the app for clothing,4.0,2026-08-31 16:52:16,0,https://play.google.com/store/apps/details?id=com.myntra.android
ps_41145d24-e075-4bd2-a909-b5837c1cc7fe,play_store,oder scam every time 😡😡😡😡😡,1.0,2026-08-31 16:47:36,0,https://play.google.com/store/apps/details?id=com.myntra.android
ps_7f1f55cf-4fe6-4cc9-9906-241f313ce7b6,play_store,veri good application branded fashion,5.0,2026-08-31 16:39:11,0,https://play.google.com/store/apps/details?id=com.myntra.android
ps_38355f3d-c5e1-4af4-b18f-6f1f046cb3cc,play_store,one of the best shopping app,5.0,2026-08-31 16:36:24,0,https://play.google.com/store/apps/details?id=com.myntra.android
ps_271d9dc3-f1dd-423e-b036-dccc4d1dd811,play_store,nice products,5.0,2026-08-31 16:35:13,0,https://play.google.com/store/apps/details?id=com.myntra.android
ps_0b96fc20-de07-4c64-9c3f-030705e3b806,play_store,I got comfortable trouser. and material is so soft. so thanks myntra for this order.,5.0,2026-08-31 16:27:09,0,https://play.google.com/store/apps/details?id=com.myntra.android
ps_97447548-f113-4693-95e9-36352e81c525,play_store,product ar literally good,5.0,2026-08-31 16:26:02,0,https://play.google.com/store/apps/details?id=com.myntra.android
ps_c752c56a-5e36-4662-a370-ab0bcbd09989,play_store,"i really like this, this app really give me astethic outfit",4.0,2026-08-31 16:12:27,0,https://play.google.com/store/apps/details?id=com.myntra.android
ps_deeb51d8-c2bf-4e83-97b4-9d18062b96aa,play_store,fast and safest delivery app.,4.0,2026-08-31 16:11:25,0,https://play.google.com/store/apps/details?id=com.myntra.android
ps_1e84eb3c-b007-4c73-93a6-522d2ca1d95e,play_store,Good Service And Fast Service,5.0,2026-08-31 16:07:44,0,https://play.google.com/store/apps/details?id=com.myntra.android
ps_1509a612-b3ea-4165-8189-d25fb540bf9b,play_store,very good fast and the OG products..,5.0,2026-08-31 16:06:34,0,https://play.google.com/store/apps/details?id=com.myntra.android
ps_b0da99bb-ec9f-4e16-9bb1-603dfb10a65b,play_store,best quality,5.0,2026-08-31 16:01:59,0,https://play.google.com/store/apps/details?id=com.myntra.android
ps_e3bddc94-c56c-4cef-aab7-7d10f174fe9b,play_store,best quality offered,5.0,2026-08-31 15:57:40,0,https://play.google.com/store/apps/details?id=com.myntra.android
ps_9518ae57-80e7-4838-9673-e66e80d34f46,play_store,wow this is amazing because in this app their is cash on delivery,5.0,2026-08-31 15:57:22,0,https://play.google.com/store/apps/details?id=com.myntra.android
ps_92f217de-cbfc-465a-9dac-109d1efefa8d,play_store,worstest app item which i ordered cancelled automatically,2.0,2026-08-31 15:50:42,0,https://play.google.com/store/apps/details?id=com.myntra.android
ps_a03c2e63-3c33-4c6e-8e64-608d126b520b,play_store,Nice experience,5.0,2026-08-31 15:49:15,0,https://play.google.com/store/apps/details?id=com.myntra.android
ps_448caa08-be32-4486-b37b-75508230d25b,play_store,best app for online purchasing,5.0,2026-08-31 15:42:22,0,https://play.google.com/store/apps/details?id=com.myntra.android
ps_b420679f-6e95-4009-8a31-51b923c5921f,play_store,a very prominent or vital for everyone in short a excellent experience,4.0,2026-08-31 15:40:56,0,https://play.google.com/store/apps/details?id=com.myntra.android
ps_cf8ab496-ce7c-4591-958f-8e7cf661b521,play_store,not good at all myntra delay orders from past year not delivered from time to time. and now they show cash on delivery options when we try to order they don't accept cash on delivery and UPI why you disappoint me every time.,1.0,2026-08-31 15:36:18,1,https://play.google.com/store/apps/details?id=com.myntra.android
ps_21f4e2ed-b227-4973-9a40-02032d5f9d83,play_store,feel amazing nice,5.0,2026-08-31 15:35:07,0,https://play.google.com/store/apps/details?id=com.myntra.android
ps_e5d91815-a9aa-465e-b86d-8a36e5ca09b5,play_store,superb quality,5.0,2026-08-31 15:34:16,0,https://play.google.com/store/apps/details?id=com.myntra.android
ps_46d30a44-cd42-48cf-9e1e-75853b1382a8,play_store,it is very nice app,5.0,2026-08-31 15:34:07,0,https://play.google.com/store/apps/details?id=com.myntra.android
ps_8b7e3684-c91f-44b5-96e5-b5f8a68c6a47,play_store,good exceptional,5.0,2026-08-31 15:31:27,0,https://play.google.com/store/apps/details?id=com.myntra.android
ps_fc911eb8-f23f-4047-9302-ca73ae0fa799,play_store,😊 Better experience,4.0,2026-08-31 15:29:12,0,https://play.google.com/store/apps/details?id=com.myntra.android
ps_34368715-b044-4db1-8432-2d39f8673c6c,play_store,Item delivery is good and nice packing,5.0,2026-08-31 15:28:37,0,https://play.google.com/store/apps/details?id=com.myntra.android
ps_38aa8282-f720-48f5-b048-550e6237093a,play_store,good product and delivery on time 👍,4.0,2026-08-31 15:26:49,0,https://play.google.com/store/apps/details?id=com.myntra.android
ps_eb4cfbf5-d4a6-41a6-af52-bf35cb3a2fc1,play_store,super outstanding service,5.0,2026-08-31 15:15:34,0,https://play.google.com/store/apps/details?id=com.myntra.android
ps_a539cd5e-1c61-441d-990c-21e4c72d41ce,play_store,Good quality clothes,5.0,2026-08-31 15:08:12,0,https://play.google.com/store/apps/details?id=com.myntra.android
ps_3b8272ec-7959-4480-8780-1cbe1318179a,play_store,I am ordering on myntra aap continuously & have the same product. quality wise on perfect. & I have so many offers. & discount. so I really very very happy. thank you so much myntra team.,5.0,2026-08-31 15:02:30,0,https://play.google.com/store/apps/details?id=com.myntra.android
ps_b620ab6c-cf56-48ae-b244-68c5d7d1b75b,play_store,if you want Quality products..you can go for myntra 😌,5.0,2026-08-31 14:59:05,0,https://play.google.com/store/apps/details?id=com.myntra.android
ps_33fb3d59-f242-4047-b036-e0f3b40c0f72,play_store,wow it's a wonderful app for shopping cloth and more it's really nice,5.0,2026-08-31 14:56:31,0,https://play.google.com/store/apps/details?id=com.myntra.android
ps_db5ae244-4e7e-4a1d-a93f-8160747bfc46,play_store,such a good app for shopping. fast delivery fantastic free 🎁,5.0,2026-08-31 14:54:09,0,https://play.google.com/store/apps/details?id=com.myntra.android
ps_6e4e3fdc-149c-489e-95ff-d6cda39f986f,play_store,it is very exlent app,5.0,2026-08-31 14:53:43,0,https://play.google.com/store/apps/details?id=com.myntra.android
ps_0b1b8794-8fff-4851-bd89-b9321451f234,play_store,excellent app,5.0,2026-08-31 14:50:19,0,https://play.google.com/store/apps/details?id=com.myntra.android
ps_db0d839f-d8f6-434e-8fd8-06a2f6367a44,play_store,Easy to use and best quality in clothes,5.0,2026-08-31 14:46:54,0,https://play.google.com/store/apps/details?id=com.myntra.android
ps_eee8fca0-787a-4651-ae5b-bce62e52353f,play_store,Quality of the fabric n collection is great here,5.0,2026-08-31 14:44:11,0,https://play.google.com/store/apps/details?id=com.myntra.android
ps_7d08c27a-a569-4922-9f17-723965387846,play_store,amazing and good shopping experience,5.0,2026-08-31 14:39:23,0,https://play.google.com/store/apps/details?id=com.myntra.android
ps_8d2e1db3-8296-4316-9bf7-d6b18e6eb94a,play_store,nice site to shoping,5.0,2026-08-31 14:39:13,0,https://play.google.com/store/apps/details?id=com.myntra.android
ps_fd634df6-33d1-4050-a89c-362695e431fc,play_store,Great products..fast delivery,5.0,2026-08-31 14:36:54,0,https://play.google.com/store/apps/details?id=com.myntra.android
ps_168ea33f-eb0d-43c3-8b3e-7036f16a27d2,play_store,best app to get deliver quick,5.0,2026-08-31 14:30:45,0,https://play.google.com/store/apps/details?id=com.myntra.android
ps_cd499001-71fa-4c58-98e7-c11121ad2af8,play_store,Good for clothes,5.0,2026-08-31 14:27:47,0,https://play.google.com/store/apps/details?id=com.myntra.android
ps_51ebec9e-ae79-4844-8e93-2f964d79851c,play_store,I USED MYNTRA FOR THE FIRST TIME AND HAVING GREAT EXPERIENCE IT GIVES MY OFFER EASY TO USE I AM GREATFUL FOR MYNTRA THANKS,5.0,2026-08-31 14:25:30,0,https://play.google.com/store/apps/details?id=com.myntra.android
ps_8d388324-60da-4291-a918-11c76b247ec0,play_store,my order does not reached in 10 days,1.0,2026-08-31 14:22:49,0,https://play.google.com/store/apps/details?id=com.myntra.android
ps_7de3d47b-5586-4b21-a675-dca745818938,play_store,mytra why I cant download you any personal dusman or wat..,1.0,2026-08-31 14:21:45,0,https://play.google.com/store/apps/details?id=com.myntra.android
ps_04480ed8-2ffe-4af2-9074-46e2ad85037d,play_store,Very good features and nice apps,5.0,2026-08-31 14:17:37,0,https://play.google.com/store/apps/details?id=com.myntra.android
ps_b043d9ab-8d6e-440e-b167-ae1bd22d355a,play_store,"never order anything from this app, I have order a shade, woh shade aaya nhi fir exchange me dala toh dusra shade aaya koi customer care contact karne tyar nhi hai ai se call horaha hai worst experience",1.0,2026-08-31 14:16:58,0,https://play.google.com/store/apps/details?id=com.myntra.android
ps_cc0a95ff-0b96-4bc6-9c65-763a98639569,play_store,excellent product and reasonable prices,4.0,2026-08-31 14:09:32,0,https://play.google.com/store/apps/details?id=com.myntra.android
ps_e84ace3f-ff1c-45d7-a353-ed0d5d6e378b,play_store,it's too good.,5.0,2026-08-31 14:05:46,0,https://play.google.com/store/apps/details?id=com.myntra.android
ps_698e9a2f-f9d8-4ff9-afee-76ec661380d7,play_store,"I'm really disappointed . I ordered things from your app for almost 2 weeks, and made payment and still did not get my order. When I open the app to inquire from your helpdesk then the option is opening I wanted my package before 1 august but you really ruined my mood not delivered before it I don't want to give u any star but now I have to otherwise I wouldn't be able to post this comment 🫩🫩🫩🫩😤😤",1.0,2026-08-31 13:52:57,0,https://play.google.com/store/apps/details?id=com.myntra.android
ps_950b586f-6e77-4dfb-977e-c46c12f18b2b,play_store,"I have been using this app from 5 years. It is easy to find out clothes , footwear accessories for my children - one boy and one girl, my husband, my mother-in-law and me too . for me it is quite difficult to find out extra small size but Myntra gives me extra small size too, no other apps no other shops could provide me the size with variety but I found my desired size with variety on Myntra.",5.0,2026-08-31 13:49:22,0,https://play.google.com/store/apps/details?id=com.myntra.android
ps_654532ea-2c87-4745-9550-87110d9fa0d3,play_store,a very good app with better quality products,4.0,2026-08-31 13:48:58,0,https://play.google.com/store/apps/details?id=com.myntra.android
ps_7392bfde-0768-4edf-a6c9-1b5fac316496,play_store,it's good for shopping,4.0,2026-08-31 13:39:37,0,https://play.google.com/store/apps/details?id=com.myntra.android
ps_d4cc488e-7a6f-4594-abc5-978094e01fd2,play_store,"for me myntra is the one shopping platform which I used the most their services are like too fine and very fast, I feel this platform is more better than flipkart and Amazon and this one is whole real review from me. although I don't use this much of shopping apps but here i always grabs things in very low rate. 🫶🏼",5.0,2026-08-31 13:37:19,0,https://play.google.com/store/apps/details?id=com.myntra.android
ps_ad2efd8f-d8d0-4889-8bb2-ae866b79f7d6,play_store,very trust full app,5.0,2026-08-31 13:32:24,0,https://play.google.com/store/apps/details?id=com.myntra.android
ps_5eaaa314-f69d-470b-af20-1789a992a9db,play_store,"The great App and Fast service, immediate response for every thing. Best of All digital marketing services Mintra is the first place",5.0,2026-08-31 13:30:57,0,https://play.google.com/store/apps/details?id=com.myntra.android
ps_18cd58de-afc2-40a6-982d-975499fc0ce9,play_store,send more cash,5.0,2026-08-31 13:30:06,0,https://play.google.com/store/apps/details?id=com.myntra.android
ps_745fb5d4-eeef-45ef-b3e3-7208923aa177,play_store,Nice shopping app,5.0,2026-08-31 13:28:00,0,https://play.google.com/store/apps/details?id=com.myntra.android
ps_e4100909-78e9-452f-899f-1e42affe7bbd,play_store,Myntra is very good app,5.0,2026-08-31 13:27:11,0,https://play.google.com/store/apps/details?id=com.myntra.android
ps_40b6e726-4164-40f4-ab42-655ca27f4350,play_store,Great app for latest fashion. 😍,5.0,2026-08-31 13:26:17,0,https://play.google.com/store/apps/details?id=com.myntra.android
ps_7727a42e-221b-4516-a2d7-1cae5de63877,play_store,lovely product and service,5.0,2026-08-31 13:23:33,0,https://play.google.com/store/apps/details?id=com.myntra.android
ps_a231ebc8-27a5-420b-af20-a44b45d3161c,play_store,awesome app,5.0,2026-08-31 13:22:41,0,https://play.google.com/store/apps/details?id=com.myntra.android
ps_b43f45a5-710f-4b6d-a46b-0587a9f18cbc,play_store,best value for money,5.0,2026-08-31 13:21:23,0,https://play.google.com/store/apps/details?id=com.myntra.android
ps_a4823ca6-2cdd-47f0-961c-95711e8ad6d9,play_store,I ordered a snap up brand speaker and I received it used what should I do now. worst shopping app this is the second time this is happening to me,1.0,2026-08-31 13:17:13,0,https://play.google.com/store/apps/details?id=com.myntra.android
ps_a180e839-c0e3-444a-a64e-48bbfe2bb547,play_store,Good quality product delivered to my home in a short time.,5.0,2026-08-31 13:06:52,0,https://play.google.com/store/apps/details?id=com.myntra.android
ps_75bb9dd5-99d9-40be-a0d8-42c95f6cb811,play_store,I received heavily used clothes with strong perfume and safety pin pinned.,3.0,2026-08-31 13:03:08,0,https://play.google.com/store/apps/details?id=com.myntra.android
ps_fff31c7b-ceae-496f-931e-27a6d9238898,play_store,great experience,5.0,2026-08-31 12:58:46,0,https://play.google.com/store/apps/details?id=com.myntra.android
ps_4ae51904-ae0b-4b02-98f7-030604bb3d6f,play_store,this is the best app to get best product in affordable price.its very useful & customer friendly. I also like the fast delivery services.,5.0,2026-08-31 12:58:42,0,https://play.google.com/store/apps/details?id=com.myntra.android
ps_a535698d-38e1-462a-a7ee-c3ddf26a4715,play_store,Nice app☺️😃,5.0,2026-08-31 12:54:29,0,https://play.google.com/store/apps/details?id=com.myntra.android
ps_72b995e5-d03d-4922-9b1f-4ec9aaca7b88,play_store,value for money,5.0,2026-08-31 12:51:09,0,https://play.google.com/store/apps/details?id=com.myntra.android
ps_5db505d3-549a-49e3-878a-5102156a2fde,play_store,the quality of the clothes are,5.0,2026-08-31 12:49:26,0,https://play.google.com/store/apps/details?id=com.myntra.android
ps_b736f7f4-a2ed-4263-b032-329786ef80f2,play_store,wow excellent,5.0,2026-08-31 12:47:08,0,https://play.google.com/store/apps/details?id=com.myntra.android
ps_0096a6e1-427a-49ab-b69f-f36d3ab26638,play_store,bad shopping app i ever saw. My delivery date was on 27 th August i didn't receive product after 31 August. Bad customer care. No responsibility for customers. Never buy from this app. very very bad app. Totally disappointed,1.0,2026-08-31 12:31:54,0,https://play.google.com/store/apps/details?id=com.myntra.android
ps_744011eb-84ff-48ae-81e2-02e0101766ca,play_store,best experience with myntra,5.0,2026-08-31 12:30:14,0,https://play.google.com/store/apps/details?id=com.myntra.android
ps_a630efaa-f0e5-4cea-be0b-86df53fcaa9b,play_store,"Myntra all times sail original product to customer,so I love myntra",5.0,2026-08-31 12:28:34,0,https://play.google.com/store/apps/details?id=com.myntra.android
ps_c65317e8-9d31-4d3e-9aa9-789773e0c065,play_store,the worst shopping app ever.... your services have been horrible...they on purpose send u the wrong product....cheap quality and when u try to exchange they tell u exchage is on the way then last moment cancel your return and say return window has expired...and their customer service absolutely sucks!!! they do not respond at all saying all executives are busy....,1.0,2026-08-31 12:24:57,0,https://play.google.com/store/apps/details?id=com.myntra.android
ps_5a957742-91b1-42e4-96d3-5044427697e4,play_store,myntra is best! i always find what i am looking for...many varieties,5.0,2026-08-31 12:11:34,0,https://play.google.com/store/apps/details?id=com.myntra.android
ps_d583ef1a-3826-4752-aa5f-2411d8daf2e9,play_store,Myntra never disappoints....well satisfied with this...their clothing is just wow!!!,5.0,2026-08-31 12:10:39,0,https://play.google.com/store/apps/details?id=com.myntra.android
ps_1f3bb5c7-b859-43a4-a05b-1f3ed24b7e53,play_store,excellent app quality products I Love it .,5.0,2026-08-31 12:07:45,0,https://play.google.com/store/apps/details?id=com.myntra.android
ps_3c4555a5-de98-433a-a698-1ac40dd4bfcb,play_store,"Smooth, User friendly experience ✨",5.0,2026-08-31 12:03:00,0,https://play.google.com/store/apps/details?id=com.myntra.android
ps_7d09901f-f8dc-422e-a9da-e60dead4847c,play_store,very nice experience and genuine quality products,5.0,2026-08-31 12:02:27,0,https://play.google.com/store/apps/details?id=com.myntra.android
ps_06fa49b7-6dee-4925-9b7c-8bdf563d331b,play_store,good quality and genuine range,5.0,2026-08-31 12:02:06,0,https://play.google.com/store/apps/details?id=com.myntra.android
ps_b167b57e-143d-4ce2-a7b3-e85a487a74e0,play_store,"Very poor customer service. My return pickup was completed, but the app still shows “Pickup Failed” and my refund is still pending. There is no proper customer support available when you actually need help. The “Call Me Now” option only connects to a voice assistant that gives irrelevant responses instead of connecting me to a real person. Extremely frustrating and disappointing.",1.0,2026-08-31 11:58:55,1,https://play.google.com/store/apps/details?id=com.myntra.android
ps_6f8e468a-f368-4b9f-ab1c-c33b84ddcbae,play_store,"⭐ Very Disappointing Experience with Myntra I ordered a specific product from Myntra, but I received a completely different product. To make matters worse, the clothes I received were old, dirty, used, and had an extremely bad smell. I honestly cannot explain how disgusting the smell was. I trusted Myntra and never expected this kind of experience from such a well-known shopping platform. I am extremely disappointed and feel completely cheated.",1.0,2026-08-31 11:56:47,0,https://play.google.com/store/apps/details?id=com.myntra.android
ps_4114ae7b-16e2-4030-be91-074d52686577,play_store,it's an good app provide good product compares to other,5.0,2026-08-31 11:56:01,0,https://play.google.com/store/apps/details?id=com.myntra.android
ps_8d529f4e-4cf3-40a6-b9b0-8926d4fd5323,play_store,this is a great shopping app 😍,5.0,2026-08-31 11:55:25,0,https://play.google.com/store/apps/details?id=com.myntra.android
ps_7db1227b-f511-413b-9c1d-57a41d48b6ed,play_store,Excellent customer service,5.0,2026-08-31 11:39:24,0,https://play.google.com/store/apps/details?id=com.myntra.android
ps_3b77168e-65e6-45bc-a6a8-4470df46b67d,play_store,"Myntra is one of the best shopping apps for fashion and sportswear. The collection is great, prices are often reasonable, and delivery is usually fast. I also like the easy-to-use interface and variety of brands. Overall, a reliable app for online shopping. Highly recommended!",5.0,2026-08-31 11:36:18,0,https://play.google.com/store/apps/details?id=com.myntra.android
ps_baba6e95-dd4c-4b73-bdc2-3179e9b8ba5c,play_store,branded products,4.0,2026-08-31 11:31:43,0,https://play.google.com/store/apps/details?id=com.myntra.android
ps_7963fa13-5bfd-40b4-b46d-dfd762736d60,play_store,only real product,5.0,2026-08-31 11:29:39,0,https://play.google.com/store/apps/details?id=com.myntra.android
ps_b4dd3bcd-519e-419d-a649-05951df72fc7,play_store,quality is very good,5.0,2026-08-31 11:27:32,0,https://play.google.com/store/apps/details?id=com.myntra.android
ps_f9d274fa-8a94-4c6b-b64d-8cf5bfeb267b,play_store,never disappoints.,5.0,2026-08-31 11:23:58,0,https://play.google.com/store/apps/details?id=com.myntra.android
ps_b578fadd-3fc9-4d99-99fc-26cfbe8f81e8,play_store,best app for best products. 💗,5.0,2026-08-31 11:23:57,0,https://play.google.com/store/apps/details?id=com.myntra.android
ps_7cd0f778-9074-438e-99bf-dcb9639d99c8,play_store,very good quality material,4.0,2026-08-31 11:16:54,0,https://play.google.com/store/apps/details?id=com.myntra.android
ps_a58d9cf0-ffef-4c87-a095-6aed31044464,play_store,good nice 👍,5.0,2026-08-31 11:16:26,0,https://play.google.com/store/apps/details?id=com.myntra.android
ps_cd798fa4-e14b-40af-9bee-9e00ea7b10dd,play_store,good service and timely delivery,5.0,2026-08-31 11:14:36,0,https://play.google.com/store/apps/details?id=com.myntra.android
ps_dfe475c7-cefa-47af-b21d-cd4cd0b9bb43,play_store,Good Shopping Experience through Myntra.,5.0,2026-08-31 11:14:11,0,https://play.google.com/store/apps/details?id=com.myntra.android
ps_2907ff87-7f49-466a-9a41-c18cc10dc61b,play_store,"I ordered CAVA tights by mistake in the Extra Tall length, but I actually need the Tall length. Usually, refunds and returns take some time, but I’m really happy to see that Myntra also provides an exchange option. I can receive the correct product while returning the wrong one, with no extra payment if the price is the same. You can also let customers exchange it for any other product of the same value. This is such a convenient feature. Great service, Myntra! Thank you! ❤️",5.0,2026-08-31 11:02:36,0,https://play.google.com/store/apps/details?id=com.myntra.android
ps_0f6c93a7-4501-4417-9238-80357889a83f,play_store,nice app and very good app,5.0,2026-08-31 11:00:50,0,https://play.google.com/store/apps/details?id=com.myntra.android
ps_af712f9c-90cb-4a3f-b676-7495ecabc11b,play_store,This app is so so good. On my first purchase I got heavy discount and the dress is also comfortable and pretty.,5.0,2026-08-31 11:00:09,0,https://play.google.com/store/apps/details?id=com.myntra.android
ps_b1ebfb60-156b-48ef-83cb-88164ec55cd1,play_store,good experience and good quality and also speed delivery,5.0,2026-08-31 10:59:34,0,https://play.google.com/store/apps/details?id=com.myntra.android
ps_2d813502-e7db-47d0-b643-26355bc29e60,play_store,best ever app quality A1,5.0,2026-08-31 10:49:04,0,https://play.google.com/store/apps/details?id=com.myntra.android
ps_8b0152ea-dca1-4cf0-9ed0-0ef02e350ec1,play_store,good and in time delivery,5.0,2026-08-31 10:46:56,0,https://play.google.com/store/apps/details?id=com.myntra.android
ps_99ea2828-b09b-46ad-801e-a7cf85946174,play_store,"They used to be so good with delivery and speed.Now they delayed the order after several days from delivery date they promised which is even 7 days and they still don't deliver in that period.Earlier they used to deliver products 1-4days max,but now even after 7days reschedule the delivery and doesn't even mention the reschedule date that's the level of confidence they have in their delivery partners.Flipkart & Myntra both have pathetic customer service just automated useless menu no real humans",1.0,2026-08-31 10:42:03,0,https://play.google.com/store/apps/details?id=com.myntra.android
ps_c85dff40-39a9-4b30-a131-671c5a752855,play_store,fantastic shopping app,5.0,2026-08-31 10:41:33,0,https://play.google.com/store/apps/details?id=com.myntra.android
ps_6298aa54-055d-4b2a-b7d2-0cd1e3cea469,play_store,fastest delivery,5.0,2026-08-31 10:38:18,0,https://play.google.com/store/apps/details?id=com.myntra.android
ps_8ce9a6d6-6c0d-416a-a0df-6ea9d6e4b272,play_store,good quality with affordable price.,5.0,2026-08-31 10:37:56,0,https://play.google.com/store/apps/details?id=com.myntra.android
ps_02178370-af44-497e-bd26-fb379f0647fd,play_store,so good products app,5.0,2026-08-31 10:36:30,0,https://play.google.com/store/apps/details?id=com.myntra.android
ps_eaa45712-9caa-4823-b890-b9b64b0fe7ca,play_store,gud app on buying clothes,5.0,2026-08-31 10:32:33,0,https://play.google.com/store/apps/details?id=com.myntra.android
ps_359eb150-8b14-446e-a07d-75d68f873ef7,play_store,perfect shopping place,5.0,2026-08-31 10:31:05,0,https://play.google.com/store/apps/details?id=com.myntra.android
ps_8f7ff22a-0728-4ba8-83c2-8736f860df79,play_store,product quality is very good. As other platform every product is genuine price. packaging is very strong. I recommended to all if u searching for right product you must come here. 🙏🙏🙏,5.0,2026-08-31 10:27:06,0,https://play.google.com/store/apps/details?id=com.myntra.android
ps_ba604cb0-4c36-4322-b1fd-c15834ecf7df,play_store,"There are so many apps from where we buy, but Myntra is different. East or West Myntra is the best👍",5.0,2026-08-31 10:21:31,0,https://play.google.com/store/apps/details?id=com.myntra.android
ps_3932cac7-58f1-49b7-934c-fd8eb4d4ac1d,play_store,better experience I like it,5.0,2026-08-31 09:55:31,0,https://play.google.com/store/apps/details?id=com.myntra.android
ps_b1c6194d-e317-4555-952b-461fd2a6691e,play_store,Very nice products and quality,5.0,2026-08-31 09:55:13,0,https://play.google.com/store/apps/details?id=com.myntra.android
ps_1b70b56d-0b6b-44c5-afee-98fcd9ed1aa6,play_store,shopping experience is smooth on Myntra 😍,5.0,2026-08-31 09:48:08,0,https://play.google.com/store/apps/details?id=com.myntra.android
ps_62b93714-a2de-4e71-b3c4-d4613003bf0d,play_store,best app in this universe 🙏😀,5.0,2026-08-31 09:45:25,0,https://play.google.com/store/apps/details?id=com.myntra.android
ps_27cccd6c-f756-4fe6-9bc6-494ca59e16f5,play_store,"Very disappointing customer service. I received an unused product without the required plastic tag, and now I’m unable to exchange it because the tag is missing. The tag was not provided with the order in the first place. What’s worse, there is no proper or easily accessible channel to raise and resolve such complaints. Customers shouldn’t be penalized for a mistake at the time of delivery. Very poor and unfair experience.",1.0,2026-08-31 09:35:08,0,https://play.google.com/store/apps/details?id=com.myntra.android
ps_363322f1-077c-45f2-9938-8033912bfe9c,play_store,super duper Application,5.0,2026-08-31 09:19:49,0,https://play.google.com/store/apps/details?id=com.myntra.android
ps_a730cd25-829c-4549-bdf7-e3d385295f7a,play_store,better quality product and speedy delivey.. I like myntra❤,5.0,2026-08-31 09:19:40,0,https://play.google.com/store/apps/details?id=com.myntra.android
ps_b0ecfde9-e220-40a9-8d33-cf3b7cd30a8e,play_store,"wrosst happen with me i dont trust the app again , mera order kisi aur ko de rhe hai atleast refund to kr do paise return krdo bhai i lost my 1500 rs guys seriously they are joking with me mere 2 parcel prepaid wale kahi aur chhod diye inhone customer care se baat krne ka bhi koi mtlb nhi h me to 0 star dena chahti thi reviews likhne ke chakkar me i give it 1 star, literally i know its a big platform, i also liked it but they made me to hate their own app,i really disappointed with you myntra 💔",1.0,2026-08-31 09:15:00,0,https://play.google.com/store/apps/details?id=com.myntra.android
ps_a81ede62-ef8a-4a21-b66a-08eb2b674cdb,play_store,very bad delivery experience,1.0,2026-08-31 09:08:27,0,https://play.google.com/store/apps/details?id=com.myntra.android
ps_f5e9cccf-adb8-415f-a2d1-ead5093a4a5c,play_store,Large Product Collection,5.0,2026-08-31 09:07:25,0,https://play.google.com/store/apps/details?id=com.myntra.android
ps_a3deeeee-4017-4fa8-b59b-4803fdadc800,play_store,Costumer care 0% delivery too late but cloths are good,3.0,2026-08-31 08:55:26,0,https://play.google.com/store/apps/details?id=com.myntra.android
ps_7f60edec-d631-4969-b288-83f73cea41bf,play_store,Bahut hi acche product milte hain jnha se,5.0,2026-08-31 08:54:17,0,https://play.google.com/store/apps/details?id=com.myntra.android
ps_6e61b991-9710-448d-aba4-92883fbc6163,play_store,where the platform give you original brand deals with good price and additional offer,5.0,2026-08-31 08:51:08,0,https://play.google.com/store/apps/details?id=com.myntra.android
ps_f39a628b-33d4-41ce-bfdc-0f8c8e82758a,play_store,wonderful fantastic mind blowing,5.0,2026-08-31 08:50:38,0,https://play.google.com/store/apps/details?id=com.myntra.android
ps_0584d996-a0a2-4ac3-898f-d3a507a63afd,play_store,awsome good product,5.0,2026-08-31 08:47:36,0,https://play.google.com/store/apps/details?id=com.myntra.android
ps_ceb6164d-cfbf-4931-af2e-3b0352f53a04,play_store,my favourite app,5.0,2026-08-31 08:44:41,0,https://play.google.com/store/apps/details?id=com.myntra.android
ps_e23b5233-424b-4cdd-b98b-c385990625b1,play_store,great 👍 experience,5.0,2026-08-31 08:40:07,0,https://play.google.com/store/apps/details?id=com.myntra.android
ps_f4852951-2091-4fdc-9731-086f7e5555bf,play_store,"great app, mostly authentic products. love shopping on myntra..",4.0,2026-08-31 08:34:30,0,https://play.google.com/store/apps/details?id=com.myntra.android
ps_c67d6d1c-f2e2-4265-b25f-b1b8d012b639,play_store,great and good product are sold here,5.0,2026-08-31 08:29:36,0,https://play.google.com/store/apps/details?id=com.myntra.android
ps_0f4a6055-8299-4586-9048-36b87bdfc719,play_store,👍😊 best product hai myntra ka,5.0,2026-08-31 08:14:28,0,https://play.google.com/store/apps/details?id=com.myntra.android
ps_0dce6377-fbc3-414a-9c08-ed2ba7b2ac81,play_store,cast is very high,5.0,2026-08-31 08:10:36,0,https://play.google.com/store/apps/details?id=com.myntra.android
ps_61974556-43b5-49a6-9581-cb76e308da13,play_store,very much amount deducted when return,1.0,2026-08-31 08:03:38,0,https://play.google.com/store/apps/details?id=com.myntra.android
ps_5da64662-16f7-4f12-b29f-57f2d6f8d693,play_store,These app platforms charge more.,4.0,2026-08-31 07:50:16,0,https://play.google.com/store/apps/details?id=com.myntra.android
ps_21859654-8c33-4b94-9aff-d66b9e399bab,play_store,product quality is good,5.0,2026-08-31 07:47:31,0,https://play.google.com/store/apps/details?id=com.myntra.android
ps_61b6e753-9758-43e1-b7f7-6983ac139a4a,play_store,love how they come with new offers,5.0,2026-08-31 07:35:37,0,https://play.google.com/store/apps/details?id=com.myntra.android
ps_65907bd2-d47d-4b1c-8f73-dafa62dc7e5e,play_store,Myntra complete turnaround in positive way. pahle se bahut better,5.0,2026-08-31 07:33:02,0,https://play.google.com/store/apps/details?id=com.myntra.android
ps_d41590dc-e19d-4873-b009-06be58a9a53d,play_store,mind-blowing,5.0,2026-08-31 07:30:42,0,https://play.google.com/store/apps/details?id=com.myntra.android
ps_7717b38c-1e22-432e-9fa2-79395d9479ed,play_store,this is very good app for shopping,5.0,2026-08-31 06:54:36,0,https://play.google.com/store/apps/details?id=com.myntra.android
ps_53e3668c-4f4b-462f-9cbd-83bd99301001,play_store,"Very disappointed with Myntra. I received a T-shirt with extremely poor quality, and it is definitely not worth the price. I tried requesting a return twice, but both return requests were cancelled without any proper explanation or resolution. I clearly want a refund, not a replacement, but the return process has been extremely frustrating. Myntra needs to improve its return support and actually resolve customer complaints instead of cancelling requests",1.0,2026-08-31 06:53:47,0,https://play.google.com/store/apps/details?id=com.myntra.android
ps_b4d5bfc6-249c-4565-82f8-bb223b49d1fc,play_store,superb experience,5.0,2026-08-31 06:52:52,0,https://play.google.com/store/apps/details?id=com.myntra.android
ps_9c566d35-0764-40e8-8753-c6fce8fa9bc1,play_store,i like this shopping aap,5.0,2026-08-31 06:36:44,0,https://play.google.com/store/apps/details?id=com.myntra.android
ps_d054c1e6-4ff0-4ff3-926e-0a7588fadec1,play_store,nice shopping appo,4.0,2026-08-31 06:12:07,0,https://play.google.com/store/apps/details?id=com.myntra.android
ps_6077e9df-d4e4-4a98-81ea-e2b695346365,play_store,shopping ke best aap h,5.0,2026-08-31 05:53:17,0,https://play.google.com/store/apps/details?id=com.myntra.android
ps_267133ab-9991-4e7e-ba64-cac62da76e9e,play_store,bahut high price Hai install Karo bekar hai,1.0,2026-08-31 05:39:12,0,https://play.google.com/store/apps/details?id=com.myntra.android
ps_963e7e65-5e8d-4689-b1be-89bbf84be724,play_store,found best deal and fast service.,5.0,2026-08-31 04:49:15,0,https://play.google.com/store/apps/details?id=com.myntra.android
ps_16e398cb-fdf0-49d8-9437-bc60183348f3,play_store,very good 😊👍,5.0,2026-08-31 04:35:10,0,https://play.google.com/store/apps/details?id=com.myntra.android
ps_86fecc8a-358c-46c9-8ac6-241594e57ccd,play_store,trustworthy,5.0,2026-08-31 01:54:41,0,https://play.google.com/store/apps/details?id=com.myntra.android
ps_4876cc34-a59b-43ab-ad18-536036f67bd3,play_store,Best online shopping app❤️✨,5.0,2026-08-31 01:51:26,0,https://play.google.com/store/apps/details?id=com.myntra.android
ps_a9984ae5-36f6-4021-9eff-da2e2b66bd3f,play_store,i ordered for my birthday and They delayed the delivery and blame us by saying order rescheduled as per my request without my notice poor service,1.0,2026-08-31 00:55:15,0,https://play.google.com/store/apps/details?id=com.myntra.android
ps_70ba942d-1d02-461f-8837-fbf7db79f5c4,play_store,One of the best shopping apps with a great UI ... only problem is please reduce platform fees.. it's too high,5.0,2026-08-31 00:46:56,0,https://play.google.com/store/apps/details?id=com.myntra.android
ps_c8627406-a593-414f-9c65-fbe346a35bfc,play_store,always best for shopping,5.0,2026-08-31 00:43:13,0,https://play.google.com/store/apps/details?id=com.myntra.android
ps_101fcf09-f482-4b15-9274-d286b4ca00a1,play_store,best app for shopping of branded clothes,5.0,2026-08-31 00:30:18,0,https://play.google.com/store/apps/details?id=com.myntra.android
ps_5b9902f0-a61e-49c4-a603-b8aaa3353134,play_store,product quality very bad. I exchanged once and the quality was even worse.then after 2 days my account was closed.😡 Now It won't let me log in.,1.0,2026-08-31 00:28:53,0,https://play.google.com/store/apps/details?id=com.myntra.android
ps_3ee0bd97-8a6b-422a-8c61-8bfb3177a783,play_store,"Had a great shopping experience with Myntra! The app is easy to use, there are lots of amazing fashion options, and the ordering process is smooth. The product quality was good and the delivery was also on time. Overall, a reliable platform for online shopping with great offers and a wide variety of brands. Highly recommended! 😊🛍️",5.0,2026-08-31 00:14:00,0,https://play.google.com/store/apps/details?id=com.myntra.android
ps_d892787f-2077-4a1d-8b96-00f7330248b3,play_store,love this app easy to use and very good offer's,5.0,2026-08-31 00:12:47,0,https://play.google.com/store/apps/details?id=com.myntra.android
ps_42570613-7ed0-453d-9f78-feb1a8fe701f,play_store,very good and eco friendly and genuine product,5.0,2026-08-31 00:09:05,0,https://play.google.com/store/apps/details?id=com.myntra.android
ps_65ac1d6d-ded7-4a88-912b-01408a939ef9,play_store,good quality products at reasonable prices,5.0,2026-08-31 00:07:50,0,https://play.google.com/store/apps/details?id=com.myntra.android
ps_e9f2a179-2423-4065-8b3e-462efdf31052,play_store,perfect product,5.0,2026-08-31 00:06:41,0,https://play.google.com/store/apps/details?id=com.myntra.android
ps_ed1ea04f-1586-4324-a77f-43547716b0c0,play_store,Best platform,5.0,2026-08-31 00:06:38,0,https://play.google.com/store/apps/details?id=com.myntra.android
ps_8be444af-effd-442e-861d-f55f273b9698,play_store,"froud app hai, koi support nahi milta. delivery boy order khud deliver karke product rakh lete hai aur complaint karo to kahte hai sir item deliver ho gaya hum kuch nhi kar sakte. sab froud hain company bhi aur myntra ke delivery boy bhi .",1.0,2026-08-31 00:01:50,0,https://play.google.com/store/apps/details?id=com.myntra.android
ps_50830baf-e2a1-4e20-be60-ffc0d280bdad,play_store,"Bye Bye Myntra , Thanks for all the services so far .",4.0,2026-08-30 23:51:14,0,https://play.google.com/store/apps/details?id=com.myntra.android
ps_7fee2ede-056d-47d2-985f-1fbdb48b486e,play_store,the products are great,5.0,2026-08-30 23:43:53,0,https://play.google.com/store/apps/details?id=com.myntra.android
ps_8aee90b6-753b-4190-80cb-10d63efbac23,play_store,best quality product,5.0,2026-08-30 23:41:20,0,https://play.google.com/store/apps/details?id=com.myntra.android
ps_67674635-9152-45d6-8000-be9a063a8f32,play_store,pickup service is worst,3.0,2026-08-30 23:23:05,0,https://play.google.com/store/apps/details?id=com.myntra.android
ps_f71b39b0-59b8-49d9-af40-28e028aa5606,play_store,"Myntra has been one of my best online shopping experiences! Fast delivery, reliable delivery partners, great product quality, and a super smooth return/exchange process. Everything feels convenient and hassle-free. Compared to AJIO, which has been one of my worst experiences, Myntra is far more reliable. Other apps are good too, but Myntra definitely stands out for its overall service and customer experience. ❤️🤞🏻🍀",5.0,2026-08-30 23:19:06,0,https://play.google.com/store/apps/details?id=com.myntra.android
ps_d19f5082-ec86-49ad-8ef1-a8a98a99f80d,play_store,just Woww.......😇,5.0,2026-08-30 23:11:44,0,https://play.google.com/store/apps/details?id=com.myntra.android
ps_bd75c865-cfb9-490f-a755-fa2bae23f0b2,play_store,mujhe different product de diya or return v nhi kiya the bear house ka polo tshirt tha myntra se ab kavi shopping nhi krunga,1.0,2026-08-30 23:01:28,0,https://play.google.com/store/apps/details?id=com.myntra.android
ps_bb52603e-3a42-4067-9bdd-fcc423b8f4d9,play_store,Best shopping app,5.0,2026-08-30 23:00:29,0,https://play.google.com/store/apps/details?id=com.myntra.android
ps_02b4d2d9-453e-4e36-8282-1b553f854ab8,play_store,"very fast delivery. the material super cotton with Indian motif,a must wear during Indian summers",5.0,2026-08-30 22:59:50,0,https://play.google.com/store/apps/details?id=com.myntra.android
ps_b4a527d8-ade8-40d3-8239-018165094400,play_store,very good app for shopping with extra offers and low price with good quality product,5.0,2026-08-30 22:47:59,0,https://play.google.com/store/apps/details?id=com.myntra.android
ps_054093b4-8452-40ff-b9a4-c8eb35011749,play_store,"I had a really bad experience with Myntra while trying to return a product. I ordered a dress, but I received the wrong product. When I tried to initiate a return, the pickup date kept getting postponed every day. I tried contacting the Help Center several times, but my calls were not answered, and for some reason, I was unable to get any proper assistance or response. Now, I am being told that they cannot help me with the return because more than 7 days have passed. But how is this my fault?",1.0,2026-08-30 22:42:21,0,https://play.google.com/store/apps/details?id=com.myntra.android
ps_049d8bc2-ec8e-46ce-a7e5-6f0fad9af240,play_store,great deal 🔊 with good products and genuine products .....,5.0,2026-08-30 22:38:18,0,https://play.google.com/store/apps/details?id=com.myntra.android
ps_184304b5-20d4-424b-8b24-281f129773ad,play_store,nice app my rakhi delivered in 1 day,5.0,2026-08-30 22:34:52,0,https://play.google.com/store/apps/details?id=com.myntra.android
ps_b1719460-5a5c-45ff-a6fd-c20d350d2faf,play_store,Best Ecom Platform for this Generation.,5.0,2026-08-30 22:32:26,0,https://play.google.com/store/apps/details?id=com.myntra.android
ps_e5a3ebee-505c-4c25-a02d-7d0931ab4261,play_store,Best App for Shopping,5.0,2026-08-30 22:24:57,0,https://play.google.com/store/apps/details?id=com.myntra.android
ps_72d87233-7b6e-4943-8a2f-893c805180dd,play_store,every products awesome👍,5.0,2026-08-30 22:23:20,0,https://play.google.com/store/apps/details?id=com.myntra.android
ps_fadd0884-d156-4610-a08f-477528b496a4,play_store,excellent product 👍👍,5.0,2026-08-30 22:20:49,0,https://play.google.com/store/apps/details?id=com.myntra.android
ps_967a8702-3115-4bf1-ad19-05ab6bfdb1df,play_store,deals on here are fabu-mazing !!,5.0,2026-08-30 22:18:37,0,https://play.google.com/store/apps/details?id=com.myntra.android
ps_5704780c-e53b-4dc5-87e3-10592035c26f,play_store,3rd class delivery service by myntra and ekart🤡. I purchased some products in a lower price. My order reached to the nearest hub before the delivery date. But they kept it there about 7 days. They made zero delivery attempt and cancelled the order; they didn't even clarify the exact reason. Their response : Delivery of your order has completed its maximum attempts of 0 and unfortunately we cannot re-attempt the delivery. What the ....? Now the price of the product is been increased🤡,1.0,2026-08-30 22:12:39,1,https://play.google.com/store/apps/details?id=com.myntra.android
ps_b0f73db3-f6e6-4f04-94d7-ad3c6d16648a,play_store,best app and quality of products amazing every time i purchase something my response always 4aur 5 rate,5.0,2026-08-30 22:11:48,0,https://play.google.com/store/apps/details?id=com.myntra.android
ps_3a407564-6098-443d-bfe2-22bddb58038a,play_store,Very good experience,5.0,2026-08-30 22:05:55,0,https://play.google.com/store/apps/details?id=com.myntra.android
ps_742f403d-270d-4cf0-8fda-e2740aecfa5c,play_store,Always Genuine products delivered by Myntra...Thanx Myntra team,5.0,2026-08-30 21:55:55,0,https://play.google.com/store/apps/details?id=com.myntra.android
ps_9592b76e-04fc-4404-a6cb-76a59cec4a78,play_store,product quality very good,5.0,2026-08-30 21:54:10,0,https://play.google.com/store/apps/details?id=com.myntra.android
ps_b610d747-4ba8-4b6d-b96f-cc4cc45f9198,play_store,good for clothes,5.0,2026-08-30 21:53:14,0,https://play.google.com/store/apps/details?id=com.myntra.android
ps_bd6be621-467e-48b2-a302-3d9b8c005291,play_store,best quality product on myntra,5.0,2026-08-30 21:51:12,0,https://play.google.com/store/apps/details?id=com.myntra.android
ps_9af1d57f-73bb-4b95-8e9f-f04eb4e8fd29,play_store,good product as well as service,5.0,2026-08-30 21:50:57,0,https://play.google.com/store/apps/details?id=com.myntra.android
ps_d980295e-4db9-483b-a1f8-7015b5ae83b6,play_store,really best quality and price,5.0,2026-08-30 21:47:27,0,https://play.google.com/store/apps/details?id=com.myntra.android
ps_1cf7e612-3bfd-43e1-aeac-6bb9da7b9f3f,play_store,aap return charges q lete hoeverytime favorite but please change the return policy where deduction of 50es,3.0,2026-08-30 21:32:48,0,https://play.google.com/store/apps/details?id=com.myntra.android
ps_ce3ae5a1-9e14-45c6-a1ee-f9d46cb03664,play_store,it was a great experience,4.0,2026-08-30 21:23:03,0,https://play.google.com/store/apps/details?id=com.myntra.android
ps_424350b5-32bf-47e9-9d54-770ae2c835fb,play_store,কার্গো প্যান্ট,1.0,2026-08-30 21:20:12,0,https://play.google.com/store/apps/details?id=com.myntra.android
ps_349b1a9f-5476-4469-b20e-6b037eeff1c1,play_store,good product and service,5.0,2026-08-30 21:18:03,0,https://play.google.com/store/apps/details?id=com.myntra.android
ps_ac549b42-2612-49b2-8afd-f1e029f3a8e8,play_store,excellent service,5.0,2026-08-30 21:15:23,0,https://play.google.com/store/apps/details?id=com.myntra.android
ps_6b0c9a70-1dbe-42c0-9d89-8414ece617e6,play_store,my favourite shopping app❤️,5.0,2026-08-30 21:14:17,0,https://play.google.com/store/apps/details?id=com.myntra.android
ps_98603695-f0b6-43f8-bb3f-a122808c2795,play_store,good. service,5.0,2026-08-30 21:06:57,0,https://play.google.com/store/apps/details?id=com.myntra.android
ps_93daa038-4022-488c-a7ce-a5c6f96363c6,play_store,best shoping app,5.0,2026-08-30 20:58:50,0,https://play.google.com/store/apps/details?id=com.myntra.android
ps_a84aede2-3263-42f7-9e1c-6e41248adfaa,play_store,best shopping app ever,5.0,2026-08-30 20:48:00,0,https://play.google.com/store/apps/details?id=com.myntra.android
ps_5634d8bf-eb56-40c1-8b82-5b95842eb059,play_store,app is very slow recently..not able to browse for products,1.0,2026-08-30 20:47:16,0,https://play.google.com/store/apps/details?id=com.myntra.android
ps_b300b70c-c2f1-4657-a333-57dfd21556a8,play_store,best brand store,5.0,2026-08-30 20:46:44,0,https://play.google.com/store/apps/details?id=com.myntra.android
ps_7f18ed30-99d5-4324-86d2-676080780b45,play_store,very easy to use,5.0,2026-08-30 20:44:04,0,https://play.google.com/store/apps/details?id=com.myntra.android
ps_3ba14809-5bcf-4ec5-a1ff-29fcd8410c95,play_store,product quality awesome,5.0,2026-08-30 20:42:54,0,https://play.google.com/store/apps/details?id=com.myntra.android
ps_b3e8e496-48af-4db8-bb34-038efeedcdb7,play_store,wide options with lots ok likes.,5.0,2026-08-30 20:42:00,0,https://play.google.com/store/apps/details?id=com.myntra.android
ps_8812e338-38ff-408b-8333-336bf758ca78,play_store,Customer support so bad. it's been 7 days since order no proper tracking and no way to ask questions.,2.0,2026-08-30 20:39:13,0,https://play.google.com/store/apps/details?id=com.myntra.android
ps_9610917b-bc01-4a04-8664-32e7f073a20b,play_store,Very nice App,5.0,2026-08-30 20:30:32,0,https://play.google.com/store/apps/details?id=com.myntra.android
ps_c544de3f-47dd-4b27-ac11-856576e9e01d,play_store,it's sarvice is very good,5.0,2026-08-30 20:25:25,0,https://play.google.com/store/apps/details?id=com.myntra.android
ps_ebb7f3ad-05fe-4e26-ab30-f9f8be1012ae,play_store,This app is like an online scam centre. They will deliver wrong products to you and then you have to keep fighting for your refund.,1.0,2026-08-30 20:20:33,0,https://play.google.com/store/apps/details?id=com.myntra.android
ps_b97cdfdb-46cf-4300-8bf9-e8d2a5ae09ed,play_store,please change your delivery partner. such pathetic service.,1.0,2026-08-30 20:13:00,0,https://play.google.com/store/apps/details?id=com.myntra.android
ps_4f6c5584-9aac-4ba6-9e5f-dbfcfdf54118,play_store,good quality of product,5.0,2026-08-30 20:11:39,0,https://play.google.com/store/apps/details?id=com.myntra.android
ps_ca232a52-e650-4681-a47e-17b7d26ce2b9,play_store,super useful app,5.0,2026-08-30 20:10:34,0,https://play.google.com/store/apps/details?id=com.myntra.android
ps_aed3f2eb-ac13-4553-996c-880493329099,play_store,good Products,5.0,2026-08-30 20:07:12,0,https://play.google.com/store/apps/details?id=com.myntra.android
ps_1b170676-71f0-4b9b-8992-2fc493ee3605,play_store,Best customer service,5.0,2026-08-30 20:06:37,0,https://play.google.com/store/apps/details?id=com.myntra.android
ps_c30b0776-fd6e-4076-8fd5-d5a6c5d0a100,play_store,easy comfort and good product,5.0,2026-08-30 20:03:04,0,https://play.google.com/store/apps/details?id=com.myntra.android
ps_7b383913-c32f-4027-ae14-1487d0a51edd,play_store,genuine products available here,5.0,2026-08-30 19:59:32,0,https://play.google.com/store/apps/details?id=com.myntra.android
ps_f234b246-4f07-4dd2-b6c3-1d5b81f3b66b,play_store,"Myntra is one of my favorite shopping apps because it offers a great collection of trendy clothes, footwear, accessories, and beauty products. The app is easy to use, the products are well displayed, and the delivery is usually smooth and convenient. I also love the variety of brands and regular discounts. ❤️ Overall, Myntra makes online shopping simple, stylish, and enjoyable! ⭐⭐⭐⭐⭐",5.0,2026-08-30 19:58:24,1,https://play.google.com/store/apps/details?id=com.myntra.android
ps_cec6babe-6a7d-4722-818a-9bcf20f2a611,play_store,good products 🦁💥,5.0,2026-08-30 19:56:56,0,https://play.google.com/store/apps/details?id=com.myntra.android
ps_8dfbd510-31c8-436e-9e24-1daa7b146b86,play_store,this app is too good,5.0,2026-08-30 19:51:07,0,https://play.google.com/store/apps/details?id=com.myntra.android
ps_5b09afbf-cdcf-41f7-b132-1720922efadb,play_store,very fast service and reply,5.0,2026-08-30 19:51:02,0,https://play.google.com/store/apps/details?id=com.myntra.android
ps_88133f32-a547-40d7-a092-9551f5eaa077,play_store,mtyra ka delivery ajent mujhe 2 din se order nhi delivered kr raha hai or customer se bhi bat kr ke koi farak nhi pr raha hai or wo khud apni mtyra company ko pagal bana raha hai fake attempt dikha dikha ke or mtyra mujhe refund bhi nhi de raha hai na cancal kr raha hai mera order,1.0,2026-08-30 19:44:39,0,https://play.google.com/store/apps/details?id=com.myntra.android
ps_08cd6fc8-f881-4c27-b174-08ae37fe37e4,play_store,very bad aap,1.0,2026-08-30 19:43:29,0,https://play.google.com/store/apps/details?id=com.myntra.android
ps_441fe141-0ae9-44fb-a648-2a8be020b8a9,play_store,Their Glam clam is literally SCAM. The moment you upload your photo they will take years to approve it so that you don't get a commission or any reward. Such a scam platform. Those morons reply here but when you email them they don't even reply...🙄,2.0,2026-08-30 19:43:21,0,https://play.google.com/store/apps/details?id=com.myntra.android
ps_4e0f5d70-4e72-463d-819e-c4bd61d4e5e2,play_store,Too good 👍😊,5.0,2026-08-30 19:40:29,0,https://play.google.com/store/apps/details?id=com.myntra.android
ps_c5ce09b2-b566-4588-9e70-60214f5660b6,play_store,"Bought many products through out the years,great customer service in all aspects.",5.0,2026-08-30 19:34:36,0,https://play.google.com/store/apps/details?id=com.myntra.android
ps_23127327-80b5-4b0c-9691-c3216617c0d0,play_store,this app is really good,5.0,2026-08-30 19:34:11,0,https://play.google.com/store/apps/details?id=com.myntra.android
ps_50a24dcb-b78f-4683-9905-fcaf1ba92d63,play_store,it's excellent app,5.0,2026-08-30 19:33:27,0,https://play.google.com/store/apps/details?id=com.myntra.android
ps_4d4d96be-f236-4b49-84e7-00cf41c8c4ae,play_store,always very good quality product,5.0,2026-08-30 19:23:14,0,https://play.google.com/store/apps/details?id=com.myntra.android
ps_a34fbfa4-a79f-45f5-a07f-77451906a005,play_store,osm experience,5.0,2026-08-30 19:14:22,0,https://play.google.com/store/apps/details?id=com.myntra.android
ps_1fff790e-3e33-45bd-adc7-c60f32f02dac,play_store,such a great app for online shopping 🥰,5.0,2026-08-30 19:12:47,0,https://play.google.com/store/apps/details?id=com.myntra.android
ps_15c2f05d-a1c5-4660-ac19-0d5836ad7cc2,play_store,Qualities for Myntra,5.0,2026-08-30 19:07:04,0,https://play.google.com/store/apps/details?id=com.myntra.android
ps_f75f8de7-2157-49c9-b8c0-2b84ecb61e21,play_store,very useful app i love it,5.0,2026-08-30 19:06:17,0,https://play.google.com/store/apps/details?id=com.myntra.android
ps_8e1ca3fb-b961-4023-a47d-08d5bc0148f1,play_store,amazing app for buying clothes,5.0,2026-08-30 19:05:10,0,https://play.google.com/store/apps/details?id=com.myntra.android
ps_6c7370ec-e2c1-4f94-80ff-b19a97a4b20d,play_store,really nice aap. smooth to use I love the exclusive brands over here love it .,5.0,2026-08-30 19:00:26,0,https://play.google.com/store/apps/details?id=com.myntra.android
ps_c7e8c066-23f1-4814-bb17-3446236064c7,play_store,so good product love it,5.0,2026-08-30 18:58:04,0,https://play.google.com/store/apps/details?id=com.myntra.android
ps_e84206bf-a002-4f42-b77d-f702efb06478,play_store,very good app more variety,5.0,2026-08-30 18:52:33,0,https://play.google.com/store/apps/details?id=com.myntra.android
ps_542f1fa9-8d01-458b-a9d0-aab773a957ad,play_store,Overall a great experience with good authentic products and much faster delivery than the rest of the apps .,5.0,2026-08-30 18:47:50,0,https://play.google.com/store/apps/details?id=com.myntra.android
ps_466dfefa-f4b0-4720-aa74-d4550beca044,play_store,best app nice experience,5.0,2026-08-30 18:47:09,0,https://play.google.com/store/apps/details?id=com.myntra.android
ps_7c2cc209-7551-4270-8dcb-3d917ccc1e3c,play_store,woww so good,5.0,2026-08-30 18:44:26,0,https://play.google.com/store/apps/details?id=com.myntra.android
ps_73f12f46-9b5c-4146-b7cb-1cc6df6c807c,play_store,fraud app showing refund in they app but not received in my phone pay 4000 rs worst app,1.0,2026-08-30 18:36:40,0,https://play.google.com/store/apps/details?id=com.myntra.android
ps_fac9cbd6-bc85-452e-a0ec-19606a66d480,play_store,"I got been scammed I ordered a tshirt of 250 rupees but it didn't deliver at me and in app it's shown order delivered, don't download this very disappointed ☹️",1.0,2026-08-30 18:32:44,0,https://play.google.com/store/apps/details?id=com.myntra.android
ps_df1b555d-89c7-4586-8cf6-ffb42c7e165e,play_store,"i don't know many more about this platform but first' time i ordered something I get better Even bestest experience, fast delivery like and very humble delivery guy",5.0,2026-08-30 18:32:27,0,https://play.google.com/store/apps/details?id=com.myntra.android
ps_1e69f1fc-1668-4d1e-9db0-34986cfa1266,play_store,myntra app is good 👍🏻,5.0,2026-08-30 18:32:04,0,https://play.google.com/store/apps/details?id=com.myntra.android
ps_afdab4a0-59ce-4fac-a2a2-d841b7d383e0,play_store,"you cancel order without even letting the customer know, use ai products which completely differ from the original and very delayed delivery and then you dont even connect us to an agent like what the hell myntra",1.0,2026-08-30 18:22:33,0,https://play.google.com/store/apps/details?id=com.myntra.android
ps_83b00885-4f31-4242-acf3-0c29120c3184,play_store,23 inr platform fee is insane,1.0,2026-08-30 18:17:09,1,https://play.google.com/store/apps/details?id=com.myntra.android
ps_91567a03-14f6-4b83-90f2-e55a1f4c6f4f,play_store,This app give more offer then other apps 🙃,4.0,2026-08-30 18:16:10,0,https://play.google.com/store/apps/details?id=com.myntra.android
ps_a5d9b966-dea5-429d-815a-69a1f5b02f76,play_store,my aap is not open,1.0,2026-08-30 18:14:32,0,https://play.google.com/store/apps/details?id=com.myntra.android
ps_b68c9456-b847-4428-83ee-fdd8571864ba,play_store,I m really happy with my myntra experience ❤️❤️,5.0,2026-08-30 18:13:46,0,https://play.google.com/store/apps/details?id=com.myntra.android
ps_5e291c57-3e8b-48e6-a18b-4f85a159ce8a,play_store,very nice app and original product I recommend everyone buy from Myntra,5.0,2026-08-30 18:13:12,0,https://play.google.com/store/apps/details?id=com.myntra.android
ps_794c825e-b3e8-434d-bd89-27a257ffe1e7,play_store,Long live Myntra....go ahead with affordable service and price.Delivery date must be fixed to adjust ourselves.provide some coupon code on mobile and mail to enhance service🌱🌿🙏🚩🇮🇳,5.0,2026-08-30 18:13:05,0,https://play.google.com/store/apps/details?id=com.myntra.android
ps_6ba95405-f520-47d0-a285-2d6b38407898,play_store,such a nice App....just loved it,5.0,2026-08-30 18:07:48,0,https://play.google.com/store/apps/details?id=com.myntra.android
ps_ee016f81-ab65-4cdf-9967-41738b521c4d,play_store,good app for better shopping..,5.0,2026-08-30 18:04:28,0,https://play.google.com/store/apps/details?id=com.myntra.android
ps_765265d8-9095-4b04-bdb9-0c9366079ca2,play_store,the app has a cutomer support bot and no actual person there to handle issues. i got a parcel marked as delivered but no actual delivery was made and since there is noone to actually contact and the bot doesnt understand the problem there is no direct redressal method for me.,1.0,2026-08-30 18:02:24,1,https://play.google.com/store/apps/details?id=com.myntra.android
ps_8a6e6a0b-8967-4a34-9f72-7bacad457ff8,play_store,this is the best shopping platform with good brands with good discounts,5.0,2026-08-30 18:01:03,0,https://play.google.com/store/apps/details?id=com.myntra.android
ps_e5930726-b526-4ce4-89b9-0b8ae1a16fd9,play_store,myntra has become fraud now..... don't purchase anything..... playstore plz provide minus star option as well,1.0,2026-08-30 17:58:18,1,https://play.google.com/store/apps/details?id=com.myntra.android
ps_dc3ca803-178e-4df1-b916-91bb26fa54a1,play_store,product quality is best all time,5.0,2026-08-30 17:56:43,0,https://play.google.com/store/apps/details?id=com.myntra.android
ps_1f3a2017-5d78-44cc-9c24-6629721bd203,play_store,Myntra for no reason has deactivated my account and I'm unable to reach the customer service,1.0,2026-08-30 17:51:41,0,https://play.google.com/store/apps/details?id=com.myntra.android
ps_2d7e8804-08f6-459b-bba5-5004bdf00ba3,play_store,very nice online shopping aap trusted app,5.0,2026-08-30 17:51:15,0,https://play.google.com/store/apps/details?id=com.myntra.android
ps_fd0ecc3a-22df-4a26-b740-35575962bc4f,play_store,love the experience....,5.0,2026-08-30 17:49:12,0,https://play.google.com/store/apps/details?id=com.myntra.android
ps_d4aaed9a-55c1-4ae7-b9fe-606377afdf7f,play_store,super quality 👍,5.0,2026-08-30 17:45:02,0,https://play.google.com/store/apps/details?id=com.myntra.android
ps_ef1b4dca-092b-406e-8bc2-1e46a7aa62f5,play_store,so tuff. join the council,5.0,2026-08-30 17:41:03,0,https://play.google.com/store/apps/details?id=com.myntra.android
ps_411c7e4f-db49-4a9a-9cdf-354909e73d51,play_store,good service and quantity products,4.0,2026-08-30 17:40:21,0,https://play.google.com/store/apps/details?id=com.myntra.android
ps_733fbc89-a53b-46c0-9212-dba48f0f7bb0,play_store,"I am extremely disappointed with the service regarding my order return. The delivery agent refused to accept the returned watch, alleging it is not genuine. Since I am returning the exact item delivered to me by Myntra, this rejection is unacceptable. Please resolve this discrepancy immediately and process my return.",1.0,2026-08-30 17:35:42,1,https://play.google.com/store/apps/details?id=com.myntra.android
ps_a9789122-5880-4dae-b522-e6f9e4f78a48,play_store,Good quality,5.0,2026-08-30 17:26:46,0,https://play.google.com/store/apps/details?id=com.myntra.android
ps_6f165da9-5e2b-455b-be65-ef4cc7fe1688,play_store,SCAMSTERS and Fraudster ..collided with EKART Logistics Team and Marking Prepaid Orders as Delivered without delivering to customers..If we ask proof they are telling Internal report we can't share..,1.0,2026-08-30 17:21:33,1,https://play.google.com/store/apps/details?id=com.myntra.android
ps_94b8b992-1d52-4a95-9ed1-8b9ef29ddb37,play_store,"Premium quality at affordable prices. I recommend this app better than ""AZ-FLP-MSHW-¹CRY, etc.",5.0,2026-08-30 17:11:39,0,https://play.google.com/store/apps/details?id=com.myntra.android
ps_9b15f63e-4a86-42fd-9a28-20577e4c9d1e,play_store,very gud shopping app 😘,5.0,2026-08-30 17:05:51,0,https://play.google.com/store/apps/details?id=com.myntra.android
ps_ced60c79-fa46-407c-90af-cf7ad145f783,play_store,"worst app, poor packaging and forcing me for for review",1.0,2026-08-30 16:57:10,0,https://play.google.com/store/apps/details?id=com.myntra.android
ps_617b1763-6d4e-4307-8c67-babe23b03380,play_store,very good 💯,5.0,2026-08-30 16:56:09,0,https://play.google.com/store/apps/details?id=com.myntra.android
ps_ea3afa44-f185-4bf4-8e5e-f56618045179,play_store,best shopping app this app is best fashion dress,4.0,2026-08-30 16:55:54,0,https://play.google.com/store/apps/details?id=com.myntra.android
ps_e7c4d9d2-f32f-4069-bc97-29b49148c25d,play_store,i am Fully satisfied with myntra app,5.0,2026-08-30 16:55:46,0,https://play.google.com/store/apps/details?id=com.myntra.android
ps_5e3b1acd-0802-4854-ab35-f6026ee7859a,play_store,"best app ever i have found in my life fast delivery,best quality and also I can earn myntra cash yeahh it's sooo amazing please install guys best quality found hear ,,,, men ,women child ,home , makeup, footwear everything is soo nicee please guys keep exploring... here you'll find your best fit. .. I love to shop on myntra we just love this me , my friend and my family also we love myntra.",5.0,2026-08-30 16:53:24,0,https://play.google.com/store/apps/details?id=com.myntra.android
ps_06244f58-37bd-40f3-8d07-c159b7304400,play_store,don't buy from this app worst not giving any seal tag on order and if I exchange it they are not accepting it,1.0,2026-08-30 16:51:42,1,https://play.google.com/store/apps/details?id=com.myntra.android
ps_73ab9e22-acf2-4121-96f2-0ae654a85304,play_store,very good products and dilvery on time,5.0,2026-08-30 16:42:27,0,https://play.google.com/store/apps/details?id=com.myntra.android
ps_97041792-8ab0-473c-92f8-fb774bb8cf17,play_store,very good axperiance👌,5.0,2026-08-30 16:41:48,0,https://play.google.com/store/apps/details?id=com.myntra.android
ps_0746251c-1264-41f1-91ac-23f27b4ba9a7,play_store,beutiful product and best service 💫✨❤️,5.0,2026-08-30 16:37:06,0,https://play.google.com/store/apps/details?id=com.myntra.android
ps_272c010f-66ec-496b-823d-1206af3706e8,play_store,worst customer support,1.0,2026-08-30 16:36:23,1,https://play.google.com/store/apps/details?id=com.myntra.android
ps_148fca7b-b982-4017-bc22-102c57407774,play_store,Don't purchase anything form this platform the return policy is very worst and their customer care support are always misguided and not giving the proper solution. and they apply many charges as much as they can.,1.0,2026-08-30 16:35:03,0,https://play.google.com/store/apps/details?id=com.myntra.android
ps_5da093e6-402c-4fb7-ab16-afa5e3190073,play_store,it's too good for shopping,4.0,2026-08-30 16:31:14,0,https://play.google.com/store/apps/details?id=com.myntra.android
ps_6e7fc1e8-0f8e-4eaa-b52a-09d323b8f516,play_store,good at fast delivery and customer support,5.0,2026-08-30 16:29:53,0,https://play.google.com/store/apps/details?id=com.myntra.android
ps_bcf6c363-4a37-46f4-a499-cbf4d46b6662,play_store,it's amazing app,4.0,2026-08-30 16:29:48,0,https://play.google.com/store/apps/details?id=com.myntra.android
ps_9a839b25-ac14-47d8-b227-2c77cdb53252,play_store,bahut hi sundar aaya hai,5.0,2026-08-30 16:29:42,0,https://play.google.com/store/apps/details?id=com.myntra.android
ps_917db850-357c-4110-b666-dc46bd3dd663,play_store,Brilliant app,5.0,2026-08-30 16:26:26,0,https://play.google.com/store/apps/details?id=com.myntra.android
ps_d49ce266-8dd2-48ed-a158-acdc02fe7217,play_store,best fashion fub for gen-z,5.0,2026-08-30 16:26:06,0,https://play.google.com/store/apps/details?id=com.myntra.android
ps_86ab6ccc-9016-4835-a996-1e27cc7a1d4c,play_store,"myntra is putting an advertisement for a part time job on Instagram Facebook and later assigns some online task , later divert to telegram and ask to pay the amount in name of online tasks, later the amount invested is too high more than 20K, people cannot withdraw their own amount.. I raised query on Myntra but myntra is not giving the resolution instead my issues are closed and deleted from myntra.. I want to aware all the people not to trap in their advertisement and invest single penny..",1.0,2026-08-30 16:21:21,1,https://play.google.com/store/apps/details?id=com.myntra.android
ps_31ea746b-1d69-4025-8a75-fb0288361812,play_store,best application for quality product 😍😍,5.0,2026-08-30 16:17:57,0,https://play.google.com/store/apps/details?id=com.myntra.android
ps_272675f1-aef3-4ebb-ad42-ecb4ecaa9eb8,play_store,nice product 👌,5.0,2026-08-30 16:13:23,0,https://play.google.com/store/apps/details?id=com.myntra.android
ps_ce10c021-5445-4b0b-a786-31a0469c0557,play_store,Good App for product and give good service,5.0,2026-08-30 16:10:15,0,https://play.google.com/store/apps/details?id=com.myntra.android
ps_4747f23b-17e8-4cfc-99db-7c7357ee6978,play_store,"Platform experience is great, all item in properly organised and filter show accurate results. But they charge 🙄 for experience. its more than Ganne ka juice glass. 🤭",5.0,2026-08-30 16:06:25,0,https://play.google.com/store/apps/details?id=com.myntra.android
ps_39b0dbf1-ffee-4319-a726-0b7fc7ef30ce,play_store,I'm loving this app,5.0,2026-08-30 16:05:47,0,https://play.google.com/store/apps/details?id=com.myntra.android
ps_44f38e37-82a5-44c7-bcf4-f6417e17266b,play_store,excellent for shopping,5.0,2026-08-30 15:58:36,0,https://play.google.com/store/apps/details?id=com.myntra.android
ps_c9742e4c-6973-4845-a5a0-9ed4889de7a8,play_store,"making people fool.. tax calculates when you checkout... tax calculated on mrp, not on discounted price...",5.0,2026-08-30 15:58:08,0,https://play.google.com/store/apps/details?id=com.myntra.android
ps_45206fcc-c3e7-40fd-9767-c70032babfcc,play_store,don't use this app infact meesho is 10x better then this useless customer support.. they'll send untide tag and then they'll only reject returns... rubbish very very bad customer service.never ever recommended app. with two unwanted dress m holding with me useless.,1.0,2026-08-30 15:56:53,1,https://play.google.com/store/apps/details?id=com.myntra.android
ps_81ae67b2-3330-4db2-946a-c83c80df57c8,play_store,there are such too many brands with best budget you can buy in your budget,5.0,2026-08-30 15:53:18,0,https://play.google.com/store/apps/details?id=com.myntra.android
ps_125cec76-69f9-4aae-8010-dd95427ad2f8,play_store,good but sometime not working,5.0,2026-08-30 15:44:41,0,https://play.google.com/store/apps/details?id=com.myntra.android
ps_fc67137a-855e-4a3b-96e8-243f8a205c89,play_store,Outstanding,5.0,2026-08-30 15:43:51,0,https://play.google.com/store/apps/details?id=com.myntra.android
ps_18345b5d-8eb3-4133-87d1-5d6ae714641f,play_store,Thanks it's very good,4.0,2026-08-30 15:40:25,0,https://play.google.com/store/apps/details?id=com.myntra.android
ps_08f2f2c8-e9f2-45a8-aad1-2c6f60822498,play_store,good cloth material,5.0,2026-08-30 15:33:02,0,https://play.google.com/store/apps/details?id=com.myntra.android
ps_49e9bd73-09de-4df4-8818-117540af655c,play_store,"currently thus app not shoping friendly. my last order experience was very pathetic. received a packet with no seal or tag, even after accept return, amount not credited. when I visit help center they shows contact to your bank Branch. now am helpless...",1.0,2026-08-30 15:24:56,1,https://play.google.com/store/apps/details?id=com.myntra.android
ps_9ab81933-0fef-40c3-a22c-ff1ddb75bde3,play_store,good app for shopping,5.0,2026-08-30 15:24:37,0,https://play.google.com/store/apps/details?id=com.myntra.android
ps_e922303a-3e5e-4fcf-b775-c161b7951197,play_store,late delivery,1.0,2026-08-30 15:22:46,0,https://play.google.com/store/apps/details?id=com.myntra.android
ps_f7dbe3e7-3bbc-4883-ab2e-1318116036e0,play_store,A good experience buying on Myntra Fashion,5.0,2026-08-30 15:17:06,0,https://play.google.com/store/apps/details?id=com.myntra.android
ps_2114740c-c4dc-4a73-8960-5fc7e453a8d9,play_store,it's a very good app for shoping,5.0,2026-08-30 15:13:28,0,https://play.google.com/store/apps/details?id=com.myntra.android
ps_bc240569-e2ee-458a-ad2f-fd703c8c31b9,play_store,"Good, Best Quality, Good service by myntra.",5.0,2026-08-30 15:07:46,0,https://play.google.com/store/apps/details?id=com.myntra.android
ps_18cb3709-1f49-4187-bfe4-625fb338779b,play_store,Very bad experience. I insist everyone don't use myntra they will never accept there fault and will never resolve your query. I will suggest my each and every relative that don't purchase anything from Myntra.,1.0,2026-08-30 15:07:19,1,https://play.google.com/store/apps/details?id=com.myntra.android
ps_1b0d151c-69ef-4fdd-8f41-18090b395390,play_store,everything that I order is of superb quality from this app,4.0,2026-08-30 15:05:57,0,https://play.google.com/store/apps/details?id=com.myntra.android
ps_b0c8431a-18bc-4207-b676-4719f3dc21ef,play_store,very amazing and trustworthy aap,5.0,2026-08-30 15:04:31,0,https://play.google.com/store/apps/details?id=com.myntra.android
ps_d507bab9-ffae-46fd-9c43-a9b7e9bbe98a,play_store,nice 👍👍👍 products are original and return and exchange facility is good 👍👍👍,4.0,2026-08-30 15:04:10,0,https://play.google.com/store/apps/details?id=com.myntra.android
ps_b1503ce4-8550-40d8-97ab-f2c628b0db7e,play_store,now a days Myntra has been worse day by day,1.0,2026-08-30 15:03:24,1,https://play.google.com/store/apps/details?id=com.myntra.android
ps_e5063d6f-72bb-4cc5-aa27-ff527f35dbe7,play_store,it is very disappointing experience.COD is not available.Payment option is not available,1.0,2026-08-30 14:58:54,0,https://play.google.com/store/apps/details?id=com.myntra.android
ps_344e5c81-2c37-4f8c-b83f-c769710a60ca,play_store,"excellent product, keep it up",5.0,2026-08-30 14:49:53,0,https://play.google.com/store/apps/details?id=com.myntra.android
ps_518abdb5-462d-4b63-a579-f34944c95f60,play_store,Don't buy anything in this app....fraud...fake damage product provide to me.... डिलिव्हरी टाईम पे नही... पहले ही इस्तमाल किये हुए.... फटा हुआ प्रॉडक्ट डिलिव्हर किया... जो भी मेरा Review पडेगा आप सभी लोगो को भी सलाह है अपने आस पास के दुकान yaa लोगो से सामान खरेदी कीजिए.... ऑनलाइन पर भरोसा ना करे specially myntra#,1.0,2026-08-30 14:49:12,0,https://play.google.com/store/apps/details?id=com.myntra.android
ps_24b3b9b4-50d2-49ec-9efe-8426b7b47c10,play_store,"One of my orders shows that it has been delivered but it wasn't! When I raised a query after a few days it reflected that the issue has been solved! I had also initiated an exchange for another order for which we waited a week for and it automatically got cancelled without any intimation, when trying to raise an issue, it won't accept! Both the orders are prepaid and there is no refund.",1.0,2026-08-30 14:48:46,1,https://play.google.com/store/apps/details?id=com.myntra.android
ps_35a66cfd-7f53-4f4c-b809-0ac08240dd1a,play_store,best app for buy any product👍👍,5.0,2026-08-30 14:45:02,0,https://play.google.com/store/apps/details?id=com.myntra.android
ps_176e7dd5-8ee8-42d6-b4f9-cf69d22251a1,play_store,"very prompt & very consumer friendly,easy & convenient. I'm very happy!",5.0,2026-08-30 14:42:50,0,https://play.google.com/store/apps/details?id=com.myntra.android
ps_84a3b92c-4588-4be3-a458-a28ee8292bdb,play_store,it is the best app for shopping,5.0,2026-08-30 14:31:21,0,https://play.google.com/store/apps/details?id=com.myntra.android
ps_fd96b576-94e6-4469-902b-0cf4eafec846,play_store,Myntra always have wonderful things and great quality no doubt,5.0,2026-08-30 14:23:09,0,https://play.google.com/store/apps/details?id=com.myntra.android
ps_8a23d163-9f2f-42b7-b5b7-dfd976d26552,play_store,"worst service provider ever took money but didn't deliver the goods and when I asked for status they say we have done ""investigation"" and keep closing the complaints even though I didn't get the solution and when I asked what kind investigation is done the standard reply i get can't share the details 🙄 what kind of service is this",1.0,2026-08-30 14:21:29,1,https://play.google.com/store/apps/details?id=com.myntra.android
ps_9e8a11fe-9fb9-41a5-b104-c28c1a9d1caf,play_store,i am really like the product myntra is my favourite app,5.0,2026-08-30 14:20:50,0,https://play.google.com/store/apps/details?id=com.myntra.android
ps_890174dc-5e4a-48f8-ac2c-b78ba6fcdfb0,play_store,"iam very angry my rakhi not delever on time pls you also get the follow up why things return ,your delivery man not responding on call ,you didn't know about rakhi's feeling when it not reach on time ,my brother call and also watsup you but you never responded so I never choose rakhi online sorry",1.0,2026-08-30 14:19:18,0,https://play.google.com/store/apps/details?id=com.myntra.android
ps_0f5ed9bc-2373-4e1c-94d3-40d464744672,play_store,my first experience in this app is so bad other delay my order from 3 days nad still not got me my order every time when I check they show tah dilevery failed we will attempt your order soon but they can't,1.0,2026-08-30 14:17:25,0,https://play.google.com/store/apps/details?id=com.myntra.android
ps_d344e74a-074e-46fe-919a-e95ba6088433,play_store,reznable price,5.0,2026-08-30 14:14:53,0,https://play.google.com/store/apps/details?id=com.myntra.android
ps_6644db98-7a22-486c-8cf6-ae701c310dc7,play_store,was this app fast and responsive,5.0,2026-08-30 14:09:36,0,https://play.google.com/store/apps/details?id=com.myntra.android
ps_8d486032-bb0c-49f1-bb5d-7970f99e8764,play_store,first of all i did not like to purchase clothes by online app. because I had some doubt about products quality and fake products. But Myntra change my thoughts 360 degree. I get good product and in very good price. totally value for money.,5.0,2026-08-30 14:06:43,0,https://play.google.com/store/apps/details?id=com.myntra.android
ps_b2640186-5ff9-4fa2-b77f-8ebe81b9ec46,play_store,nice kurti and fabric,5.0,2026-08-30 13:57:17,0,https://play.google.com/store/apps/details?id=com.myntra.android
ps_1ef99042-2ba8-40e3-8f3d-208d132ea0d8,play_store,For genuine and Quality products I prefer to go with Myntra..✨,5.0,2026-08-30 13:57:13,0,https://play.google.com/store/apps/details?id=com.myntra.android
ps_3112ce40-9455-4c27-b436-71c4f45aa792,play_store,affordable price and Good quality products,5.0,2026-08-30 13:51:38,0,https://play.google.com/store/apps/details?id=com.myntra.android
ps_4e92d7eb-594b-48c5-a55c-a0a7452909ce,play_store,good from local shop,5.0,2026-08-30 13:42:34,0,https://play.google.com/store/apps/details?id=com.myntra.android
ps_92e789d3-da22-437a-9992-e44c6072a10c,play_store,excellent product,5.0,2026-08-30 13:42:32,0,https://play.google.com/store/apps/details?id=com.myntra.android
ps_976a53a1-04fe-4dac-bdcd-2a82cb16913c,play_store,good timing of delivery 👍🏻and product also good as per their price 👍🏻,5.0,2026-08-30 13:42:28,0,https://play.google.com/store/apps/details?id=com.myntra.android
ps_a92e9d52-ee64-4144-9373-1fbf2a1dc502,play_store,i like this,5.0,2026-08-30 13:41:15,0,https://play.google.com/store/apps/details?id=com.myntra.android
ps_66fc1576-224e-49e5-a415-4cea5b659b87,play_store,iss se aacha koi app nhi hai,5.0,2026-08-30 13:39:40,0,https://play.google.com/store/apps/details?id=com.myntra.android
ps_201b6017-922e-4e1f-b2eb-f6f1d18c600f,play_store,"It was my go to app for ordering clothes before but recently I've been noticing its steady downfall. 1. Half the time the products do not match the images displayed, & more than 3 times now I've received products entirely different than what I ordered. 2. Local, cheap quality products are being sold under the name of big brands & I've been a victim of this twice now. 3. The app has rejected 4 reviews of mine, all of which talked about the horrible quality of the products. Disappointed, HIGHLY.",1.0,2026-08-30 13:37:04,1,https://play.google.com/store/apps/details?id=com.myntra.android
ps_e8a86b30-2134-47a9-b9b0-9c179e121286,play_store,good quality product app,5.0,2026-08-30 13:35:36,0,https://play.google.com/store/apps/details?id=com.myntra.android
ps_d8f556f4-9dd9-4e88-9c25-e3e8aed6083f,play_store,the products of the myntra really worthable,5.0,2026-08-30 13:34:31,0,https://play.google.com/store/apps/details?id=com.myntra.android
ps_377dc31a-173e-4662-ba80-5528000ba6e3,play_store,"Good, Myntra Parde",5.0,2026-08-30 13:33:30,0,https://play.google.com/store/apps/details?id=com.myntra.android
ps_b0a1f48c-5f38-49eb-857e-350bb1e1f0fa,play_store,better than Flipkart,5.0,2026-08-30 13:32:26,0,https://play.google.com/store/apps/details?id=com.myntra.android
ps_5bb9b771-1745-4f48-a370-1ff717203c1a,play_store,"Most useless return experience. No one comes for pickup, then they don't generate ticket no. Chat bot as usual useless and even customer care people sounds like AI. Are there real people working in support department?",1.0,2026-08-30 13:32:15,1,https://play.google.com/store/apps/details?id=com.myntra.android
ps_c227b2ce-4ee4-4448-b6d9-39f01f92f175,play_store,worst customer care,1.0,2026-08-30 13:29:48,1,https://play.google.com/store/apps/details?id=com.myntra.android
ps_e04ebd59-2135-486b-bdd9-877a7d8f60cd,play_store,best application and product are so amazing 😍🤩,4.0,2026-08-30 13:29:42,0,https://play.google.com/store/apps/details?id=com.myntra.android
ps_698c5abb-c196-42ef-8e13-0b0393678300,play_store,Myntra stopped giving myncash I think this is the only problem with this app,2.0,2026-08-30 13:28:21,0,https://play.google.com/store/apps/details?id=com.myntra.android
ps_3908157b-7390-4d08-9c48-7c18d5ad9264,play_store,very soft and light,4.0,2026-08-30 13:27:11,0,https://play.google.com/store/apps/details?id=com.myntra.android
ps_8bc2e8d8-cb05-4a3c-935e-f6aa94419b6c,play_store,Best online shopping platform ever!,5.0,2026-08-30 13:26:03,0,https://play.google.com/store/apps/details?id=com.myntra.android
ps_262a477c-6aae-43b9-b4b2-807a9db2c752,play_store,good app and the quality product ✨,5.0,2026-08-30 13:22:29,0,https://play.google.com/store/apps/details?id=com.myntra.android
ps_1f203f0d-01b7-4a53-905f-f0d12d5dfd9b,play_store,wonderful comfortable product,5.0,2026-08-30 13:18:44,0,https://play.google.com/store/apps/details?id=com.myntra.android
ps_92c6974c-1fec-4fd6-8648-e7ab8005337e,play_store,Delivery fails and you are left with no other option than to cancel it. But refund is fast,2.0,2026-08-30 13:14:51,1,https://play.google.com/store/apps/details?id=com.myntra.android
ps_dae83b14-ec51-4da6-91a7-f785c52cb100,play_store,"very good apps, everything very nice",5.0,2026-08-30 13:12:41,0,https://play.google.com/store/apps/details?id=com.myntra.android
ps_949c8fed-76f0-4b9d-8bd2-df30be801db7,play_store,"It shows that express delivery, but it is always delayed, and they mention that the customer was not available when the delivery was attempted. The customer care service is also not helpful. It asks me to enter my registered mobile number followed by a 3-digit PIN, but it always says that it is incorrect.",1.0,2026-08-30 13:09:17,1,https://play.google.com/store/apps/details?id=com.myntra.android
ps_c0862590-073a-48b5-87f5-6d0b882782d8,play_store,very smooth & quality products with affordable price.,5.0,2026-08-30 13:01:35,0,https://play.google.com/store/apps/details?id=com.myntra.android
ps_a03a5cd1-3e75-4093-8fda-a11da1ab82d8,play_store,Now this is my brother was service the delivery date not mad or delivered or not before deliver every time deliver after,1.0,2026-08-30 12:59:30,0,https://play.google.com/store/apps/details?id=com.myntra.android
ps_e7bd861c-4145-4022-a59e-cc84f938f68b,play_store,my favorite app for shopping,4.0,2026-08-30 12:58:27,0,https://play.google.com/store/apps/details?id=com.myntra.android
ps_3c1d4fc5-a8a5-4faf-a554-773c22aad7c2,play_store,beautiful quality 10/10,5.0,2026-08-30 12:58:26,0,https://play.google.com/store/apps/details?id=com.myntra.android
ps_ca6b9bb3-8a9d-4a1f-9440-30e5414f1711,play_store,it's too easy use and also it's products has good quality,5.0,2026-08-30 12:58:15,0,https://play.google.com/store/apps/details?id=com.myntra.android
ps_0d97f35c-ae4f-4599-a120-c6d6eb8734e6,play_store,THIS APP IS FAVOURITE APP,5.0,2026-08-30 12:55:48,0,https://play.google.com/store/apps/details?id=com.myntra.android
ps_aafe39f4-016c-45c0-a2f8-44d9e6593ed4,play_store,very bad ... I ordered many items .. among them .. one was kurti but it was a bit larger for my mother so i applied for exchange.. the delivery agent denied to take the order due to the brand name tag is not their .. neither the myntra customer care helping and no chat with an agent option also,1.0,2026-08-30 12:54:47,0,https://play.google.com/store/apps/details?id=com.myntra.android
ps_5ccc4ed9-8489-4e59-8010-1ee583790f8a,play_store,awesome...great experience,5.0,2026-08-30 12:54:31,0,https://play.google.com/store/apps/details?id=com.myntra.android
ps_3f8ae5ac-3ee8-4c8e-a896-8a51d70b64e6,play_store,This app sucks so bad,1.0,2026-08-30 12:52:18,0,https://play.google.com/store/apps/details?id=com.myntra.android
ps_9acf1f45-8e96-4594-9059-501a45f7801d,play_store,always best,5.0,2026-08-30 12:50:33,0,https://play.google.com/store/apps/details?id=com.myntra.android
ps_2420fa1b-5ee3-4a7e-96e5-b7a5492be757,play_store,do not buy anything from myntra I got scammed for 2000 rs i order from myntra they delivered my package but did not update delivery status on myntra I wanted to return the dres coz it wasn't fiting me but they did not helped me,1.0,2026-08-30 12:40:01,0,https://play.google.com/store/apps/details?id=com.myntra.android
ps_81705dec-7005-4d19-8ace-f50f3d41d5b1,play_store,best experience with this app,5.0,2026-08-30 12:39:05,0,https://play.google.com/store/apps/details?id=com.myntra.android
ps_0e7d97aa-79cb-4b72-afca-86552df13b6b,play_store,"This app is too good, it provides product of good quality and in good condition",5.0,2026-08-30 12:37:13,0,https://play.google.com/store/apps/details?id=com.myntra.android
ps_dd3fa728-169b-4d9d-9c86-2f499ed68f2d,play_store,very worst app not delivering my parcel on time and also not informing anything related to my parcel........,1.0,2026-08-30 12:33:44,0,https://play.google.com/store/apps/details?id=com.myntra.android
ps_c3cea815-7030-4e24-98b2-1551301c2a09,play_store,A very Good app for shopping .,5.0,2026-08-30 12:33:11,0,https://play.google.com/store/apps/details?id=com.myntra.android
ps_dce0b147-4c88-45a9-b7b4-7694b2af4e5f,play_store,most of the product is misproduct after order.but service is better,3.0,2026-08-30 12:27:34,0,https://play.google.com/store/apps/details?id=com.myntra.android
ps_6ca97ea7-f483-4eb0-a653-d7d844015963,play_store,Best shoping aap,5.0,2026-08-30 12:26:39,0,https://play.google.com/store/apps/details?id=com.myntra.android
ps_b7643b0b-c339-4733-ae70-5c8f8ba024d6,play_store,affordable budget cloth in every price segment..best app,5.0,2026-08-30 12:16:46,0,https://play.google.com/store/apps/details?id=com.myntra.android
ps_2bf87b2e-806d-47f0-96e7-01b314339951,play_store,"⭐⭐⭐⭐⭐ Myntra is one of my favorite shopping apps! 🛍️❤️ Great collection, good quality, and fast delivery. I always enjoy shopping on Myntra. Highly recommended! ✨😊",5.0,2026-08-30 12:16:12,0,https://play.google.com/store/apps/details?id=com.myntra.android
ps_21a6ffad-d5b3-40fa-9983-e2ef031e9a91,play_store,myntra always deliver quality products and great service.,5.0,2026-08-30 12:13:08,0,https://play.google.com/store/apps/details?id=com.myntra.android
ps_a6da4ba8-02e6-4fdc-a254-aa5e802c6425,play_store,it it the good product,5.0,2026-08-30 12:12:06,0,https://play.google.com/store/apps/details?id=com.myntra.android
ps_f499afe1-6fe2-4630-8802-c1b48081eac5,play_store,"Product quality , Delivery n overall experience",5.0,2026-08-30 12:10:52,0,https://play.google.com/store/apps/details?id=com.myntra.android
ps_4d43bd6c-b773-44d3-a71e-382da6467687,play_store,Very bad customer support service.,1.0,2026-08-30 12:09:22,1,https://play.google.com/store/apps/details?id=com.myntra.android
ps_c49af8ea-2d25-442a-a7c4-3e57c534fd1d,play_store,nice platform for buying clothes,5.0,2026-08-30 12:02:36,0,https://play.google.com/store/apps/details?id=com.myntra.android
ps_be3d77e2-f34a-4c70-9081-dea5cd65cec0,play_store,good collections,5.0,2026-08-30 11:54:47,0,https://play.google.com/store/apps/details?id=com.myntra.android
ps_b48a59dc-caac-4eed-99a1-6954fa4db1f5,play_store,"very good app , good deals , offers ,",5.0,2026-08-30 11:53:15,0,https://play.google.com/store/apps/details?id=com.myntra.android
ps_cd0d5018-4a3b-42ba-830d-0b293621cb57,play_store,"⭐⭐⭐⭐⭐ Excellent Shopping Experience! I’ve had a great experience shopping on Myntra. The app is easy to use, there is a huge variety of clothes, footwear, and accessories, and there are many brands to choose from. The products are generally good quality, and the discounts and offers make shopping more affordable. Delivery is convenient, and the return/exchange process is simple. Overall, Myntra is one of my favourite online fashion shopping platforms. Highly recommended!",5.0,2026-08-30 11:52:30,1,https://play.google.com/store/apps/details?id=com.myntra.android
ps_512be520-144a-46c5-a0ec-3f7917ea16c1,play_store,love using myntra,5.0,2026-08-30 11:44:29,0,https://play.google.com/store/apps/details?id=com.myntra.android
ps_c4f085b0-474a-4d18-8282-c87c53a262d4,play_store,superb and best quilty,5.0,2026-08-30 11:43:57,0,https://play.google.com/store/apps/details?id=com.myntra.android
ps_b3ca66cd-46bd-4f0f-8321-a842fe63aa4d,play_store,I like this app,5.0,2026-08-30 11:43:56,0,https://play.google.com/store/apps/details?id=com.myntra.android
ps_9128fb1c-dd8b-46f2-937e-33ea18230342,play_store,very good app good quality product also theris products delivered on time very helpful,5.0,2026-08-30 11:41:59,0,https://play.google.com/store/apps/details?id=com.myntra.android
ps_3a29049c-5fc2-41e7-b303-e5f59efd72eb,play_store,Nice Product ✅,5.0,2026-08-30 11:37:34,0,https://play.google.com/store/apps/details?id=com.myntra.android
ps_6a280614-ddca-4df3-9441-e13434a4f103,play_store,guys don't buy from Myntra i ordered a Product and payed online it's doesn't delivered but in app shows its delivered it's scam i lost my money,1.0,2026-08-30 11:34:08,1,https://play.google.com/store/apps/details?id=com.myntra.android
ps_d10e1c7a-0ac9-40a2-b3aa-41ff721d5b8d,play_store,My account's recovered. Thank you.,5.0,2026-08-30 11:32:32,0,https://play.google.com/store/apps/details?id=com.myntra.android
ps_b45e6635-edcc-436b-8dec-8a5e5c997170,play_store,Awesome and perfect,5.0,2026-08-30 11:23:05,0,https://play.google.com/store/apps/details?id=com.myntra.android
ps_9ea041bc-4a0e-49e1-8926-19fa3b293c91,play_store,favorite since 2021,5.0,2026-08-30 11:19:35,0,https://play.google.com/store/apps/details?id=com.myntra.android
ps_9ebe5396-90cc-4a53-be29-3ac1839edf29,play_store,best platform for shopping,5.0,2026-08-30 11:09:27,0,https://play.google.com/store/apps/details?id=com.myntra.android
ps_7aef2f1b-d14d-494f-98de-814447d74ee4,play_store,very nice 👌,5.0,2026-08-30 11:07:26,0,https://play.google.com/store/apps/details?id=com.myntra.android
ps_0e97f7ab-c31b-4df9-b755-cb625ff7b637,play_store,good product in mynta like it,5.0,2026-08-30 10:52:02,0,https://play.google.com/store/apps/details?id=com.myntra.android
ps_57b2f6e1-23b0-4ddb-916f-74e1090270d4,play_store,Quality of product is always good,4.0,2026-08-30 10:51:59,0,https://play.google.com/store/apps/details?id=com.myntra.android
ps_286a1b4d-58f1-4ef7-8d83-8c835ae6ba3e,play_store,It is the best shopping app,5.0,2026-08-30 10:45:37,0,https://play.google.com/store/apps/details?id=com.myntra.android
ps_c60c5855-ac7b-4d29-ad95-9ca72ed2dfae,play_store,I have a great experience with myntra. The products are as same as I expected. I loved it 🤩.,5.0,2026-08-30 10:45:21,0,https://play.google.com/store/apps/details?id=com.myntra.android
ps_f1a0362c-9019-4abc-8643-cac3b6dd23cf,play_store,love ❤with myntra seller products by costumer... liked its,5.0,2026-08-30 10:38:23,0,https://play.google.com/store/apps/details?id=com.myntra.android
ps_90af9f5f-fc13-494e-aef0-b67344306187,play_store,one of my favourites app for shopping,5.0,2026-08-30 10:37:15,0,https://play.google.com/store/apps/details?id=com.myntra.android
ps_7b704302-5672-457a-9763-cd294fc57649,play_store,one of the worst experience I have had I ordered a product before 10 days and it has been delay I am calling the customer care and I'm informing them I have an emergency I have to get it by tomorrow but no response a simply waste app,1.0,2026-08-30 10:35:17,0,https://play.google.com/store/apps/details?id=com.myntra.android
ps_af430f6e-e7ca-4dec-9582-119cea606eef,play_store,"I have used so many shopping apps till now but Myntra is the fastest among them all in giving response. Even if there is any problem, it solves the problem.",5.0,2026-08-30 10:34:24,0,https://play.google.com/store/apps/details?id=com.myntra.android
ps_d65b0c39-c21e-4891-b3a2-d85425aa4e4c,play_store,must apk h8,5.0,2026-08-30 10:33:51,0,https://play.google.com/store/apps/details?id=com.myntra.android
ps_540911ff-4eff-4549-80f2-85199ce52e57,play_store,"Great shopping experience with Myntra! The product quality was good, the packaging was neat, and the delivery was on time. The product looked exactly like the pictures and the overall experience was smooth. The app is also easy to use, with plenty of options to choose from. Definitely recommended! 👍",5.0,2026-08-30 10:30:10,0,https://play.google.com/store/apps/details?id=com.myntra.android
ps_b0bf91f4-afc9-4e29-bc3b-7dfbde6efc97,play_store,to good product i love myntra 😘🎉,5.0,2026-08-30 10:23:33,0,https://play.google.com/store/apps/details?id=com.myntra.android
ps_6ba42fde-8b62-4691-8672-07e20e6cb331,play_store,really good app,5.0,2026-08-30 10:22:27,0,https://play.google.com/store/apps/details?id=com.myntra.android
ps_60ea2cd3-5bf8-4b21-97c4-1d413fee52a3,play_store,thank you myntra it is very good quality pravaid,4.0,2026-08-30 10:19:16,0,https://play.google.com/store/apps/details?id=com.myntra.android
ps_e11e54fb-6823-481a-82a3-e1e2132c147b,play_store,yeh very nice shopping platform,5.0,2026-08-30 10:10:11,0,https://play.google.com/store/apps/details?id=com.myntra.android
ps_80afe59f-b7e3-404f-8a57-1e53b032a288,play_store,Myntra is a best shopping app.,5.0,2026-08-30 10:07:29,0,https://play.google.com/store/apps/details?id=com.myntra.android
ps_a370502b-af08-42ca-a94f-ecb8f16cd5c8,play_store,very good 👍😊,5.0,2026-08-30 10:02:07,0,https://play.google.com/store/apps/details?id=com.myntra.android
ps_4e919710-711f-48c7-b2b4-11fad514c2c3,play_store,this product I received a good deal,5.0,2026-08-30 10:01:08,0,https://play.google.com/store/apps/details?id=com.myntra.android
ps_6335aae0-8bb1-4198-8302-b930f924bb81,play_store,myntra hai to trust hai 🥰🥰,5.0,2026-08-30 09:56:43,0,https://play.google.com/store/apps/details?id=com.myntra.android
ps_df72ad3e-656a-4cc2-931d-767cf6925277,play_store,"wonderful the product quality,colour and brands.",5.0,2026-08-30 09:54:34,0,https://play.google.com/store/apps/details?id=com.myntra.android
ps_b1277915-5f1a-42ca-9f50-f76680612d31,play_store,wonderful place for buying genuine product ✨️ 👌,5.0,2026-08-30 09:49:30,0,https://play.google.com/store/apps/details?id=com.myntra.android
ps_912d0719-db64-4cc3-9b1f-30d2fcfc8367,play_store,They cancel order by themselves on the day of delivery,1.0,2026-08-30 09:44:02,0,https://play.google.com/store/apps/details?id=com.myntra.android
ps_79c2e122-2e46-4b01-a7f9-914f8c16e5e6,play_store,very nice platform I like it so much ...,4.0,2026-08-30 09:37:59,0,https://play.google.com/store/apps/details?id=com.myntra.android
ps_c900d71b-67ca-4a85-a64e-1251e189011f,play_store,wonderful app,5.0,2026-08-30 09:31:49,0,https://play.google.com/store/apps/details?id=com.myntra.android
ps_2523b07d-d92b-4acc-b309-f1117ceff7a6,play_store,product quantity is always good...,5.0,2026-08-30 09:30:33,0,https://play.google.com/store/apps/details?id=com.myntra.android
ps_ec641fb3-9489-4c7c-b4aa-4c12bf6a3cf9,play_store,very bad app experience and very high prices and product not se expected . east or west flipkart is best go and download flipkart friends and leave this dumb app,1.0,2026-08-30 09:27:35,1,https://play.google.com/store/apps/details?id=com.myntra.android
ps_8a916d3a-9f29-4552-87f9-0713a9c18ccb,play_store,very good 👍🏻,5.0,2026-08-30 09:24:07,0,https://play.google.com/store/apps/details?id=com.myntra.android
ps_f8b0f091-70ec-493b-ba75-032f7d77831d,play_store,"The exchange policy is on papers only, Seemed like some kind of scam is going on. when you talk to customer care, the representative is saying let me look into it, complaints getting resolved on itself without even addressing.",1.0,2026-08-30 09:18:40,0,https://play.google.com/store/apps/details?id=com.myntra.android
ps_3ae04adf-c383-4e68-91ef-7fe1f812305a,play_store,famous for original product and cheap rate SO for i like Myntra.,5.0,2026-08-30 09:16:20,0,https://play.google.com/store/apps/details?id=com.myntra.android
ps_d635079d-5dec-42db-88bf-a62afc062489,play_store,"Very disappointing experience with Myntra. My order was cancelled by Myntra without my consent/confirmation. I had placed the order expecting it to be delivered, but instead it was cancelled unexpectedly. This is extremely frustrating for a customer, especially when the product/order was already confirmed. Myntra should take responsibility for such issues and provide a proper explanation instead of simply cancelling the order. Very poor customer experience. I expected much better ser",1.0,2026-08-30 09:11:48,1,https://play.google.com/store/apps/details?id=com.myntra.android
ps_32f517ca-3c4e-426f-b6fd-aa124845cd0f,play_store,just amazing,5.0,2026-08-30 09:01:50,0,https://play.google.com/store/apps/details?id=com.myntra.android
ps_db97d56d-a740-4c34-bf29-6fe6f57efb14,play_store,awesome products with good discounts,5.0,2026-08-30 08:47:53,0,https://play.google.com/store/apps/details?id=com.myntra.android
ps_3b8f92a0-b7e9-4014-846c-3fad1250bfeb,play_store,I am so happy to shopping myntra site this product is so fabulous to me I will suggest to all members to buy this product,5.0,2026-08-30 08:44:57,0,https://play.google.com/store/apps/details?id=com.myntra.android
ps_a924aa2d-a063-4e2f-9dc6-4fddfe5872c3,play_store,cheap price good quality and delivery and response very fast,5.0,2026-08-30 08:43:04,0,https://play.google.com/store/apps/details?id=com.myntra.android
ps_cade766d-7727-4ea7-9991-f32634bdb715,play_store,its unbelievable,5.0,2026-08-30 08:17:40,0,https://play.google.com/store/apps/details?id=com.myntra.android
ps_3df06e42-d612-4017-b72d-9e6eb7916578,play_store,good quality t shirt,5.0,2026-08-30 08:08:08,0,https://play.google.com/store/apps/details?id=com.myntra.android
ps_af143fd7-a889-4d6f-abde-1b36f688ee31,play_store,this app was very very good and very good price,5.0,2026-08-30 07:59:00,0,https://play.google.com/store/apps/details?id=com.myntra.android
ps_4419ed85-ee35-4350-98c2-a3bd03768942,play_store,genuine products,5.0,2026-08-30 07:57:06,0,https://play.google.com/store/apps/details?id=com.myntra.android
ps_2b1b9298-b239-4b52-845a-af6a611f8a97,play_store,poor customer support,1.0,2026-08-30 07:38:27,0,https://play.google.com/store/apps/details?id=com.myntra.android
ps_97444a86-28e1-430e-8a5a-342c1a7f271a,play_store,myntra is best ...,4.0,2026-08-30 07:33:38,0,https://play.google.com/store/apps/details?id=com.myntra.android
ps_d1c76442-7f88-4586-8d79-b5ac0eaa2538,play_store,Excellent application 👍,5.0,2026-08-30 07:24:29,0,https://play.google.com/store/apps/details?id=com.myntra.android
ps_83d5a8a2-c460-4c3f-bea0-5e2d2853d721,play_store,very nice 👍,5.0,2026-08-30 07:22:16,0,https://play.google.com/store/apps/details?id=com.myntra.android
ps_dde6297d-87d9-4391-96d9-5048fe28cb15,play_store,yumazing.!⭐,5.0,2026-08-30 07:17:22,0,https://play.google.com/store/apps/details?id=com.myntra.android
ps_bfe2569e-99e7-45f3-9f7e-33d19b3ad69c,play_store,good for cosmetic purchase,5.0,2026-08-30 07:08:17,1,https://play.google.com/store/apps/details?id=com.myntra.android
ps_605146ac-2a6a-4b0b-841c-cf61ad331d35,play_store,good apps for shopping,5.0,2026-08-30 06:45:43,0,https://play.google.com/store/apps/details?id=com.myntra.android
ps_68f26a7d-2ba7-4755-a1c1-b5d0a0b09400,play_store,Best Quality available in this site,5.0,2026-08-30 06:45:33,0,https://play.google.com/store/apps/details?id=com.myntra.android
ps_8da86c9a-13db-4461-84f0-bea5320a3882,play_store,"Do not like the latest search filters. They are slow, take time to select or unselect a category. Nowadays I see more failures on searches than ever.",1.0,2026-08-30 03:03:20,0,https://play.google.com/store/apps/details?id=com.myntra.android
ps_acdbc61f-84fe-4207-b78c-9973e1c73239,play_store,worst service,1.0,2026-08-30 02:14:14,0,https://play.google.com/store/apps/details?id=com.myntra.android
ps_206f44f0-a2bc-4af8-9cfe-a850103ad0bd,play_store,good appa one of the best aap,5.0,2026-08-30 01:59:33,0,https://play.google.com/store/apps/details?id=com.myntra.android
ps_236371c4-cc88-4e40-8c72-ec2f824d96c6,play_store,best app for shopping gives a lot of coupon,5.0,2026-08-30 01:27:05,0,https://play.google.com/store/apps/details?id=com.myntra.android
ps_dfe15a4d-4b52-4200-8f68-e7a3a4b2e3cf,play_store,very good product quality,5.0,2026-08-30 01:18:51,0,https://play.google.com/store/apps/details?id=com.myntra.android
ps_d4ee4bef-a2fb-49c3-ad96-38014c14579e,play_store,it's little expensive but quality of products in this app is outstanding look rich ❤️✨,5.0,2026-08-30 01:06:19,0,https://play.google.com/store/apps/details?id=com.myntra.android
ps_4e51767e-e3f7-4f05-827a-9dd94ec36d03,play_store,shii is crazy,5.0,2026-08-30 01:05:16,0,https://play.google.com/store/apps/details?id=com.myntra.android
ps_cdd21e43-c09b-487d-ae07-b32ff277c6e1,play_store,excellent experience,5.0,2026-08-30 01:00:31,0,https://play.google.com/store/apps/details?id=com.myntra.android
ps_3144bf80-7106-4d6d-8ffa-6e1b5a1c652f,play_store,prefer Myntra ☺️ by heart 💜,5.0,2026-08-30 00:52:02,0,https://play.google.com/store/apps/details?id=com.myntra.android
ps_0f95c7ae-63c2-447c-8994-294f6692da01,play_store,one of the best platform where I can get quality product,4.0,2026-08-30 00:39:24,0,https://play.google.com/store/apps/details?id=com.myntra.android
ps_4b66c95b-0161-4159-b704-fbc076def66e,play_store,THE BEST APP FOR ALL,5.0,2026-08-30 00:39:17,0,https://play.google.com/store/apps/details?id=com.myntra.android
ps_82c33649-f08e-46e6-8cd6-de84f4447ab9,play_store,osm shopping experience,5.0,2026-08-30 00:27:20,0,https://play.google.com/store/apps/details?id=com.myntra.android
ps_8207085c-1481-4ece-b1e2-fa789e6ba4d7,play_store,very nice and easy to handle this app,5.0,2026-08-30 00:20:19,0,https://play.google.com/store/apps/details?id=com.myntra.android
ps_4ee1ac8f-5d3d-47b4-af3b-3852df8766fe,play_store,"⭐⭐⭐⭐⭐ Very satisfied with Myntra. Fast delivery, secure packaging, and the product was exactly as shown in the app",5.0,2026-08-30 00:20:03,0,https://play.google.com/store/apps/details?id=com.myntra.android
ps_e504636a-d2eb-449d-81c3-2218c49da657,play_store,"Full of scam.....Very poor service. They cancelled my order without any reason, but still haven’t processed my refund. Extremely disappointing experience.",1.0,2026-08-30 00:18:52,0,https://play.google.com/store/apps/details?id=com.myntra.android
ps_69abcc5f-a4cd-48cf-afb2-119afd008aea,play_store,All the products were superb,5.0,2026-08-29 23:57:43,0,https://play.google.com/store/apps/details?id=com.myntra.android
ps_521a0c32-bbcf-4efc-bb6b-e782c8b245e4,play_store,it's a wonderful experience buying from Myntra. All the items I purchased from Myntra are of good quality. that's why I purchased 12 Louis Philippe shirts from this app and at a wonderful discount too...,5.0,2026-08-29 23:53:29,0,https://play.google.com/store/apps/details?id=com.myntra.android
ps_972cf80b-cfb2-476b-9648-615c925b3058,play_store,very good staff..myntra thanks,5.0,2026-08-29 23:43:19,0,https://play.google.com/store/apps/details?id=com.myntra.android
ps_88980d36-5167-444c-be93-e636f424e7b6,play_store,very very bad. Now a days ordering anything from myntra will get you trouble. They delivered other things but not that product you ordered. Also didn't do the exchange of product.,1.0,2026-08-29 23:35:31,0,https://play.google.com/store/apps/details?id=com.myntra.android
ps_0beef9ec-6dba-414e-a6d9-804bb39b7b19,play_store,hassel free,4.0,2026-08-29 23:17:54,0,https://play.google.com/store/apps/details?id=com.myntra.android
ps_8b7c7c9e-2fd8-47cd-a56b-ab508d7ef0d0,play_store,First Time Purchase,5.0,2026-08-29 23:11:54,0,https://play.google.com/store/apps/details?id=com.myntra.android
ps_3244b82f-95c3-4121-9050-c93482efa45b,play_store,west app I've ever seen .just waste of time and poor customer care.totally waste app💯💯💯💯,1.0,2026-08-29 23:10:35,0,https://play.google.com/store/apps/details?id=com.myntra.android
ps_69c2a3dd-f6e9-4b3d-9001-9da8d681ba37,play_store,application is very good,5.0,2026-08-29 22:57:11,0,https://play.google.com/store/apps/details?id=com.myntra.android
ps_8cbfcc95-ac6f-4a05-9857-dd345c1c49dd,play_store,best shopping app.,5.0,2026-08-29 22:57:01,0,https://play.google.com/store/apps/details?id=com.myntra.android
ps_91a88617-c779-41df-97ef-6571a6404a08,play_store,wonderful products...,5.0,2026-08-29 22:51:37,0,https://play.google.com/store/apps/details?id=com.myntra.android
ps_464af906-0e36-4fe7-8800-ac0188f68410,play_store,good shopping platform,5.0,2026-08-29 22:51:02,0,https://play.google.com/store/apps/details?id=com.myntra.android
ps_968dfed4-70cc-4eb4-8fed-2db242a84f1d,play_store,Good discount procedures,5.0,2026-08-29 22:46:59,0,https://play.google.com/store/apps/details?id=com.myntra.android
ps_a6da7718-8785-4e7b-b295-ba3cdb361478,play_store,"most unless app . customer care unsatisfying if I have option , I can rate this app in minus",1.0,2026-08-29 22:46:34,0,https://play.google.com/store/apps/details?id=com.myntra.android
ps_0cf6a049-79ab-4749-b13f-12e2b24fc6a7,play_store,good quality and different types of varieties,5.0,2026-08-29 22:40:38,0,https://play.google.com/store/apps/details?id=com.myntra.android
ps_266d2a45-3df8-4874-be85-5e6ff594f428,play_store,👿😡why my account suspended or deactivate 😐 😕,1.0,2026-08-29 22:40:36,1,https://play.google.com/store/apps/details?id=com.myntra.android
ps_e96b768b-0b10-4a89-8172-a3d73086d287,play_store,I'm happy ☺️,5.0,2026-08-29 22:36:13,0,https://play.google.com/store/apps/details?id=com.myntra.android
ps_d8016875-576d-4bff-9b9d-6d2a40d71ce7,play_store,Good service,5.0,2026-08-29 22:24:42,0,https://play.google.com/store/apps/details?id=com.myntra.android
ps_c60e64cb-a2aa-479f-b098-1f6436e4b825,play_store,Its A Good Apk For Shopping 👍,5.0,2026-08-29 22:11:00,0,https://play.google.com/store/apps/details?id=com.myntra.android
ps_7468433b-fb79-46b5-962f-dececf8bcc56,play_store,"They cancelled by order (shoes) today after I waited for atleast a week . Citing unforseen circumstances . This was really bad experience from Myntra. And they compensated by giving some coupon . I wasted my time ,more than a week they took for a delivery, with this app with my order . (edited again, next day) Worst experience with an app that I threw my phone away in frustration . They made me wait for more than a week for just to deliver sandals and shoes . At the end,to just cancel both.",1.0,2026-08-29 22:07:37,0,https://play.google.com/store/apps/details?id=com.myntra.android
ps_3e3fd547-ed0d-4aa7-90bc-bebeb8defd91,play_store,very much good experience,5.0,2026-08-29 22:01:32,0,https://play.google.com/store/apps/details?id=com.myntra.android
ps_4a1c5a8c-a16b-455a-84db-6807d66d5327,play_store,"One of the worst experiences in my life Installing this app, the customer service is very poor and they don't update the return request in the app nor they give the refund on time....",1.0,2026-08-29 21:59:52,0,https://play.google.com/store/apps/details?id=com.myntra.android
ps_7dda9c0a-9537-41f4-b67c-7f9de0f9b93a,play_store,"This app is very good, all the items are genuine.",5.0,2026-08-29 21:45:57,0,https://play.google.com/store/apps/details?id=com.myntra.android
ps_400e8d50-7592-43a7-93a6-54463ea0ce08,play_store,more then better,5.0,2026-08-29 21:44:36,0,https://play.google.com/store/apps/details?id=com.myntra.android
ps_27c9d92b-c518-4594-b916-780d924dc8e6,play_store,"can you please take stricter action on sellers to at least clean and sanitize their merchandise before they resend the item to another customer! I am sick and tired of receiving tops/ shirts that smell of sweat, pants that smell of urine, blood & mud stains and shoes with stones and grass stuck. okay I understand return policies are good, but atleast desanitize or clean the items before sending, because lately I have been returning every item only because they felt, smelt and seemed used.",1.0,2026-08-29 21:38:15,0,https://play.google.com/store/apps/details?id=com.myntra.android
ps_f1ba9062-ab16-4c2e-ae3b-18b25dd550b0,play_store,app is very nice and smooth,5.0,2026-08-29 21:30:11,0,https://play.google.com/store/apps/details?id=com.myntra.android
ps_d2fdc025-54ba-4e26-bc4a-e059393330fa,play_store,so many offers and discounts,5.0,2026-08-29 21:21:42,0,https://play.google.com/store/apps/details?id=com.myntra.android
ps_d0f5ef11-1b8b-4f08-8552-d2650cbdc319,play_store,good app and product good also,5.0,2026-08-29 21:17:30,0,https://play.google.com/store/apps/details?id=com.myntra.android
ps_7f310c23-aa6e-43f9-ab30-3bdefba82f66,play_store,this is totally scam don't belive them,1.0,2026-08-29 21:13:17,0,https://play.google.com/store/apps/details?id=com.myntra.android
ps_02ecefbe-e104-4fb5-ba29-4370b38a17e4,play_store,I absolutely love shopping on the Myntra app! It's my favorite platform for buying clothes — especially for the latest trends in fashion. The app is super user-friendly and fast.,5.0,2026-08-29 21:09:38,0,https://play.google.com/store/apps/details?id=com.myntra.android
ps_22e77b59-3b88-4e7e-8102-15a2c85ff712,play_store,"I’ve been a regular Myntra customer for a long time and have purchased many products without any major issues. But this time, my prepaid order was marked as delivered even though I never received it. Despite contacting customer support and trying to reach the delivery person, I still haven’t received a proper resolution or refund. Very disappointing experience, especially as a loyal customer.",1.0,2026-08-29 21:03:09,2,https://play.google.com/store/apps/details?id=com.myntra.android
ps_7ed5b114-9e23-4757-81a4-d3b3fe430b87,play_store,Myntra is really good app to look for different options for fashion in one place at one click.,5.0,2026-08-29 21:01:27,0,https://play.google.com/store/apps/details?id=com.myntra.android
ps_447416e2-3ac1-4e3d-b155-ad8c9ff39ec9,play_store,"This product is very good, you can buy it, I have used it and the result is very good.",5.0,2026-08-29 20:58:11,0,https://play.google.com/store/apps/details?id=com.myntra.android
ps_132fa176-0e50-4d04-b635-ed93676c8682,play_store,really it's very nice app. I buy many products in very low price with high quality.,5.0,2026-08-29 20:54:16,0,https://play.google.com/store/apps/details?id=com.myntra.android
ps_999d2e9e-82c6-47ee-b749-0b9ea938e09d,play_store,best shopping 🛍️ app yaha sasta or bes quality ka chije milta hai but iam so happy 😁,5.0,2026-08-29 20:44:49,0,https://play.google.com/store/apps/details?id=com.myntra.android
ps_b2eb069b-cece-47e2-af51-5fa4056bb734,play_store,I am very happy to purchase all the products from myntra Fashion. product quality is very good &they deliver all the products within the time,5.0,2026-08-29 20:38:44,0,https://play.google.com/store/apps/details?id=com.myntra.android
ps_90b196af-c84b-46c7-b358-d8ef54c4d801,play_store,good delivery experience and.quality product,5.0,2026-08-29 20:35:22,0,https://play.google.com/store/apps/details?id=com.myntra.android
ps_63973386-c3cd-44cf-ad29-b6f188355fe2,play_store,"Great app with a massive collection of clothes. The user interface is smooth, and deliveries are always on time.",5.0,2026-08-29 20:28:34,0,https://play.google.com/store/apps/details?id=com.myntra.android
ps_8a808229-c7d5-4652-becb-8802a7343115,play_store,vry setifed service product quality is vry nice delevery process is really fast go for it guys ❤️🎀,5.0,2026-08-29 20:26:15,0,https://play.google.com/store/apps/details?id=com.myntra.android
ps_1c4acf45-9297-419f-857d-d3bdb148cc6d,play_store,Amazing app for shopping..💯,5.0,2026-08-29 20:24:06,0,https://play.google.com/store/apps/details?id=com.myntra.android
ps_ab13c55e-29c9-41c3-9ff5-c26946ced941,play_store,Quality products with best prices are available on this platform. Great experience with this e commerce platform.,5.0,2026-08-29 20:09:03,0,https://play.google.com/store/apps/details?id=com.myntra.android
ps_6e7de3bf-aba2-4809-a6f4-a33a9e0b5e06,play_store,Great app to purchase branded original outfits...u can just trust it,5.0,2026-08-29 20:01:12,0,https://play.google.com/store/apps/details?id=com.myntra.android
ps_793c5dbd-bb9d-4902-86e1-e18e2895d8fc,play_store,"Awesome prices, big range of products.",5.0,2026-08-29 19:59:12,0,https://play.google.com/store/apps/details?id=com.myntra.android
ps_48d83828-86c5-40ad-a7ca-e0f93aa6e0b4,play_store,I got the nice products here,5.0,2026-08-29 19:58:12,0,https://play.google.com/store/apps/details?id=com.myntra.android
ps_515d1443-6be7-4800-8be6-60ad8f086ffe,play_store,This app is nice,5.0,2026-08-29 19:49:43,0,https://play.google.com/store/apps/details?id=com.myntra.android
ps_2d04a16d-f825-49ea-8335-85a50ede9816,play_store,"Stupid app! No way to talk to a Human Customer Care representative. Query does not get resolved. ""Call me"" option in Help never works.",1.0,2026-08-29 19:46:29,8,https://play.google.com/store/apps/details?id=com.myntra.android
ps_1205783f-92f3-4d0e-a186-1ae22a2ea1b3,play_store,you can buy very good quality product,5.0,2026-08-29 19:43:24,0,https://play.google.com/store/apps/details?id=com.myntra.android
ps_90545153-c7d6-4dcd-a88f-05c1d2fd876b,play_store,premium clothes with lower price,4.0,2026-08-29 19:42:29,0,https://play.google.com/store/apps/details?id=com.myntra.android
ps_9405674d-62c4-4159-b4ef-708beeff566b,play_store,Very nice platform,5.0,2026-08-29 19:42:10,0,https://play.google.com/store/apps/details?id=com.myntra.android
ps_ccae08ec-15ce-4e6d-94e4-15c43655b5be,play_store,its an ammazing app. Dresses are of outstanding quality🥰🥰🥰😱. Coupons and prizes are also available that make it more beneficial❣️,5.0,2026-08-29 19:41:31,0,https://play.google.com/store/apps/details?id=com.myntra.android
ps_764be368-14e8-4477-ab3e-e11710c7ee7e,play_store,good products affordable rate,5.0,2026-08-29 19:41:26,0,https://play.google.com/store/apps/details?id=com.myntra.android
ps_58b71e7e-05df-4ea0-86d5-805714fb63c0,play_store,"i ordered kitchen containers worth 658 rupees and they delivered completely different product of 6 plastic glasses. Last month i ordered shoes and after 20 days still they didnt delivered. When i spoke to myntra customer support they made me wait for an extra week, finally i asked them to cancel and refund, the system is poor and they dont even have genuine sellers, totally disappointed by myntra team. flipkart and amazon is best atleast they dont make their customers wait for such long days",1.0,2026-08-29 19:28:55,0,https://play.google.com/store/apps/details?id=com.myntra.android
ps_132576d7-72b4-4d5a-9f9d-58d1aff22089,play_store,"since I started shopping from Mantra,I haven't gotten any complaints till now. THANKS MANTRA❤️❤️💖💝",5.0,2026-08-29 19:24:58,0,https://play.google.com/store/apps/details?id=com.myntra.android
ps_5830a782-044a-4a5b-9b07-a8a6d65d7604,play_store,great for .......,5.0,2026-08-29 19:15:50,0,https://play.google.com/store/apps/details?id=com.myntra.android
ps_77b23989-a9d0-47f1-bb70-8d4da09bd0a8,play_store,"I am facing delivery delays with almost every order I place on Myntra. The expected delivery dates are repeatedly delayed, which is very frustrating and inconvenient. Please check why this is happening with my account and delivery location. I request you to improve the delivery service and ensure that my future orders are delivered on the promised date. I am not satisfied this app very very worst app I never she which type of online delivery app I am very bad 😞 I never trust this online",1.0,2026-08-29 19:14:56,0,https://play.google.com/store/apps/details?id=com.myntra.android
ps_b8780a8d-9a51-47be-99cb-ddfa8a3e7128,play_store,Myntra se jitney bhi dress liya ..mujhe bahut acche lage ..fabric bhi accha hai...So go for it...,4.0,2026-08-29 18:57:03,0,https://play.google.com/store/apps/details?id=com.myntra.android
ps_79053b47-4315-4cd1-9678-54373ec559d5,play_store,great choice and on time delivery,5.0,2026-08-29 18:49:19,0,https://play.google.com/store/apps/details?id=com.myntra.android
ps_6b8d3984-5a47-42d5-adaf-ee75019c7e71,play_store,very good 👍😊♥️,5.0,2026-08-29 18:49:18,0,https://play.google.com/store/apps/details?id=com.myntra.android
ps_9a69d8f1-f184-4930-b46c-d5ee29b56dd8,play_store,very gudd experience with online 🛍 shopping. quality and brand is awesome 👌 delivery is very early without any extra payment 😀.,5.0,2026-08-29 18:48:03,0,https://play.google.com/store/apps/details?id=com.myntra.android
ps_a6fbe02e-24a5-4051-bcb9-614eb3a0b695,play_store,good app good delivery,5.0,2026-08-29 18:29:42,0,https://play.google.com/store/apps/details?id=com.myntra.android
ps_9272d397-9f34-4124-94c7-eaae3a9385c6,play_store,good to use,5.0,2026-08-29 18:28:58,0,https://play.google.com/store/apps/details?id=com.myntra.android
ps_66fa70f3-08c0-4dfd-90a6-3099edc93090,play_store,"Honestly, the experience is quite disappointing. The biggest issue is the return or exchange, as a huge amount of money gets deducted. On top of that, customer care is not helpful either. Even after calling and explaining the problem, you don’t get any proper solution. Customers end up losing both money and time. The return/exchange policy and customer support definitely need improvement.",1.0,2026-08-29 18:18:57,2,https://play.google.com/store/apps/details?id=com.myntra.android
ps_130418d9-97cf-4133-a51e-b206db3729c7,play_store,overall a good app for styling.,4.0,2026-08-29 18:17:01,0,https://play.google.com/store/apps/details?id=com.myntra.android
ps_d6f7a8f2-5ebf-4820-8d85-ebfc42f48255,play_store,I'm enjoying my shopping from myntra.,5.0,2026-08-29 18:15:34,0,https://play.google.com/store/apps/details?id=com.myntra.android
ps_a23a03f4-4ce7-4216-9d91-1bcb8d5f5dc5,play_store,Nice shoes I like this,5.0,2026-08-29 18:06:38,0,https://play.google.com/store/apps/details?id=com.myntra.android
ps_482dde46-9e32-4df4-a65b-364075ae346a,play_store,easy to use app.,5.0,2026-08-29 18:01:09,0,https://play.google.com/store/apps/details?id=com.myntra.android
ps_801f05fc-907f-4a09-8a94-6168903b29ef,play_store,This is the best Shose,5.0,2026-08-29 17:47:24,0,https://play.google.com/store/apps/details?id=com.myntra.android
ps_aa663d46-4c63-48f9-881e-91e0d1e2a1d8,play_store,"I have been a very frequent user of myntra, however, lately their delivery, return and exchange processes have taken a hit. Earlier their logistics used to be great. Now, product delivery keeps getting delayed without any proper updates and return completion also takes way longer than it should.",1.0,2026-08-29 17:46:14,1,https://play.google.com/store/apps/details?id=com.myntra.android
ps_dc6be7d8-5521-447e-9528-8aa736d378e7,play_store,i ami really happy with myntra,5.0,2026-08-29 17:41:51,0,https://play.google.com/store/apps/details?id=com.myntra.android
ps_50f752c3-9c33-49b3-938b-5891e2708067,play_store,Useless and fake app.My product not delivered in time and when I try to call customer care they all are Ai customer care not even human😂. And without answering my question she cut my calls two times. If u don't want to delivered my product then say directly. And I pay online 3k and still not received my product.😡👎,1.0,2026-08-29 17:40:48,0,https://play.google.com/store/apps/details?id=com.myntra.android
ps_201db4ba-caba-456b-9c14-0ce17e3fd5c5,play_store,WOW!!. Best price & quality shirt,5.0,2026-08-29 17:36:55,0,https://play.google.com/store/apps/details?id=com.myntra.android
ps_b1d6e5f7-33ab-42be-b81f-6a7960dc562a,play_store,Complete fashion solutions 100 percent original,5.0,2026-08-29 17:31:53,0,https://play.google.com/store/apps/details?id=com.myntra.android
ps_c689e330-0c67-4c41-a56f-ac7ecd5205ea,play_store,trust issue with this app fake app,5.0,2026-08-29 17:24:43,0,https://play.google.com/store/apps/details?id=com.myntra.android
ps_9ca8eccc-106d-4eaf-973a-42d77b19324d,play_store,"Myntra never disappoints! 🛍️✨ Great collection, amazing styles, and a smooth shopping experience. Definitely one of my favourite fashion apps! ❤️",5.0,2026-08-29 17:18:02,0,https://play.google.com/store/apps/details?id=com.myntra.android
ps_0e583269-653f-4b15-ba62-842603d8184e,play_store,I have ordered an earbuds it was about to reach on 19th August I am still asking on 29 August where is my order waiting for my order for asking for cancellation but not able to cancel it as well pathetic service,1.0,2026-08-29 17:13:24,0,https://play.google.com/store/apps/details?id=com.myntra.android
ps_0dd6e7f5-173c-4f7f-b107-0845a44a37ef,play_store,it is very poor in privacy and safety on my account there are back to back please order but I i don't place any order and costmar care are very lengthy and unhelpful,1.0,2026-08-29 17:11:53,0,https://play.google.com/store/apps/details?id=com.myntra.android
ps_d9add656-0f19-4d0a-811d-73f71343a06d,play_store,Good App to buy,5.0,2026-08-29 17:01:11,0,https://play.google.com/store/apps/details?id=com.myntra.android
ps_4997fba8-69aa-4b5e-ae23-8bea966776fc,play_store,worst customer service and return request policy ever. please don't use this app anymore they will trouble you like you are not valuable,1.0,2026-08-29 17:00:08,0,https://play.google.com/store/apps/details?id=com.myntra.android
ps_6fbd4903-d03e-4fbc-ab82-f9e5f4b4fe61,play_store,scamer if you return product they don't refund platform fee and cash on delivery handling charges,1.0,2026-08-29 16:58:36,0,https://play.google.com/store/apps/details?id=com.myntra.android
ps_7bc6b8bc-7223-4077-89cf-a7ef73117612,play_store,good quality products. clothes are very comfortable,5.0,2026-08-29 16:56:53,0,https://play.google.com/store/apps/details?id=com.myntra.android
ps_6087b152-444c-43d1-89a9-c6b408ad41ec,play_store,"""I want to upload a video from my gallery to Myntra's Glam & Clan section. The app shows me the gallery option, but when I click on it, my gallery does not open. Please resolve this problem as soon as possible.""can't upload video on myntra glam up",1.0,2026-08-29 16:52:48,0,https://play.google.com/store/apps/details?id=com.myntra.android
ps_9a089854-8931-4bff-9db3-3548a2fc382f,play_store,very good I like so much,5.0,2026-08-29 16:47:32,0,https://play.google.com/store/apps/details?id=com.myntra.android
ps_a6287c3c-aa2d-4005-99a6-5a4a24102d6b,play_store,Pic in pic mode not working for myntra app,1.0,2026-08-29 16:35:42,18,https://play.google.com/store/apps/details?id=com.myntra.android
ps_5f12a1c9-6ca5-455e-b40b-5172e494ca4e,play_store,Myntra terminated my account and has no respect for its customers. Would not recommend to anyone,1.0,2026-08-29 16:27:50,0,https://play.google.com/store/apps/details?id=com.myntra.android
ps_8243123d-a43d-48b9-98ad-c9d74b51eb46,play_store,very bad response myntra not 🚫 proper time delivery product very fake,1.0,2026-08-29 16:26:34,0,https://play.google.com/store/apps/details?id=com.myntra.android
ps_b0653cca-9e26-4279-84f7-dfce3c8a5644,play_store,very good myntra,5.0,2026-08-29 16:20:33,0,https://play.google.com/store/apps/details?id=com.myntra.android
ps_903edf85-3397-4a6e-b1a6-a4f7ac4359f9,play_store,"Myntra is one of my favorite shopping apps! I've purchased so many things from here, and I've always been happy with the quality. The products are genuine, the quality is great and the delivery is super fast. I always have a wonderful shopping experience with Myntra. Highly recommend 💫",5.0,2026-08-29 16:19:21,0,https://play.google.com/store/apps/details?id=com.myntra.android
ps_7261f9d9-fd36-4d24-9d89-be210de4bac2,play_store,nice product fast delivery,5.0,2026-08-29 16:04:42,0,https://play.google.com/store/apps/details?id=com.myntra.android
ps_a2fdc505-d231-46eb-a6cc-234f68cf47cd,play_store,"I ordered a foot station brand ballerina and received a different brand. when I tried to exchange the size, the delivery agent denied the exchange as the app didn't accept the product received from them as it was a different brand and asked me to connect with the customer service loop. it is so frustrating when the customer service loop starts. why should I go in that loop when I am not responsible for the wrong brand received.",1.0,2026-08-29 16:04:12,0,https://play.google.com/store/apps/details?id=com.myntra.android
ps_38a1c16c-a8d8-4bd6-81a3-1fd84f632cc5,play_store,"Sometimes it becomes very difficult to order from this, as soon as you go to order, the prices increase, this is a very bad thing, otherwise the shopping platform is quite good, it sends 10 out of 10 very good items.",4.0,2026-08-29 15:54:25,0,https://play.google.com/store/apps/details?id=com.myntra.android
ps_87cfe733-9667-491d-a9b1-9c945b2ae5f1,play_store,Good Quality in Reasonable Price,5.0,2026-08-29 15:53:04,0,https://play.google.com/store/apps/details?id=com.myntra.android
ps_cfb5f72d-98b7-49ab-aad7-cdc172d6730e,play_store,yah bahut hi bekar bekar app Abhishek se galti se bhi Saman mat mangae product jo bhi mangoge aap khud pachtaoge yah company pahle to itna achcha achcha dikhati Hai light mein aur FIR itne bekar product aate Hain ki Ham pen bhi nahin sakte isko pante hi bhikhari ki tarah lagte Hain main is per ek Shayar bhi nahin Dena chahta lekin kam se kam ektari hai isliye main kam se kam ek story de raha hun aur mera yah manana hai kis app Se kabhi bhi Saman mat khariden aap dusre app ja sakte hai,1.0,2026-08-29 15:52:33,0,https://play.google.com/store/apps/details?id=com.myntra.android
ps_39fcfa27-c0f3-4f90-b9b1-67b87fecd863,play_store,fabulous 😍🤩 app,5.0,2026-08-29 15:48:19,0,https://play.google.com/store/apps/details?id=com.myntra.android
ps_ea7e521b-7547-49bc-b7f8-b4bdcbdd0e93,play_store,best quality products,5.0,2026-08-29 15:47:34,0,https://play.google.com/store/apps/details?id=com.myntra.android
ps_b7ab733f-4f9c-4ec0-aee1-2962824874ce,play_store,The worst app I have ever seen the delivery service is the worst. The delivery was delayed like 5 times They always changed the date and when the delivery came I ordered shoes the box is totally crushed and the shoes are used and after the they asked review in app and I said about delivery services and primary package 📦 damaged they rejected my review and I give photos also but they not agree and the shoes 👟 also used and the customer care service also worst after this talk you using enjoy,1.0,2026-08-29 15:45:14,0,https://play.google.com/store/apps/details?id=com.myntra.android
ps_09b1ea5b-b337-4e9b-a72f-1625416f749e,play_store,Good Quality products,4.0,2026-08-29 15:44:35,0,https://play.google.com/store/apps/details?id=com.myntra.android
ps_53f42cfa-1321-4ec7-819d-9ddc526a3a6c,play_store,hi myntra shop why are you deactivated in my account,5.0,2026-08-29 15:44:00,0,https://play.google.com/store/apps/details?id=com.myntra.android
ps_c4c59136-55c2-4763-8751-c7bb98bfaefd,play_store,really nice 👍,5.0,2026-08-29 15:41:57,0,https://play.google.com/store/apps/details?id=com.myntra.android
ps_d5b6c7fc-5bd8-4f28-ace7-8256bfc2e8d4,play_store,worst delivery experience.. as our location doesn't show in their maps..,1.0,2026-08-29 15:36:24,0,https://play.google.com/store/apps/details?id=com.myntra.android
ps_29fec131-d42b-4ab8-8010-95c0d9549552,play_store,"Delivery does not come on time, the delivery in-charge has a very poor system, do not order from this app, it is a waste of time",1.0,2026-08-29 15:33:41,0,https://play.google.com/store/apps/details?id=com.myntra.android
ps_7ff631fd-cdfe-40c2-82a7-941140e63de3,play_store,amazing products,5.0,2026-08-29 15:32:09,0,https://play.google.com/store/apps/details?id=com.myntra.android
ps_249ec2bf-ce27-4aba-9ad5-dddd7e50a00e,play_store,worst shopping app no customer care service they doesn't care about their customers at all.,1.0,2026-08-29 15:30:43,0,https://play.google.com/store/apps/details?id=com.myntra.android
ps_79a11385-c99e-4dc0-b057-eb380d87fb08,play_store,"return policy is very bad ,they rejected return for some products code even product is same or original with tag",1.0,2026-08-29 15:28:53,0,https://play.google.com/store/apps/details?id=com.myntra.android
ps_ce2418c9-5c4a-4987-a20f-a298724b5661,play_store,really nice,5.0,2026-08-29 15:21:52,0,https://play.google.com/store/apps/details?id=com.myntra.android
ps_0d6c05d1-60a0-4567-bff0-d737b7d546e2,play_store,perfect app for shopping,5.0,2026-08-29 15:19:47,0,https://play.google.com/store/apps/details?id=com.myntra.android
ps_08863115-67e3-4f81-a053-b149bcf1fedc,play_store,"Very disappointing experience with Myntra. We received the wrong product and raised a replacement request. The delivery guy collected it, but it never got properly updated in the system. It’s been two weeks and we still haven’t received the replacement or refund. Customer support is honestly useless. Every time it’s just “sorry” and scripted responses, but nobody actually resolves the issue. No proper update, no action, nothing. Very poor service and honesty not trustworthy",1.0,2026-08-29 15:17:30,0,https://play.google.com/store/apps/details?id=com.myntra.android
ps_3b9cff1f-daf8-4eab-ad56-dd18f0b75b54,play_store,Easy to use & immediate action,5.0,2026-08-29 15:15:41,0,https://play.google.com/store/apps/details?id=com.myntra.android
ps_024d46db-86a3-42d6-84f4-5672e73b7f89,play_store,I like myntra but your delevery is very slow,5.0,2026-08-29 15:15:25,0,https://play.google.com/store/apps/details?id=com.myntra.android
ps_368bcc6b-5ff1-4eba-a828-1d89a4dd3d3a,play_store,I love shopping from myntra,5.0,2026-08-29 15:14:52,0,https://play.google.com/store/apps/details?id=com.myntra.android
ps_85c13c60-4544-436e-945e-6cad5d7423df,play_store,I'm unable to place cash on delivery order myntra person came yesterday at 11pm misbehaving delivery partner misconduct,1.0,2026-08-29 15:12:03,0,https://play.google.com/store/apps/details?id=com.myntra.android
ps_63db0a49-ec24-412c-bb94-e6c600af5e4c,play_store,Good products easy to buy make life flexible,5.0,2026-08-29 15:09:39,0,https://play.google.com/store/apps/details?id=com.myntra.android
ps_bac0accc-9b38-4297-8454-ede0a378fe77,play_store,Excellent app,5.0,2026-08-29 15:05:59,0,https://play.google.com/store/apps/details?id=com.myntra.android
ps_7bdafbe3-3ca0-42e2-ad75-d3dc635e45ce,play_store,a good platform to buy goods,5.0,2026-08-29 15:05:31,0,https://play.google.com/store/apps/details?id=com.myntra.android
ps_db175470-66d5-42ad-8144-9ac952e7d1f2,play_store,"⭐⭐⭐⭐⭐ Product bahut achha hai. Quality bhi kaafi good hai aur exactly jaisa image mein dikhaya tha, waisa hi mila. Fitting aur material dono perfect hain. Overall, product se bahut satisfied hoon. ❤️",5.0,2026-08-29 14:59:58,0,https://play.google.com/store/apps/details?id=com.myntra.android
ps_b0596829-b85f-49e8-b886-9973eb39e5ee,play_store,Good quality clothes with varieties and range.,5.0,2026-08-29 14:58:34,0,https://play.google.com/store/apps/details?id=com.myntra.android
ps_a79af885-9efd-499d-8a29-d1a8bff47e80,play_store,nice experience with Myntra,5.0,2026-08-29 14:51:08,0,https://play.google.com/store/apps/details?id=com.myntra.android
ps_69573779-c9ee-42d5-a2e2-0a254b39c7c7,play_store,Worst app. Delivery is not on time,1.0,2026-08-29 14:51:02,0,https://play.google.com/store/apps/details?id=com.myntra.android
ps_fc4c18b2-d8ec-4077-b736-e308230ba692,play_store,Absolute fraud – sent a stone instead of a perfume! Zero stars if possible. Ordered a perfume and received a literal stone in the box. How does this even pass quality control? Extremely poor service and breach of trust by Myntra.,1.0,2026-08-29 14:49:50,0,https://play.google.com/store/apps/details?id=com.myntra.android
ps_58fda330-3831-49c6-9c5b-c2751cadd3aa,play_store,Overall Good experience.,5.0,2026-08-29 14:44:14,0,https://play.google.com/store/apps/details?id=com.myntra.android
ps_e6f837b4-b3a7-480d-845e-e62c9f2af8c2,play_store,soo beautiful I loved it....fabric very soft,5.0,2026-08-29 14:39:54,0,https://play.google.com/store/apps/details?id=com.myntra.android
ps_2b08f8e7-b8bf-43c9-ae1d-85641feb1b8c,play_store,very good n comfortable blindly follow after ordering product will reach you.,5.0,2026-08-29 14:37:57,0,https://play.google.com/store/apps/details?id=com.myntra.android
ps_acaff159-02d5-44bc-98b4-2c272403a934,play_store,best myntra ever,5.0,2026-08-29 14:37:50,0,https://play.google.com/store/apps/details?id=com.myntra.android
ps_8f0a5da8-542d-4dc2-a74d-45b9c12c6490,play_store,"​I love shopping on Myntra. The app is very easy to use, offers genuine brands with great discount offers, and delivery is always hassle-free!",5.0,2026-08-29 14:22:45,0,https://play.google.com/store/apps/details?id=com.myntra.android
ps_863379af-03b6-4f8c-8f5c-43bbec38e31d,play_store,I'm very grateful from shopping on myntra 🥰🤌🏻💫,5.0,2026-08-29 14:22:14,0,https://play.google.com/store/apps/details?id=com.myntra.android
ps_c5cff666-8f01-4e12-95f1-8798447d8617,play_store,suddenly my account got deactivated and the customer care is not responding to my call worst app,1.0,2026-08-29 14:21:37,0,https://play.google.com/store/apps/details?id=com.myntra.android
ps_995440b8-265e-4450-99f0-ded25cd28566,play_store,I'm very happy with Myntra Experience🥰,5.0,2026-08-29 14:19:46,1,https://play.google.com/store/apps/details?id=com.myntra.android
ps_d83fba1a-d6a9-44dd-959f-357fd5e9d9fe,play_store,"It's the most user friendly app, and we get the best discounts with the best quality. Total fuss free experience!!!",5.0,2026-08-29 14:17:41,0,https://play.google.com/store/apps/details?id=com.myntra.android
ps_00fab4af-3341-4c66-9d2f-6a6aa1dc1ca1,play_store,best app for clothing,5.0,2026-08-29 14:15:22,0,https://play.google.com/store/apps/details?id=com.myntra.android
ps_e329a9ea-0f7a-4b87-b9b3-63591cf8e6e2,play_store,One of the worst applications I've ever seen.,1.0,2026-08-29 14:11:26,0,https://play.google.com/store/apps/details?id=com.myntra.android
ps_0c4c2fff-091c-45af-a552-9fefdbf585bd,play_store,Fraud App....My money does not refund plz don't use this app,1.0,2026-08-29 14:08:57,0,https://play.google.com/store/apps/details?id=com.myntra.android
ps_7acedeb7-f0e8-4fbc-9555-2b5932bd541a,play_store,"worst experience today, this 30 mints and all bhai band krdo dukan apni ap bas normal 2 e days delivery hi rakho, today I wanted the delivery it got delayed and delayed for around 5 hours then got cancelled... worst experience ever I needed it after this also no reply on your email worst app",1.0,2026-08-29 14:07:58,0,https://play.google.com/store/apps/details?id=com.myntra.android
ps_a7e28e72-aa1f-4ce9-82dc-913bffe7252e,play_store,Such a pathetic delivery service from Myntra. Usually it takes a minimum of 7-10 Days for delivery but it's been 1 week after my usual delivery date and still the order hasn't reached my home. Whenever I call the helpline they always need 24-48 hours to solve the problem and even after 48 hours they won't even update on our problem. Never going to use Myntra again in my life. Their delivery of products sucks. Please deliver my orders. Zero updates from customer service department.TERRIBLE MYNTRA,1.0,2026-08-29 14:05:50,0,https://play.google.com/store/apps/details?id=com.myntra.android
ps_60ac3e1d-4c4b-4636-a2ea-6fb7f336aa93,play_store,"I recently purchased this GEAR backpack, and I’m really impressed with its quality. The material feels durable and premium, and the laptop compartment has an amazing fit. Overall, it’s a great backpack and offers good value for money.",4.0,2026-08-29 13:53:45,0,https://play.google.com/store/apps/details?id=com.myntra.android
ps_12917a13-ac9b-4291-b830-2760e5abd3d3,play_store,GOOD quality,5.0,2026-08-29 13:50:52,0,https://play.google.com/store/apps/details?id=com.myntra.android
ps_350f4cbc-c185-41d7-8e24-c177be6ac89d,play_store,amazing 🤩😍❤️,5.0,2026-08-29 13:50:37,0,https://play.google.com/store/apps/details?id=com.myntra.android
ps_6b8c0b4c-1332-45f9-a438-7f1290c1912a,play_store,awesome product....,5.0,2026-08-29 13:48:24,0,https://play.google.com/store/apps/details?id=com.myntra.android
ps_028ccbf7-683b-437d-a09e-3d98e59516bc,play_store,excellent platform for clothes,5.0,2026-08-29 13:40:43,0,https://play.google.com/store/apps/details?id=com.myntra.android
ps_fdea92a9-86b3-4589-aeeb-db989307e65a,play_store,Excellent app to buy anything,5.0,2026-08-29 13:40:35,0,https://play.google.com/store/apps/details?id=com.myntra.android
ps_a24f54c6-40ef-40d1-b724-a5a3756c8314,play_store,satisfied every products i ordered.,5.0,2026-08-29 13:31:29,0,https://play.google.com/store/apps/details?id=com.myntra.android
ps_8d593704-38de-4f36-b7c1-ace34e8b1d28,play_store,very good 😍 amezing online shopping 🛍️ app,4.0,2026-08-29 13:23:12,0,https://play.google.com/store/apps/details?id=com.myntra.android
ps_fbb1ee38-c26c-412a-bda1-c2f14b4e6be3,play_store,nice product ♥️,5.0,2026-08-29 13:21:47,0,https://play.google.com/store/apps/details?id=com.myntra.android
ps_2e51a135-3ce3-49f6-8da4-64816ec34432,play_store,guys don't buy anything for this app. bad customer support. they don't give you attention and any solution. poor app,1.0,2026-08-29 13:19:20,0,https://play.google.com/store/apps/details?id=com.myntra.android
ps_b6f0799c-352c-47bd-b56a-5d2458b682e8,play_store,better experience,5.0,2026-08-29 13:15:49,0,https://play.google.com/store/apps/details?id=com.myntra.android
ps_f6b48fdd-a400-4c59-9afd-dc584ce4b8d7,play_store,Myntra always satisfies me 🤗if I talk about its fabric colour and all what is formed in images Thank you Myntra,5.0,2026-08-29 13:07:43,0,https://play.google.com/store/apps/details?id=com.myntra.android
ps_3d5bf20a-ff81-4621-bf43-e1c23f176eb2,play_store,very good quality under cheap prices,5.0,2026-08-29 12:58:58,0,https://play.google.com/store/apps/details?id=com.myntra.android
ps_3814b442-eb6b-41b9-8130-ab98dd2fbdbc,play_store,it's a best shopping app,5.0,2026-08-29 12:58:29,0,https://play.google.com/store/apps/details?id=com.myntra.android
ps_29dd1d7f-f1cc-495a-9e0c-66974fc8a8d5,play_store,I swag I didn't see any app like this this app totally different i really like this and appriciate this,5.0,2026-08-29 12:51:51,0,https://play.google.com/store/apps/details?id=com.myntra.android
ps_7291b790-3643-4b8a-a3cb-8804c88e9d9a,play_store,"I ordered this product from Myntra, and they delivered a product that was already around two years old. Despite contacting customer support immediately, I was first assured that a return would be arranged. After 7–8 days of repeated follow-ups, I was suddenly told that customer support has no authority to arrange the return. The communication has been completely inconsistent and disappointing.",1.0,2026-08-29 12:50:19,1,https://play.google.com/store/apps/details?id=com.myntra.android
ps_2c1cf229-a87d-47e7-a516-15ebed32ed09,play_store,Myntra world number 1 shoping app,5.0,2026-08-29 12:45:14,0,https://play.google.com/store/apps/details?id=com.myntra.android
ps_b998bf1f-f169-46ab-84b9-10c3e4730b37,play_store,this is good,5.0,2026-08-29 12:40:33,0,https://play.google.com/store/apps/details?id=com.myntra.android
ps_6219b2b9-f601-4341-910f-b37755c1af61,play_store,"My experience is very good and the product I got is also very good, this is an app that everyone should use and experience, thanks mayntra. And I am going to ask for many things.✌️",5.0,2026-08-29 12:40:00,0,https://play.google.com/store/apps/details?id=com.myntra.android
ps_0e23ea33-e538-4d33-974f-903d34ae0844,play_store,very much user friendly,5.0,2026-08-29 12:21:46,0,https://play.google.com/store/apps/details?id=com.myntra.android
ps_639d4faf-6e24-46c3-b4d4-64a195a25ea0,play_store,thanks myntra team,5.0,2026-08-29 12:19:49,0,https://play.google.com/store/apps/details?id=com.myntra.android
ps_5f00ec5f-9dab-4da1-b4f0-59026c1b3474,play_store,"Their delivery speed and timely updates are excellent as well as product handling, overall good customer service 👍.",5.0,2026-08-29 12:06:42,0,https://play.google.com/store/apps/details?id=com.myntra.android
ps_0456c2e0-ab6f-4e23-bb42-0fe6c4ce427e,play_store,delivery is getting too much delayed during festive season. poor behaviour,4.0,2026-08-29 12:04:52,0,https://play.google.com/store/apps/details?id=com.myntra.android
ps_2b78eed0-9a64-4ec7-9cd5-68a6642fbf71,play_store,for shopping myntra is good for that only I have given 2 stars but when it comes to customer support it is zero there is no proper response from they myntra customer support or bpo as while ordering it showed me the order will be delivered by 27 th aug 2026 and today date is 29 still the order is not delivered,2.0,2026-08-29 12:01:31,0,https://play.google.com/store/apps/details?id=com.myntra.android
ps_b4c50c1b-2c72-47af-8932-098d5b8d765d,play_store,they canceled the order which was out for delivery the app is not trustworthy,1.0,2026-08-29 11:57:48,0,https://play.google.com/store/apps/details?id=com.myntra.android
ps_0237009e-de9b-40de-92fd-f9e692eb359b,play_store,perfect shopping app,4.0,2026-08-29 11:55:43,0,https://play.google.com/store/apps/details?id=com.myntra.android
ps_f8ebe459-d14b-4944-82f6-4f8d6b06522e,play_store,Very good and reliable shopping platform,5.0,2026-08-29 11:55:30,0,https://play.google.com/store/apps/details?id=com.myntra.android
ps_7a25f473-38da-419e-8b52-d8e230626350,play_store,it's valuable platform for clothes.,5.0,2026-08-29 11:50:19,0,https://play.google.com/store/apps/details?id=com.myntra.android
ps_e51dd7aa-61c4-4aca-896b-4b205689c7a7,play_store,improve the packaging,4.0,2026-08-29 11:34:02,0,https://play.google.com/store/apps/details?id=com.myntra.android
ps_043a4e01-1501-484d-9474-4eed5aa50abc,play_store,worst app ever. no accountability. product reached nearby hub since a week still not delivered even on promised date. no human customer supports. all bots... shows delivery failed but no delivery person came or called me. I called them many times no response. so basically no support from Myntra at all... all sham and scam.... completely disappointed and would never recommend anyone,1.0,2026-08-29 11:25:23,0,https://play.google.com/store/apps/details?id=com.myntra.android
ps_06535cf5-23f1-471b-97b1-5c2187f27889,play_store,awesome shirt,5.0,2026-08-29 11:13:30,0,https://play.google.com/store/apps/details?id=com.myntra.android
ps_48218fc1-6ffc-4c47-bc8a-fbdb548e8f1d,play_store,always good experience of shoping on Myntra,5.0,2026-08-29 11:06:21,0,https://play.google.com/store/apps/details?id=com.myntra.android
ps_e1844926-09de-4cd5-9d1c-6d9a240f5d42,play_store,nice produced,3.0,2026-08-29 11:04:29,0,https://play.google.com/store/apps/details?id=com.myntra.android
ps_6a716d6a-f091-43e8-91cd-4dd14c2bba10,play_store,"Honestly, this is the best app to purchase fashion items in India rn.",5.0,2026-08-29 11:03:45,0,https://play.google.com/store/apps/details?id=com.myntra.android
ps_c1150fb7-ae59-4c0b-be80-a0e9a8911829,play_store,horrible experience...in name of express delivery not get my product even after 5-6 days.,1.0,2026-08-29 11:03:40,0,https://play.google.com/store/apps/details?id=com.myntra.android
ps_819dde82-8047-420b-a81c-8ed11a6ad327,play_store,A useless app my order got delayed and they gave me a fake ai call which clearly can't understand clearly terrible experience at least ajio is better,1.0,2026-08-29 10:48:45,0,https://play.google.com/store/apps/details?id=com.myntra.android
ps_468cc56e-bf69-44fc-b2b8-8216ab64c590,play_store,good app and better facilities but some expensive 😊,5.0,2026-08-29 10:47:40,0,https://play.google.com/store/apps/details?id=com.myntra.android
ps_112c296c-d3a3-4222-acf2-70a439b12962,play_store,amazing aap but prices of product is little bit high,5.0,2026-08-29 10:46:49,0,https://play.google.com/store/apps/details?id=com.myntra.android
ps_3d1cf9a7-c809-4c68-b86e-dfe53dca43f4,play_store,amazing product,5.0,2026-08-29 10:45:29,0,https://play.google.com/store/apps/details?id=com.myntra.android
ps_64d31a63-92c6-4ff1-b488-121d3d62b75c,play_store,Amazing experience❤️,5.0,2026-08-29 10:37:51,0,https://play.google.com/store/apps/details?id=com.myntra.android
ps_86c90f21-96e9-4431-965a-a79adf1abbbe,play_store,"hangs, pictures added on reviews don't open, unable to add item in cart. button gets stuck. mostly it's buggy on pixel phone and not iphone",3.0,2026-08-29 10:31:31,0,https://play.google.com/store/apps/details?id=com.myntra.android
ps_ddce84bf-2589-49bc-8d5d-7d35215c4c31,play_store,I love Alcis sports Nice T shirt 👍,5.0,2026-08-29 10:19:16,0,https://play.google.com/store/apps/details?id=com.myntra.android
ps_fea78438-7d96-480f-8b34-25c3d02ede01,play_store,Superb. its gd to shop from here. nice collection nice colour and reasonable prices. upto u wht u want.,5.0,2026-08-29 09:50:50,0,https://play.google.com/store/apps/details?id=com.myntra.android
ps_1ef315a7-c905-40c6-8a2f-67026be2d9c8,play_store,very nice experience using myntra,5.0,2026-08-29 09:50:20,0,https://play.google.com/store/apps/details?id=com.myntra.android
ps_4535c5e7-8b6b-4bbf-8d93-2902c2a5a7f9,play_store,"This service has really worst these days. Cancelling without consent, not delivering and keeping it for 2 months, no proper explanation no problem remedy from Myntra side. What I got is frustration not service",1.0,2026-08-29 09:49:20,0,https://play.google.com/store/apps/details?id=com.myntra.android
ps_5b0c49fc-16d2-4224-9192-69cd98de0844,play_store,good quality products.easy return and exchange available.,5.0,2026-08-29 09:47:36,0,https://play.google.com/store/apps/details?id=com.myntra.android
ps_15394bb1-4533-4cbd-9398-4bc793cff990,play_store,good products.....,5.0,2026-08-29 09:42:10,0,https://play.google.com/store/apps/details?id=com.myntra.android
ps_701de03e-d92a-46f2-8129-6fae39294368,play_store,i never face any issue while placing an order.,5.0,2026-08-29 09:30:45,0,https://play.google.com/store/apps/details?id=com.myntra.android
ps_4cbab9ed-4abb-4df2-a670-e4688bac4478,play_store,woww very nice app🤗🥰,5.0,2026-08-29 09:26:15,0,https://play.google.com/store/apps/details?id=com.myntra.android
ps_37a030b7-5a7a-4be0-a9c0-e77e68b187d0,play_store,very good app but i request you to give more discount and myncash and reduse delivery time and add grocery items,4.0,2026-08-29 09:17:52,0,https://play.google.com/store/apps/details?id=com.myntra.android
ps_ea419808-3131-4dcf-b7ca-ded8cb45b75d,play_store,worst app they not good service,1.0,2026-08-29 09:06:56,0,https://play.google.com/store/apps/details?id=com.myntra.android
ps_2611633c-1423-4bb9-8502-ea738b7a9562,play_store,the best shopping app,5.0,2026-08-29 09:04:15,0,https://play.google.com/store/apps/details?id=com.myntra.android
ps_82934dcf-ee53-45ec-bc99-49e16cf83a49,play_store,Amazing app,5.0,2026-08-29 09:00:49,0,https://play.google.com/store/apps/details?id=com.myntra.android
ps_7f6b6bdb-9619-409e-86d8-a1ac250eeaee,play_store,i Like myntra products🥰🥰6,5.0,2026-08-29 09:00:36,0,https://play.google.com/store/apps/details?id=com.myntra.android
ps_35912fbd-6c5a-42d3-89bd-3a281f474e3a,play_store,all time good 😊,5.0,2026-08-29 08:54:10,1,https://play.google.com/store/apps/details?id=com.myntra.android
ps_d819426f-a177-425c-bdde-2f70b13b7262,play_store,best shopping i have ever received,5.0,2026-08-29 08:47:49,0,https://play.google.com/store/apps/details?id=com.myntra.android
ps_b0fe6322-8872-4227-b5f5-6b0bcc67b48c,play_store,very good application,5.0,2026-08-29 08:41:22,0,https://play.google.com/store/apps/details?id=com.myntra.android
ps_e243f55d-7d1b-4bd3-a8c4-62ac176fdf35,play_store,"This app is really amazing and easy to use. The interface is simple, smooth, and user-friendly. Everything works properly without any major issues. I really like the features and overall experience. The app is useful, fast, and reliable. Definitely worth trying and highly recommended!",5.0,2026-08-29 08:38:11,0,https://play.google.com/store/apps/details?id=com.myntra.android
ps_108403ba-cb2d-487d-acef-8298a7cb0f87,play_store,Fast and good Product,5.0,2026-08-29 08:25:52,0,https://play.google.com/store/apps/details?id=com.myntra.android
ps_53eed680-2840-48c0-8511-0f2d6e171080,play_store,it was great experience with myntra once I ordered a dress which I got as expected Thank you for not breaking my trust.❤️❤️❤️❤️ so much love from me,4.0,2026-08-29 08:01:51,0,https://play.google.com/store/apps/details?id=com.myntra.android
ps_4303da48-8885-4c33-be10-3e492083237e,play_store,it's very good app,5.0,2026-08-29 07:57:15,1,https://play.google.com/store/apps/details?id=com.myntra.android
ps_b46f371d-428a-4f19-86a5-bcdfed55fc00,play_store,fantastic love the app,5.0,2026-08-29 07:51:59,0,https://play.google.com/store/apps/details?id=com.myntra.android
ps_9b40a332-b239-40e8-bb7f-395b92061e5a,play_store,Best clothing app🔥,5.0,2026-08-29 07:47:55,0,https://play.google.com/store/apps/details?id=com.myntra.android
ps_be669e15-6b90-4265-bbe8-bbee19253fe9,play_store,"it is add free it is less expensive the products in this app are less expensive you can even buy costly items even in low price this app is so good you can rate the product and earn money cash which will be add to your wallet so that you can purchase it later discounting the money, it is simple easy to use, the dresses in this app are so gorgeous, I am so in love with Myntra, must download it",5.0,2026-08-29 07:35:08,1,https://play.google.com/store/apps/details?id=com.myntra.android
ps_7c75fd5a-cbbf-491c-83ce-2442c2575a2c,play_store,good app for shopping but recently the AI generated models for clothing and makeup.it is ruining expirence as a customer,2.0,2026-08-29 07:34:38,0,https://play.google.com/store/apps/details?id=com.myntra.android
ps_4dbf5095-ef88-4c86-b9dd-f247dc9586f2,play_store,tooo much good forvdress,5.0,2026-08-29 07:26:50,0,https://play.google.com/store/apps/details?id=com.myntra.android
ps_ddc6ab46-b33d-4966-b34d-2dddb1264dff,play_store,it delivery time is so late,4.0,2026-08-29 06:59:41,0,https://play.google.com/store/apps/details?id=com.myntra.android
ps_9c407e64-392b-49d6-baf7-6163cf04db59,play_store,"worst shopping app ever. I have ordered 5 products, delivery got delayed and delayed and then when I cancelled it, they just put the label ""refunded"", I did not even receive my money back. customer care don't care for customers",1.0,2026-08-29 06:46:36,0,https://play.google.com/store/apps/details?id=com.myntra.android
ps_4b360500-7435-49f1-8742-6d11d74cf1e1,play_store,good product quality is 😊 good,5.0,2026-08-29 06:41:58,0,https://play.google.com/store/apps/details?id=com.myntra.android
ps_57f56923-14a4-47d4-8ffb-2ec3f521961c,play_store,verry good 👍👍👍👍👍👍,4.0,2026-08-29 06:17:52,0,https://play.google.com/store/apps/details?id=com.myntra.android
ps_e22a5df9-1add-4455-8ac3-5f11b4257238,play_store,A good product helps to find this app,4.0,2026-08-29 05:35:06,0,https://play.google.com/store/apps/details?id=com.myntra.android
ps_3cd3dc2c-e59e-494f-8c46-916e631f8de9,play_store,I ordered a product the app cancelled the product. very bad experience.,1.0,2026-08-29 03:08:34,0,https://play.google.com/store/apps/details?id=com.myntra.android
ps_cfb563b3-0ee7-4b1b-b7e3-5241b0095688,play_store,absolutely pathetic interface and a lousy support/help desk!,1.0,2026-08-29 02:43:26,0,https://play.google.com/store/apps/details?id=com.myntra.android
ps_c4a54111-8a1a-4bef-81a2-aae895c82fa6,play_store,best amazing 👏 🤩,5.0,2026-08-29 02:06:52,0,https://play.google.com/store/apps/details?id=com.myntra.android
ps_df212872-623d-4719-b1a8-3d5a1605028b,play_store,i am verey Happy as a customer your service is good to customers keep it and i hope you can make fast delivery to customers,3.0,2026-08-29 01:52:08,0,https://play.google.com/store/apps/details?id=com.myntra.android
ps_9912cc5f-54e1-4c0e-a47d-d998e19b3ebe,play_store,this is good aap,5.0,2026-08-29 01:14:30,0,https://play.google.com/store/apps/details?id=com.myntra.android
ps_b7847adf-ca3e-4b13-ac2f-8b271dae2273,play_store,i feel like the quality is good in myntra than other,5.0,2026-08-29 01:12:12,0,https://play.google.com/store/apps/details?id=com.myntra.android
ps_e082e95f-9ad4-4aa8-aec1-2aac226c715a,play_store,best place eone stop shopping,5.0,2026-08-29 00:46:35,0,https://play.google.com/store/apps/details?id=com.myntra.android
ps_1bbd6989-8b49-40cf-ba10-27088fbfd89a,play_store,a brilliant app,5.0,2026-08-29 00:40:22,0,https://play.google.com/store/apps/details?id=com.myntra.android
ps_83bfaba8-fd82-4671-bec4-9dc2e81c8a1b,play_store,don't buy anything from here they'll always manipulate you in prices but you compare to other site you'll found better price they'll will give coupon all time but it's not means price became less so don't be confused and don't try go at Ajio buy better product in good price.,1.0,2026-08-29 00:12:12,0,https://play.google.com/store/apps/details?id=com.myntra.android
ps_ab4f1b43-9fc6-440c-93c0-f6130df4d360,play_store,Customer service is non existent. Distraught after the useless experience. Myntra has now become the least trustworthy. No promise delivered & misleading customers.,1.0,2026-08-29 00:03:05,0,https://play.google.com/store/apps/details?id=com.myntra.android
ps_693287fc-d045-411e-a64d-b4b56e98e44a,play_store,nice app for fashion,5.0,2026-08-28 23:58:10,0,https://play.google.com/store/apps/details?id=com.myntra.android
ps_2489e076-2d49-493b-8d38-3b632c09401c,play_store,awesome app for shopping,5.0,2026-08-28 23:57:01,0,https://play.google.com/store/apps/details?id=com.myntra.android
ps_636e204c-f6e3-4b32-8fa6-76518ab0b0d0,play_store,product same as shown on app,5.0,2026-08-28 23:44:51,0,https://play.google.com/store/apps/details?id=com.myntra.android
ps_569c6f4c-7ac8-4d40-8db1-de1e44b5921a,play_store,"best aap for Good choice for clothes and branded fashion, but always check product reviews, size chart, seller/product details, and return eligibility before ordering",5.0,2026-08-28 23:27:43,0,https://play.google.com/store/apps/details?id=com.myntra.android
ps_68936c7a-ceac-4f0c-930d-c938d095f4ec,play_store,many items and different brands available. ossum collection,5.0,2026-08-28 23:24:26,0,https://play.google.com/store/apps/details?id=com.myntra.android
ps_de8a23fd-cfee-43da-9337-e3b24ab19980,play_store,very good quality product nice app,5.0,2026-08-28 23:20:30,0,https://play.google.com/store/apps/details?id=com.myntra.android
ps_0d15e2e6-3162-48a8-9c6f-bc3222c8ffd0,play_store,myntra sells genuine products.,5.0,2026-08-28 23:02:03,0,https://play.google.com/store/apps/details?id=com.myntra.android
ps_6e2d3c05-4226-4b27-848a-9a88e6392240,play_store,bad singnal,2.0,2026-08-28 22:58:56,0,https://play.google.com/store/apps/details?id=com.myntra.android
ps_2597a6eb-e34b-4135-8678-a742cff2e231,play_store,best shopping app for clothing 😍,5.0,2026-08-28 22:50:59,0,https://play.google.com/store/apps/details?id=com.myntra.android
ps_2388996d-291a-44f7-9990-876f92541b71,play_store,very nice product for this online shopping app,5.0,2026-08-28 22:48:21,0,https://play.google.com/store/apps/details?id=com.myntra.android
ps_a55f194b-257b-47cb-9fa9-1cff07790588,play_store,superb delivery.. very good quality.. all products on Myntra are reliable,5.0,2026-08-28 22:45:44,0,https://play.google.com/store/apps/details?id=com.myntra.android
ps_d0a66950-cfdc-484e-8a3a-46d6c7bb7580,play_store,brand clothes,5.0,2026-08-28 22:04:57,0,https://play.google.com/store/apps/details?id=com.myntra.android
ps_4d6fdc08-472f-4ca0-a9c4-aac4b052d5ef,play_store,"The delivery experience is the worst, they will automatically cancel your order without inform you and this is not the one time scenario. Also customer care is pathetic... we are talking to the AI and never been able to resolve the issue.",1.0,2026-08-28 22:01:31,0,https://play.google.com/store/apps/details?id=com.myntra.android
ps_5cc073a9-ae6b-46b5-ab1f-cd15c6cfc6f9,play_store,"""I really like the Myntra app! It is very easy to use. The delivery is always fast, and the clothes are good quality. Highly recommended!""",5.0,2026-08-28 21:54:29,0,https://play.google.com/store/apps/details?id=com.myntra.android
ps_6a88bc49-7b59-4bf0-b330-787cf296c96a,play_store,very good quality same as adv photo,5.0,2026-08-28 21:44:54,0,https://play.google.com/store/apps/details?id=com.myntra.android
ps_4dae9ac8-8d8e-4348-ab9e-52245438cc5f,play_store,it's clothes and products were great,4.0,2026-08-28 21:44:25,0,https://play.google.com/store/apps/details?id=com.myntra.android
ps_50f7bcff-b217-42b9-8ea1-cfb0e4377be6,play_store,hassle free shipping and hassle free delivery. very nice,5.0,2026-08-28 21:43:14,0,https://play.google.com/store/apps/details?id=com.myntra.android
ps_713f9093-deb4-48af-a87a-33d5ed80f7a3,play_store,"bahut achha app hai, achha discount milta hai or offer",5.0,2026-08-28 21:39:15,0,https://play.google.com/store/apps/details?id=com.myntra.android
ps_ce4fca27-6c2d-4ecb-99c0-e83a3305dd11,play_store,nice and easiest for every necessary fashion wear,5.0,2026-08-28 21:33:08,0,https://play.google.com/store/apps/details?id=com.myntra.android
ps_fac6f4a7-74e6-4664-b375-b32d2ee0b343,play_store,extraordinary,5.0,2026-08-28 21:18:36,0,https://play.google.com/store/apps/details?id=com.myntra.android
ps_09c3be09-b29a-4736-8501-165a53f9d37d,play_store,very good response,5.0,2026-08-28 21:17:24,0,https://play.google.com/store/apps/details?id=com.myntra.android
ps_ce2b66b4-ba42-4758-aaba-87eb61df487c,play_store,"This app is very bad, it does not deliver on time and gives bad product.",1.0,2026-08-28 21:07:58,0,https://play.google.com/store/apps/details?id=com.myntra.android
ps_b128b7e1-c53f-4f70-a5aa-dbf3f219f15a,play_store,"vry slow delivery, no response for any complain.",1.0,2026-08-28 21:05:45,0,https://play.google.com/store/apps/details?id=com.myntra.android
ps_c887e214-e551-4986-8295-c3c0e602dafb,play_store,it's my favourite Shopping App its really good 👍👍👍 awesome 💯💯💯💯,5.0,2026-08-28 21:03:25,0,https://play.google.com/store/apps/details?id=com.myntra.android
ps_3f02d9db-c65c-407f-a545-264855ad67bc,play_store,surprisingly...I had a great experience shopping..,5.0,2026-08-28 20:56:32,0,https://play.google.com/store/apps/details?id=com.myntra.android
ps_4bb16598-8135-4a29-9377-9d9f7e118822,play_store,very nice app and quality products,5.0,2026-08-28 20:54:58,0,https://play.google.com/store/apps/details?id=com.myntra.android
ps_914037fd-770d-453a-9e69-ae9b26e78b33,play_store,"The worst app ever. They charge a lot, but the materials are not delivered on time. Even after raising a complaint, the issue is not resolved.",1.0,2026-08-28 20:51:57,0,https://play.google.com/store/apps/details?id=com.myntra.android
ps_77cb9d70-53ee-4ff5-affb-95c0c065bf82,play_store,superb 👍🏻👍🏻,5.0,2026-08-28 20:44:18,0,https://play.google.com/store/apps/details?id=com.myntra.android
ps_48d2c0cf-4d8c-4fa8-b85d-b90adb568bec,play_store,worrest delivery service,1.0,2026-08-28 20:37:10,0,https://play.google.com/store/apps/details?id=com.myntra.android
ps_1656b0da-4792-473f-884f-0e01baeca8ee,play_store,Always good experience with myntra - good quality great styles 🫶🏻💙💚,5.0,2026-08-28 20:36:06,0,https://play.google.com/store/apps/details?id=com.myntra.android
ps_24e8dbab-4971-4cac-bfa5-44f536b014a8,play_store,lovely product in all respects. fabric fitting and pattern very comfortable and stylish,5.0,2026-08-28 20:34:58,0,https://play.google.com/store/apps/details?id=com.myntra.android
ps_d5793446-04d0-4800-afec-9b906294a83a,play_store,Very nice app 👍☺️,5.0,2026-08-28 20:34:03,0,https://play.google.com/store/apps/details?id=com.myntra.android
ps_aa61a4a8-c804-4444-8976-0b23f31e8791,play_store,good products but color fade problem,5.0,2026-08-28 20:27:47,0,https://play.google.com/store/apps/details?id=com.myntra.android
ps_ee9f1958-4876-48fd-a90b-73b2eff218d1,play_store,"Trustworthy, Quality, Easy delivery, Genuine products, Everything is 10/10 in Myntra",5.0,2026-08-28 20:15:20,0,https://play.google.com/store/apps/details?id=com.myntra.android
ps_3c1323d0-a52b-47de-8e2c-cad02a866880,play_store,4.5 best 👍💯,4.0,2026-08-28 20:08:57,0,https://play.google.com/store/apps/details?id=com.myntra.android
ps_2ab36bdb-3f2a-486f-a512-6c4855428476,play_store,"I’m extremely disappointed with this experience. I received an email saying a delivery was attempted, despite never receiving a call or any communication from the delivery agent. I tried calling them multiple times using the provided PIN, but my calls were ignored. The Myntra callback was only automated with no way to reach support, and the chat keeps disconnecting. This has caused unnecessary stress, wasted my time, and disrupted my plans.I expect a clear explanation and an immediate resolution",1.0,2026-08-28 19:57:00,0,https://play.google.com/store/apps/details?id=com.myntra.android
ps_f078b01b-06a5-41ee-84b4-a546b737d145,play_store,worst shopping app didn't get orders shipped already 3 days before didn't get orders till now,1.0,2026-08-28 19:51:00,0,https://play.google.com/store/apps/details?id=com.myntra.android
ps_50cc136c-88d0-41ba-90a9-756b4e99d115,play_store,very bad customer service. No proper response from them after sales.,1.0,2026-08-28 19:34:35,0,https://play.google.com/store/apps/details?id=com.myntra.android
ps_01ba75be-8d41-497c-a87b-3e6dbae979c5,play_store,usuallt good experience except few instances.,5.0,2026-08-28 19:32:43,0,https://play.google.com/store/apps/details?id=com.myntra.android
ps_7dc37166-a8d4-4d33-8214-84395ebdd017,play_store,very satisfied,5.0,2026-08-28 19:19:59,0,https://play.google.com/store/apps/details?id=com.myntra.android
ps_d1e54a10-ff90-40e7-9a02-2a5ff062e3ae,play_store,best platform,5.0,2026-08-28 19:03:03,0,https://play.google.com/store/apps/details?id=com.myntra.android
ps_5dbffcb9-1e55-4c14-8294-e0936c8ba679,play_store,worst experience ever and no support,1.0,2026-08-28 18:50:26,0,https://play.google.com/store/apps/details?id=com.myntra.android
ps_b30134d3-a159-4d24-9384-181bd25c71c7,play_store,my first experience is very good from myntra I am satisfied,5.0,2026-08-28 18:49:56,0,https://play.google.com/store/apps/details?id=com.myntra.android
ps_21f25fcb-c240-44b7-8a8a-698ca6dc1229,play_store,"Heyy..!! I'm syeda madiha I had ordered a dress from Myntra but it has not come for pickup yet and they are extending the date for 15 days. I messaged the customer care but there is no response from them, not even a call.",1.0,2026-08-28 18:43:55,0,https://play.google.com/store/apps/details?id=com.myntra.android
ps_b976de07-3b9e-4cfb-9c36-499af2f81e07,play_store,good app for online purchase,4.0,2026-08-28 18:41:32,0,https://play.google.com/store/apps/details?id=com.myntra.android
ps_02e28af0-411c-4497-850b-a907ecc065a2,play_store,amazing experience quality of product are also good,5.0,2026-08-28 18:34:28,0,https://play.google.com/store/apps/details?id=com.myntra.android
ps_b3b64be1-684c-4e5c-a783-17a3ba50035d,play_store,"very bad experience with product delivery and customer care service.I have been facing exchange related issue from since a month but no one responded from customer care service.they have delivered me a product of different colour and delayed pickup and return ,now they have closed the return window despite of several mail and calls no one responded.",1.0,2026-08-28 18:27:31,1,https://play.google.com/store/apps/details?id=com.myntra.android
ps_75eec262-7f73-4d0c-833f-1c1a099c17ca,play_store,great experience products worth every penny,5.0,2026-08-28 18:23:34,0,https://play.google.com/store/apps/details?id=com.myntra.android
ps_f787b8ec-c3a1-45c0-8571-b737ec858fb0,play_store,it's a classical wall clock. Received timely in good condition. I love the design and colour.,5.0,2026-08-28 18:22:32,0,https://play.google.com/store/apps/details?id=com.myntra.android
ps_dff76be9-58de-431e-970a-e39f96edd8dc,play_store,amazing experience with myntra,5.0,2026-08-28 18:19:18,0,https://play.google.com/store/apps/details?id=com.myntra.android
ps_33338cbd-03ef-4201-96f6-89ba65987e1f,play_store,myntra is now becoming fraud. they do not refund. it happened to me before. i returned a product it was showing that money has been credited to my account. but did not reflect in my account. it also gave a reference no. so i went to bank and they could not find a reference no.,1.0,2026-08-28 18:18:25,0,https://play.google.com/store/apps/details?id=com.myntra.android
ps_2ed67605-a9c8-48ea-902a-a663173fa1dc,play_store,always very nice experience with myntra,5.0,2026-08-28 18:17:41,0,https://play.google.com/store/apps/details?id=com.myntra.android
ps_0e5da463-b25d-4ba9-a36f-58868f398eda,play_store,"Myntra is a great app for shopping for clothes, footwear, accessories, and more. The collection is huge, with plenty of brands and styles to choose from, and the app is easy to navigate. The ordering and delivery experience has been smooth, and the products are generally well packed and as described. I also like the discounts and offers available. Overall, a convenient and reliable platform for online fashion shopping. Highly recommended!",5.0,2026-08-28 18:13:46,0,https://play.google.com/store/apps/details?id=com.myntra.android
ps_ec182a29-a166-4964-baff-fc75f05a8e7a,play_store,Super shopping great savings style and quality everything in an affordable price fashionable too,5.0,2026-08-28 18:11:42,0,https://play.google.com/store/apps/details?id=com.myntra.android
ps_bf9ae2ff-e33f-499d-9e2c-28fc91b180f1,play_store,myntra I jest love you and I order every Thing for you,5.0,2026-08-28 18:04:09,0,https://play.google.com/store/apps/details?id=com.myntra.android
ps_b8c404ce-6d86-4d4c-ae4b-accd958a59dc,play_store,nice tshirt for man go for it,5.0,2026-08-28 18:03:52,0,https://play.google.com/store/apps/details?id=com.myntra.android
ps_b9f51883-3a60-40c8-bc27-fafa007b6b1d,play_store,very very very good I am happy with services,5.0,2026-08-28 18:02:58,0,https://play.google.com/store/apps/details?id=com.myntra.android
ps_4f00fea3-cd06-420f-805f-6cdc3d6cab5c,play_store,exhalent service and product,5.0,2026-08-28 17:59:48,0,https://play.google.com/store/apps/details?id=com.myntra.android
ps_b255133e-1825-413a-b413-96dff8fb657f,play_store,Great experience till now ☺️,5.0,2026-08-28 17:59:29,0,https://play.google.com/store/apps/details?id=com.myntra.android
ps_de7e5f34-6a4b-4553-b709-7b9686a0a848,play_store,"Absolutely love these Mynta shoes! ❤️ Super stylish, comfortable, and classy. Highly recommended! ⭐⭐⭐⭐⭐",5.0,2026-08-28 17:58:58,0,https://play.google.com/store/apps/details?id=com.myntra.android
ps_6faaa2bd-dff9-4f13-864e-33166690cd70,play_store,"incompetent devs. I am unable to login my old account. I login with the exact same phone number and everything is blank, no data, no previous orders shown, nothing. upon adding my email in account details it says account already exists. then why don't you give option to login with email. seems like the devs got their job with donation.",1.0,2026-08-28 17:56:36,0,https://play.google.com/store/apps/details?id=com.myntra.android
ps_af5a811b-63ff-4709-b6a1-13648bcb899b,play_store,unique always ❤️,5.0,2026-08-28 17:49:09,0,https://play.google.com/store/apps/details?id=com.myntra.android
ps_ae06c83c-516b-4a14-8ecd-039c37c909f5,play_store,Awesome App,5.0,2026-08-28 17:47:57,0,https://play.google.com/store/apps/details?id=com.myntra.android
ps_c4a02484-75cb-401a-9799-a95960db1dde,play_store,best product hai,5.0,2026-08-28 17:45:44,0,https://play.google.com/store/apps/details?id=com.myntra.android
ps_f9b92901-a682-4f6b-a057-656d974d8f27,play_store,"⭐⭐⭐⭐⭐ “Great shopping experience on Myntra! Product quality was excellent, delivery was quick, and everything was exactly as expected. Definitely a reliable platform for online shopping.”",5.0,2026-08-28 17:40:35,0,https://play.google.com/store/apps/details?id=com.myntra.android
ps_9d6c6adc-6ab2-47d2-bce3-593abd93c040,play_store,most beautiful,1.0,2026-08-28 17:38:30,0,https://play.google.com/store/apps/details?id=com.myntra.android
ps_a3b73ee3-64d7-4a43-8de5-02b3b4106c3f,play_store,its really good,5.0,2026-08-28 17:36:51,0,https://play.google.com/store/apps/details?id=com.myntra.android
ps_8d5cec59-f6f0-4f03-9b33-68439803d241,play_store,it's good app,5.0,2026-08-28 17:35:02,0,https://play.google.com/store/apps/details?id=com.myntra.android
ps_80e9f7de-eb67-4b21-86ac-2b2a4def1b6f,play_store,fantastic experience and best part is so affordable price and offers discounts..makes us happy ☺️☺️,5.0,2026-08-28 17:17:01,0,https://play.google.com/store/apps/details?id=com.myntra.android
ps_e570d459-b9f7-4d44-886e-0d72af29c469,play_store,awesome experience...,5.0,2026-08-28 17:06:20,0,https://play.google.com/store/apps/details?id=com.myntra.android
ps_f9451bba-15b4-4de8-8237-52b66f38eea6,play_store,very feasible and intrigueing app for shopping,5.0,2026-08-28 17:00:33,0,https://play.google.com/store/apps/details?id=com.myntra.android
ps_0587ac6f-3662-44fe-8697-22d9800d0a44,play_store,that's good app.,5.0,2026-08-28 16:56:03,0,https://play.google.com/store/apps/details?id=com.myntra.android
ps_175b0675-978b-426d-a526-78461bef6a2a,play_store,"Very pathetic service and they are not taking ownership for their own issue and asking customers to wait to resolve their technical issues which is not correct behaviour as a customer supporting platform...over all satisfaction is ""0"" @myntrateam Try looking for a different platform to purchase atleast they will take the responsibility of u r valuable money. Please don't waste u r time for calling them( I have spoke with agent,escalation team and their manager and all of them have same excuse)",5.0,2026-08-28 16:35:45,0,https://play.google.com/store/apps/details?id=com.myntra.android
ps_f09b9f95-4431-42ac-b425-8dc73487672a,play_store,love this app forever ♾️,5.0,2026-08-28 16:15:31,0,https://play.google.com/store/apps/details?id=com.myntra.android
ps_6d4c8e40-e0bd-46c8-b2eb-4525c4e70aec,play_store,myntra quality best,5.0,2026-08-28 16:08:09,0,https://play.google.com/store/apps/details?id=com.myntra.android
ps_8d44a7b9-19db-4da6-9ef5-6eeae882557d,play_store,woah apps??,5.0,2026-08-28 16:03:35,0,https://play.google.com/store/apps/details?id=com.myntra.android
ps_083b453b-fa9b-4d09-a6e1-a90b9ef488cd,play_store,good qualities,5.0,2026-08-28 16:01:24,0,https://play.google.com/store/apps/details?id=com.myntra.android
ps_9a93dcd4-08c0-4dad-a249-dcea5d9dc29c,play_store,love this app,5.0,2026-08-28 16:01:03,0,https://play.google.com/store/apps/details?id=com.myntra.android
ps_ae09b9e4-8f97-4f98-a0b3-fd4e38509557,play_store,best app for cloths sopping 👺🍌🥀,5.0,2026-08-28 16:00:12,0,https://play.google.com/store/apps/details?id=com.myntra.android
ps_2d4a9039-fc13-474d-b8e2-75df3c7559a8,play_store,Maine dot and key lip balm order Kiya tha bohot achha tha,5.0,2026-08-28 15:41:16,0,https://play.google.com/store/apps/details?id=com.myntra.android
ps_8cafbff3-f6c0-4e50-b5b2-4d3cd77fe572,play_store,bahut achha platform hai,5.0,2026-08-28 15:38:23,0,https://play.google.com/store/apps/details?id=com.myntra.android
ps_1db4b7b6-436d-4f38-9c6a-a5136772f606,play_store,myntra is very good online shopping app nice product 👌 👍👍,5.0,2026-08-28 15:37:35,0,https://play.google.com/store/apps/details?id=com.myntra.android
ps_e8671675-4bab-4904-9747-59457c03db16,play_store,very good app nice product are dilevered,5.0,2026-08-28 15:35:14,0,https://play.google.com/store/apps/details?id=com.myntra.android
ps_04e7e35f-fb12-4357-99be-f62df0e77c8e,play_store,Good platform for shopping 🛒🛍️,5.0,2026-08-28 15:30:00,0,https://play.google.com/store/apps/details?id=com.myntra.android
ps_82964dda-a4fa-4043-9e56-836d81bed01d,play_store,it was good,5.0,2026-08-28 15:28:27,0,https://play.google.com/store/apps/details?id=com.myntra.android
ps_b4e3fa03-0268-45d0-b3c2-3cf49ebbb307,play_store,best fashion e-com app compare with others.,5.0,2026-08-28 15:21:01,0,https://play.google.com/store/apps/details?id=com.myntra.android
ps_891d8549-ce4a-465f-a1e2-7543a395ba40,play_store,"nice products , quick delivery",4.0,2026-08-28 15:16:32,0,https://play.google.com/store/apps/details?id=com.myntra.android
ps_e3c59b17-7847-4464-ad40-fa5eff15cb04,play_store,"excellent app for online shopping and fashion ,clothes and daily using accessories",5.0,2026-08-28 15:14:59,0,https://play.google.com/store/apps/details?id=com.myntra.android
ps_edd3abee-cd2a-4147-a687-34d3ce37bcf6,play_store,bohot acha app h mujhe 90 rupey ka off bhi mila,5.0,2026-08-28 15:12:21,0,https://play.google.com/store/apps/details?id=com.myntra.android
ps_3c1ea320-89e7-44d1-b77d-bd74a0519e9a,play_store,Delivered good product,5.0,2026-08-28 15:08:56,0,https://play.google.com/store/apps/details?id=com.myntra.android
ps_c2584e43-8077-4da3-b2b4-300ea069cbf2,play_store,"arrival of the ordered item, bang on time super.",5.0,2026-08-28 15:01:53,0,https://play.google.com/store/apps/details?id=com.myntra.android
ps_c3811df3-90e5-4140-95e0-f6a95c9b0a98,play_store,"weak customer support, when connecting they assign some AI assistant that is aweful, what happen to real human customer care executives, orders getting delayed, delivery boys barely responding.",1.0,2026-08-28 15:00:57,0,https://play.google.com/store/apps/details?id=com.myntra.android
ps_848c9e6e-e94a-4e61-93bc-3d242271ebd2,play_store,good product and best Service,4.0,2026-08-28 14:53:16,0,https://play.google.com/store/apps/details?id=com.myntra.android
ps_e2747705-2603-4d03-9d22-012908573a79,play_store,"An absolute go-to app for fashion shopping! The interface is clean, easy to navigate, and offers a massive variety of clothing, footwear, and lifestyle brands. Delivery is usually on time, and the hassle-free exchange and return policy makes online shopping completely stress-free. Highly recommended!",5.0,2026-08-28 14:51:38,0,https://play.google.com/store/apps/details?id=com.myntra.android
ps_7158a443-9991-48ce-854f-6981e4462aa6,play_store,Myntra is a good app,5.0,2026-08-28 14:47:57,0,https://play.google.com/store/apps/details?id=com.myntra.android
ps_7a25fdb2-d8da-453a-9310-4b81bcdfd58e,play_store,"best quality product ke liye thank you myntra,",5.0,2026-08-28 14:46:54,0,https://play.google.com/store/apps/details?id=com.myntra.android
ps_55893463-dac5-4220-a99d-3afe29698599,play_store,mara account deactivate kar diya!,1.0,2026-08-28 14:46:07,0,https://play.google.com/store/apps/details?id=com.myntra.android
ps_9e0b9925-edf7-4e6e-ae73-1b012d0c516a,play_store,Nice product,4.0,2026-08-28 14:44:47,0,https://play.google.com/store/apps/details?id=com.myntra.android
ps_b290e01a-a686-47fe-9fbc-a623785e4919,play_store,it is a nice website and app to buy your favourite cloths and others things,5.0,2026-08-28 14:25:44,0,https://play.google.com/store/apps/details?id=com.myntra.android
ps_badd3894-ff5e-421b-942a-09e928fc3d03,play_store,nice app express delivery available,5.0,2026-08-28 14:15:54,0,https://play.google.com/store/apps/details?id=com.myntra.android
ps_df7a8ffe-bfb0-4bad-8c72-eb2b1a20a130,play_store,costumer support is a joke ...,1.0,2026-08-28 14:11:12,0,https://play.google.com/store/apps/details?id=com.myntra.android
ps_6eccf1be-5d46-44b3-8a7f-e6b996a40899,play_store,"best app for shopping, especially i have got the best items of wardrobe from here. I you have to do shopping, you can definitely prefer myntra. Myntra is the best app for shopping till date.",5.0,2026-08-28 14:08:54,0,https://play.google.com/store/apps/details?id=com.myntra.android
ps_ec765a3d-0091-464e-b354-ac20ea0c7a5c,play_store,NICE AND CUTE PRODUCT AND FAST DELIVERY,5.0,2026-08-28 14:00:16,0,https://play.google.com/store/apps/details?id=com.myntra.android
ps_8624669b-f6dd-45a2-9d9b-68b8d287bddc,play_store,"this is my first and last shopping app , it's so enjoyable to use easy to use and even purchase tooo , I really love this app highly recommended..",5.0,2026-08-28 13:48:07,1,https://play.google.com/store/apps/details?id=com.myntra.android
ps_1189a5d9-3714-4f09-b9f6-5746cd918745,play_store,"nice app , returns & refund are fast af-",5.0,2026-08-28 13:43:34,0,https://play.google.com/store/apps/details?id=com.myntra.android
ps_ff6da463-7b24-4411-82bd-069b27ff22b7,play_store,best app for online soping,5.0,2026-08-28 13:40:37,0,https://play.google.com/store/apps/details?id=com.myntra.android
ps_aa92cc65-8564-4539-8ebc-136a6de98042,play_store,app is good easy to use wide range of products,5.0,2026-08-28 13:30:05,0,https://play.google.com/store/apps/details?id=com.myntra.android
ps_d58097f8-b1d3-4cc5-b4cc-3288fd5b4e6a,play_store,nice shopping app and this app delivery fast and responsive,5.0,2026-08-28 13:26:45,0,https://play.google.com/store/apps/details?id=com.myntra.android
ps_7785df0f-1e82-4265-869e-8a33e94dfaf0,play_store,super fashion app for all stages best to use,5.0,2026-08-28 13:20:20,0,https://play.google.com/store/apps/details?id=com.myntra.android
ps_e6f6bc97-bf81-4fd5-98b1-843013b595b9,play_store,the worst app you can use. please don't order anything from it . delivery is always late and wrong products are given the worst experience one can face. please use Amazon it's the best app. I ordered crocs worth 6k size 10 they are always sending me size 11 I have complained atleast 14-15 times. please don't ever think to buy anything from here,1.0,2026-08-28 13:15:12,1,https://play.google.com/store/apps/details?id=com.myntra.android
ps_2e9098b0-c4ff-4569-8bec-64c1bf74dfe8,play_store,wonderful 😘,5.0,2026-08-28 13:13:07,0,https://play.google.com/store/apps/details?id=com.myntra.android
ps_9fa46458-6ab7-451d-bb43-8e4b0ba9302f,play_store,Good App easily got,5.0,2026-08-28 13:02:56,0,https://play.google.com/store/apps/details?id=com.myntra.android
ps_3ae73297-1e79-4c22-8300-5f2f0081b675,play_store,3rd class app.. play games with customer's effort and time,1.0,2026-08-28 13:02:34,0,https://play.google.com/store/apps/details?id=com.myntra.android
ps_574e2812-d951-42fe-98e3-034a94c847c4,play_store,The shopping experience very good purchasing me suitable items for the good quality fast delivery communication thank you Myntra,5.0,2026-08-28 12:59:20,0,https://play.google.com/store/apps/details?id=com.myntra.android
ps_9ef782ea-a508-4998-8124-6242e2df37d9,play_store,worst app delivers expired items in festival background even to Elite customers. with no policy for refund return .,1.0,2026-08-28 12:47:09,0,https://play.google.com/store/apps/details?id=com.myntra.android
ps_25cdb837-51f1-49d5-8c01-04abedc8627b,play_store,worst service ever .... totally fed up from this app or website.....,1.0,2026-08-28 12:46:58,0,https://play.google.com/store/apps/details?id=com.myntra.android
ps_7282cf19-d098-4d34-adbd-a3972d89d887,play_store,"“Great app, easy to use, fast service, and very user-friendly experience.”",5.0,2026-08-28 12:46:41,0,https://play.google.com/store/apps/details?id=com.myntra.android
ps_62d789d6-1225-437f-a878-741cc2da1663,play_store,worst e commerce app I have seen till now they take 10 days to deliver a thing and without any proper tracking and phone calls or messages and had a worst experience in my city gorakhpur hub I have their to collect my own order and they are finding my order and after 1 hours of waiting they said that looks like your order is packed may be or be with delivery agent we will inform you later and then the next day product has been cancelled and they the product has been lost..... not even 1 star,1.0,2026-08-28 12:42:49,0,https://play.google.com/store/apps/details?id=com.myntra.android
ps_02a11e98-7de8-4786-a2f1-b12e8b41d2d4,play_store,amazing quality clothes,5.0,2026-08-28 12:38:49,0,https://play.google.com/store/apps/details?id=com.myntra.android
ps_24c2a936-4f44-45ab-b3ba-287bf5cb4fed,play_store,"Poor Service The order was marked as delivered even though I never received it. I raised the issue, but no proper action or resolution was provided. Very disappointing service and poor customer support.",1.0,2026-08-28 12:35:55,0,https://play.google.com/store/apps/details?id=com.myntra.android
ps_c53a8da7-8faa-4c9d-adfd-52c06b9d7abe,play_store,I ordered a mustache face wash and I received a duplicate product. and I complain about it and call the customer service they told me we can't do anything for you on this order. and it was my fast myntra order. useless customer service.,1.0,2026-08-28 12:29:07,0,https://play.google.com/store/apps/details?id=com.myntra.android
ps_fe3dc39f-f0fe-4fa5-a813-51c160d09275,play_store,One of the best shopping apps ever.,5.0,2026-08-28 12:26:19,0,https://play.google.com/store/apps/details?id=com.myntra.android
ps_ee1ba4aa-4069-42ff-9f46-04b8ec56ca21,play_store,Crazy shopping app...I really appreciate the app interface and it's coustomer care ... prompt reply and problem solving time ... excellent 👍,5.0,2026-08-28 12:22:13,0,https://play.google.com/store/apps/details?id=com.myntra.android
ps_3a8d0a44-35be-4fb1-9ee5-d024771c37f5,play_store,some time they made me irritate,5.0,2026-08-28 12:16:28,0,https://play.google.com/store/apps/details?id=com.myntra.android
ps_1cd5e172-8060-4d3c-9b83-8af3d7ab9927,play_store,best app for shopping trust and authentic,5.0,2026-08-28 12:13:03,0,https://play.google.com/store/apps/details?id=com.myntra.android
ps_3b1faaae-7900-40c4-805a-cb3d95a109b2,play_store,I am very happy yo this app,5.0,2026-08-28 12:11:57,0,https://play.google.com/store/apps/details?id=com.myntra.android
ps_a0229ea9-f78e-4b37-a222-b867c7145ebd,play_store,immaculate... I'm really happy with this app. I've never seen more efficient shopping app like this before,5.0,2026-08-28 12:08:47,0,https://play.google.com/store/apps/details?id=com.myntra.android
ps_52f51236-c03b-49f5-a4a5-000445fe1f40,play_store,"user friendly app ,unique collections and smart delivery",5.0,2026-08-28 12:08:05,0,https://play.google.com/store/apps/details?id=com.myntra.android
ps_0d3f5f52-e236-46a9-bd32-c40d0c1a7c28,play_store,They fraudulently avoid accepting returns. Quality of clothes is also pathetic.,1.0,2026-08-28 12:07:59,0,https://play.google.com/store/apps/details?id=com.myntra.android
ps_9466cb3a-830c-4717-8452-9521a0b0857e,play_store,"On 26 they said my number was not available and cancelled the delivery, I gave an alternative number that same day and then today they cancelled the delivery again, I called them and they didn't pick up... poor delivery team.. worst delivery I ever seen, can't even give 2 marks out of 100... I am abroad but at the same address I purchase from Amazon and Flipkart and the item arrives at home correctly, this is the first time I have had such an experience. With this, I stopped deal with you.",1.0,2026-08-28 12:07:41,0,https://play.google.com/store/apps/details?id=com.myntra.android
ps_3b73199c-57db-4221-9de3-a7ba230f6de1,play_store,fast growing online fashion platform,5.0,2026-08-28 12:06:18,0,https://play.google.com/store/apps/details?id=com.myntra.android
ps_a59e9e96-db56-4119-9425-d836b8d82fdb,play_store,satisfaction guaranted,5.0,2026-08-28 11:51:50,0,https://play.google.com/store/apps/details?id=com.myntra.android
ps_21856591-8dc4-4838-8129-72e988282fdd,play_store,fast delivery...nice and genuine products,5.0,2026-08-28 11:50:49,0,https://play.google.com/store/apps/details?id=com.myntra.android
ps_6b6a9a73-c574-4824-84f0-f55d73162eb8,play_store,I've faced this issue two times ki maine order Kara or wo bina mere tak aaye order delivered dikha rha hai ek bar order delivery boy ke ghar pe tha... or dundhne pe order mil gya after 7 days or 2nd time mere paise bhi kate or order delivery bhi ni hua and still it's showing delivered...,1.0,2026-08-28 11:44:11,0,https://play.google.com/store/apps/details?id=com.myntra.android
ps_9b40c4eb-1963-4018-a2f0-6ad69ffdf88c,play_store,"they are scammers fraudsters, I know ki 1 rating se tum logo ka kuch nahi hoga but agar 1 person bhi is baat ko samjh lega to mera issue describe karna worth it hoga, first of all they applied platform fee on each product when you are going to buy something then you have to pay that platform fee along with your product charge, after that agar aap us product ko return karte like size issue nd all then ye apko product charges hi return karenge platform fees nahi.",1.0,2026-08-28 11:38:23,0,https://play.google.com/store/apps/details?id=com.myntra.android
ps_e3d5f97e-a8d0-484c-b1e8-c650e22ccea0,play_store,very bad experience with myntra,1.0,2026-08-28 11:38:23,0,https://play.google.com/store/apps/details?id=com.myntra.android
ps_92daad2a-8554-4faf-b14c-7045dd6bcfa0,play_store,badhiya app hai,5.0,2026-08-28 11:37:45,0,https://play.google.com/store/apps/details?id=com.myntra.android
ps_5963cf67-2144-48fd-a55b-5026c4c48552,play_store,really amazing. quality products at budget friendly price ☺️☺️,5.0,2026-08-28 11:34:26,0,https://play.google.com/store/apps/details?id=com.myntra.android
ps_64bb302f-f72e-43cc-98b1-b4b855c06283,play_store,good for everything,5.0,2026-08-28 11:21:41,0,https://play.google.com/store/apps/details?id=com.myntra.android
ps_a294c72b-b34c-4f87-92da-218b1a1b95ad,play_store,Good shopping app,5.0,2026-08-28 11:17:53,0,https://play.google.com/store/apps/details?id=com.myntra.android
ps_7a170a61-237a-480a-9a19-6b146da74c87,play_store,Hi guys my honest feedback about Myntra is just a Manthra in my shopping lifestyle. this app is just an amazing experience I got it. I just loved it. ♥️,5.0,2026-08-28 11:13:44,0,https://play.google.com/store/apps/details?id=com.myntra.android
ps_cc5372ef-8b8b-43e5-bd37-c072feaf8506,play_store,Nice quality,5.0,2026-08-28 11:11:20,0,https://play.google.com/store/apps/details?id=com.myntra.android
ps_38795296-ab6c-4969-a3e0-8762265ce510,play_store,good app for purchasing selfcare items !!,5.0,2026-08-28 11:10:52,0,https://play.google.com/store/apps/details?id=com.myntra.android
ps_d015589d-fd8c-4569-b639-c96edfdce151,play_store,"myntra is a very good shopping app , authentic brands are delivered very nice myntra 👍😍😍",5.0,2026-08-28 11:00:32,0,https://play.google.com/store/apps/details?id=com.myntra.android
ps_51cd24c5-5f2b-4271-abf0-dbd8936e09dd,play_store,"I placed an order that was supposed to be delivered on the 27th, but it’s already the 28th and your tracking page still says, “We will deliver your order as soon as possible.” Pathetic service—there’s not even anyone available to register a complaint. You have completely ruined my Raksha Bandhan plans. Extremely disappointing and unacceptable. Thankyou for such great Service Myntra",1.0,2026-08-28 10:56:13,1,https://play.google.com/store/apps/details?id=com.myntra.android
ps_2c5cc734-c293-48dd-8c45-05b30c5c1560,play_store,it's cheap plus good 😊 shoes clothes and even accessories are so beautiful ❤️❤️,5.0,2026-08-28 10:54:40,0,https://play.google.com/store/apps/details?id=com.myntra.android
ps_be03ea14-ce01-4b29-b50d-4bf3eb07c3d3,play_store,Best app for fashion,5.0,2026-08-28 10:46:43,0,https://play.google.com/store/apps/details?id=com.myntra.android
ps_5850084f-9a66-4a3b-87ae-dc433bd212b1,play_store,awesome price and good quality,5.0,2026-08-28 10:43:01,0,https://play.google.com/store/apps/details?id=com.myntra.android
ps_56485fd5-18f6-4acf-927b-8f68743a9b1f,play_store,very trusted app...,5.0,2026-08-28 10:40:34,0,https://play.google.com/store/apps/details?id=com.myntra.android
ps_ddf8800c-b38c-42e9-8dda-46f69d58fb7b,play_store,"The watch looked great initially, but within 4 to 5 days, it started losing time due to a faulty battery. To make matters worse, the black color coating has already started peeling off. Unfortunately, by the time these issues appeared, the return window had closed. Very disappointing and poor quality product. Waste of money.",1.0,2026-08-28 10:30:45,1,https://play.google.com/store/apps/details?id=com.myntra.android
ps_5f9dcf9f-d7e5-488b-a06a-df6d08b1d048,play_store,one of the best app,5.0,2026-08-28 10:21:24,0,https://play.google.com/store/apps/details?id=com.myntra.android
ps_eb0b0081-53ab-4e99-8908-fe14749cd20a,play_store,Quality is very good service of Myntra is also good,5.0,2026-08-28 10:21:11,0,https://play.google.com/store/apps/details?id=com.myntra.android
ps_80fbda2f-00ab-48d9-a312-4cc9d8f5a0e8,play_store,good material,5.0,2026-08-28 10:15:25,0,https://play.google.com/store/apps/details?id=com.myntra.android
ps_56c8d03e-d8b7-4e1c-9b08-bb0896b0b85c,play_store,excellent product quality,5.0,2026-08-28 10:07:48,0,https://play.google.com/store/apps/details?id=com.myntra.android
ps_709d0826-3029-4b19-afc4-33f8b05bc697,play_store,knd product,5.0,2026-08-28 10:06:21,0,https://play.google.com/store/apps/details?id=com.myntra.android
ps_8ad70ef6-4ddc-4617-81c6-9217910eec3f,play_store,best app for fashion,5.0,2026-08-28 10:04:22,0,https://play.google.com/store/apps/details?id=com.myntra.android
ps_db44b9dc-98b1-4a28-8dbf-442d3f11c837,play_store,delivery delayed,1.0,2026-08-28 09:58:38,0,https://play.google.com/store/apps/details?id=com.myntra.android
ps_fb437a34-eaa1-4f61-a831-b1f6f69a9618,play_store,every product has perfect quality,5.0,2026-08-28 09:45:22,0,https://play.google.com/store/apps/details?id=com.myntra.android
ps_79bd70c9-d58c-4124-b61b-2b628fc43548,play_store,It is a very good app for shopping,5.0,2026-08-28 09:40:55,0,https://play.google.com/store/apps/details?id=com.myntra.android
ps_cae1cfd3-e756-41b4-95a1-5f06e9bfd07c,play_store,very helpful app,5.0,2026-08-28 09:40:25,0,https://play.google.com/store/apps/details?id=com.myntra.android
ps_1d10235f-973a-4067-a1fb-5d965dc3321d,play_store,very gorgeous saree,5.0,2026-08-28 09:36:58,0,https://play.google.com/store/apps/details?id=com.myntra.android
ps_57a738e8-db1f-4b4d-9f8a-326782772767,play_store,love this shopping 🛍 app,5.0,2026-08-28 09:36:17,0,https://play.google.com/store/apps/details?id=com.myntra.android
ps_2639e73b-db8a-4358-a293-76c77cd80af6,play_store,good delivers geniune product.,5.0,2026-08-28 09:27:33,0,https://play.google.com/store/apps/details?id=com.myntra.android
ps_dcfaa7c3-537a-41ea-aecc-4519f4ec22c9,play_store,product quality is so nice.,5.0,2026-08-28 09:18:26,0,https://play.google.com/store/apps/details?id=com.myntra.android
ps_54d18caa-922e-45f2-9ed7-9e7858ba7278,play_store,better than flipkart and amazon,5.0,2026-08-28 09:06:45,0,https://play.google.com/store/apps/details?id=com.myntra.android
ps_e972ce60-e554-425f-9a6e-f196e01e2527,play_store,all products are beautiful and comfortable.,5.0,2026-08-28 08:58:55,0,https://play.google.com/store/apps/details?id=com.myntra.android
ps_574c73b4-2d13-441b-86d2-bf826ddf3966,play_store,totally fraud platform i ordered for a dress they s3nd a totally different product and then refused to return. saying we delivered the product you ordered. totally fraud,1.0,2026-08-28 08:46:28,0,https://play.google.com/store/apps/details?id=com.myntra.android
ps_a6ae6860-bba7-4f94-be53-d0b77cbd8cd2,play_store,Quality clothes,5.0,2026-08-28 08:42:05,0,https://play.google.com/store/apps/details?id=com.myntra.android
ps_bc3fce08-ea91-4c2f-abad-2561ed66cd95,play_store,This is good app for online shopping this app shows original brand,5.0,2026-08-28 08:35:58,0,https://play.google.com/store/apps/details?id=com.myntra.android
ps_e516e4a0-0a06-40b1-8180-bea1e07490e6,play_store,Prompt delivery and excellent quality of products,5.0,2026-08-28 08:33:43,0,https://play.google.com/store/apps/details?id=com.myntra.android
ps_ca32bfb8-7e49-47f0-89f1-be03e56695d9,play_store,Irresponsible platform with useless AI customer service. Delayed shipment and no responsibility of it taken by them.No human support which could understand your issue. There is always a risk of lossing your item and they no way take responsibility.,1.0,2026-08-28 08:25:47,1,https://play.google.com/store/apps/details?id=com.myntra.android
ps_34d4ec11-95eb-4bc1-ae52-628b8c1272da,play_store,Easy to ship,3.0,2026-08-28 08:24:44,0,https://play.google.com/store/apps/details?id=com.myntra.android
ps_bc3f0b0c-9d8b-42af-8140-f9c80cd5d8e7,play_store,best shopping aapp,5.0,2026-08-28 08:19:10,0,https://play.google.com/store/apps/details?id=com.myntra.android
ps_5c1def0c-0288-44ac-ad77-0b10b9a34777,play_store,I never have seen this type of delivery ever I dint receiving even my order at time later it going to be Canceled I'm not suppose to take this,1.0,2026-08-28 08:16:46,1,https://play.google.com/store/apps/details?id=com.myntra.android
ps_77d17e84-c0b1-4e35-ad42-01fe50661501,play_store,very bad services,1.0,2026-08-28 08:05:48,0,https://play.google.com/store/apps/details?id=com.myntra.android
ps_116c93ca-f4b6-4508-be54-168c47673c9f,play_store,very good 😊❤️,5.0,2026-08-28 08:00:11,0,https://play.google.com/store/apps/details?id=com.myntra.android
ps_c17a659f-84ef-484c-a058-3754b0360cb2,play_store,Splendid! ❤,5.0,2026-08-28 07:56:25,0,https://play.google.com/store/apps/details?id=com.myntra.android
ps_3b0bc500-eb87-4f5b-9aa7-37a8f3ead4c4,play_store,comfortable breathable 🤌,5.0,2026-08-28 07:52:13,0,https://play.google.com/store/apps/details?id=com.myntra.android
ps_6eea8dc8-8a91-450c-92d8-f8feb45a1d5d,play_store,good ap products are good,5.0,2026-08-28 07:00:55,0,https://play.google.com/store/apps/details?id=com.myntra.android
ps_ed3635a2-9966-471b-a434-6c4df213062a,play_store,Exceptionally good,5.0,2026-08-28 06:39:42,0,https://play.google.com/store/apps/details?id=com.myntra.android
ps_d301c522-6d7d-4876-863b-22cda7622694,play_store,very good app to use,5.0,2026-08-28 06:30:39,0,https://play.google.com/store/apps/details?id=com.myntra.android
ps_3a4d893b-8931-4d90-bf26-72ac46538a22,play_store,good nice product,5.0,2026-08-28 06:19:15,0,https://play.google.com/store/apps/details?id=com.myntra.android
ps_b6bdef1d-66e0-4b0d-b8f0-0551b243ea03,play_store,ossome purchaing exprince,4.0,2026-08-28 06:04:29,0,https://play.google.com/store/apps/details?id=com.myntra.android
ps_337e68ca-d216-448f-a8db-d74dad3d50dc,play_store,"“I had a great experience using Myntra. The app is easy to use, the products have a good variety, and the overall shopping experience is smooth and convenient. Highly recommended!”",5.0,2026-08-28 04:14:07,0,https://play.google.com/store/apps/details?id=com.myntra.android
ps_dfb43d54-9e4f-4d64-b2e3-13f93db384b6,play_store,over price on this app,1.0,2026-08-28 03:49:55,0,https://play.google.com/store/apps/details?id=com.myntra.android
ps_50bff122-234f-482c-b81e-8a8c296fc028,play_store,fashion guys worth this app,5.0,2026-08-28 03:03:12,0,https://play.google.com/store/apps/details?id=com.myntra.android
ps_ac138791-03e9-45bf-8c58-50d1f38d0782,play_store,one of the finest e commerce for clothing and electronics gadgets,5.0,2026-08-28 02:57:55,0,https://play.google.com/store/apps/details?id=com.myntra.android
ps_c18ec647-0dd3-48f3-aacc-32b717e7f910,play_store,Good experience,5.0,2026-08-28 01:51:43,0,https://play.google.com/store/apps/details?id=com.myntra.android
ps_01b49296-294c-48bf-a1d4-87f5dac1110b,play_store,very good experience. always get the best quality of clothes.,5.0,2026-08-28 01:50:56,0,https://play.google.com/store/apps/details?id=com.myntra.android
ps_ee993904-0cdb-40cf-aa26-122c774f3949,play_store,very good nice product quality very nice,5.0,2026-08-28 01:19:45,0,https://play.google.com/store/apps/details?id=com.myntra.android
ps_636952cf-9674-4334-a35d-b7ea1f43e7ef,play_store,very good 👍👍👍👍👍👍,5.0,2026-08-28 00:52:35,0,https://play.google.com/store/apps/details?id=com.myntra.android
ps_3a2cfbbb-e521-488c-850a-200f54a33edb,play_store,"Very disappointed with the return process. I requested a return over a week ago, and the expected pickup date has already passed with no update. No one has come to collect the item, and my refund is still stuck because of this delay. Such slow and unresponsive service makes it hard to trust shopping here again. Please fix this and process my return/refund immediately.",1.0,2026-08-28 00:40:34,0,https://play.google.com/store/apps/details?id=com.myntra.android
ps_737f4ddb-2cae-4fd3-bba7-b56669d0abb8,play_store,I love myntra because I received good product like showing on the app,5.0,2026-08-28 00:38:31,0,https://play.google.com/store/apps/details?id=com.myntra.android
ps_d4df34a4-a4c4-4db8-b0ef-7c9460019b64,play_store,"Great collection, excellent product quality, and fast delivery. The app is easy to use, and the products are exactly as shown. Definitely recommended for a smooth and reliable online shopping experience!",5.0,2026-08-28 00:37:36,0,https://play.google.com/store/apps/details?id=com.myntra.android
ps_0d99638e-e81f-4325-8f5f-7e5f8c116aa5,play_store,nice app specially their beauty finds are awesome..,5.0,2026-08-28 00:36:21,0,https://play.google.com/store/apps/details?id=com.myntra.android
ps_ad1725fd-13f3-4483-ba27-8fc667057f23,play_store,Sometimes we are getting duplicate items. Montra needs to take care of this.,3.0,2026-08-28 00:33:23,0,https://play.google.com/store/apps/details?id=com.myntra.android
ps_96b4fcab-c797-46fd-bf83-0cf50212449e,play_store,try this app 🩷,4.0,2026-08-28 00:17:08,0,https://play.google.com/store/apps/details?id=com.myntra.android
ps_dce0b131-aac9-42d1-a184-750dd7c8a2b4,play_store,discounts are awsome,5.0,2026-08-28 00:10:36,0,https://play.google.com/store/apps/details?id=com.myntra.android
ps_8a890aec-4562-40c6-9a9b-993998bb70cc,play_store,The platform fee is too high; it should be reduced.,2.0,2026-08-27 23:57:20,0,https://play.google.com/store/apps/details?id=com.myntra.android
ps_dd237855-06dd-47cd-b353-49f4171432cc,play_store,"I am extremely disappointed with your service. I placed an order 10 days ago, and the item has still not been delivered. Additionally, your support team promised a refund within 20 minutes, but I have not received it yet. Kindly update me on the status of my refund immediately.💔😭",1.0,2026-08-27 23:24:54,0,https://play.google.com/store/apps/details?id=com.myntra.android
ps_b49c538e-d09e-40d3-983d-8c990fa91485,play_store,i love myntra,5.0,2026-08-27 23:18:57,0,https://play.google.com/store/apps/details?id=com.myntra.android
ps_681f2baa-a196-4c7f-af58-a47bc5b6d78e,play_store,it's not opening there is no open option for the application,1.0,2026-08-27 23:17:58,0,https://play.google.com/store/apps/details?id=com.myntra.android
ps_27b04b17-e7bd-449c-b493-ff9f6a03d12d,play_store,good product but not long lasting,5.0,2026-08-27 23:17:56,0,https://play.google.com/store/apps/details?id=com.myntra.android
ps_2a652ef6-4970-4561-a948-cfebc0414fdb,play_store,best platform to online shopping 🛒🛍️,5.0,2026-08-27 23:16:38,0,https://play.google.com/store/apps/details?id=com.myntra.android
ps_3d9482a8-dbf0-47d0-8c0c-d82387fd431f,play_store,i only believe in myntra,5.0,2026-08-27 23:12:35,0,https://play.google.com/store/apps/details?id=com.myntra.android
ps_3aad17aa-d966-464a-a602-b08a10d1671a,play_store,"worst app!!! i ordered an outfit from it ( 30 mins ) and it was showing 89 mins fir the outfit to be delivered, but when u checked again it was showing already delivered but i haven't received it and neither the delivery person called me plus I have paid online ( ₹511 ) for that order , now tell me where the hell is my order? I want full refund now, please take some actions on this I have already emailed, please do something either deliver my order or gave me full refund!!!",1.0,2026-08-27 23:02:54,0,https://play.google.com/store/apps/details?id=com.myntra.android
ps_3f8a248f-96c4-4854-b255-718074af8d2b,play_store,nice aap...nice collection... approximately order nd price is genuine...,5.0,2026-08-27 23:01:52,0,https://play.google.com/store/apps/details?id=com.myntra.android
ps_7205785f-3f91-48e2-8cbb-bbe647bd2164,play_store,"For starters, it took so long to process my order; when I checked, I was told it would arrive on the 27th, but then it was suddenly cancelled. I couldn't wear the clothes for the occasion I had planned for, and I’m really unhappy with my experience with Myntra this time.",1.0,2026-08-27 23:01:35,0,https://play.google.com/store/apps/details?id=com.myntra.android
ps_e079bff9-1b46-4bc1-aab9-828841024dd8,play_store,"earlier myntra was really helpful, they delivered on committed time but nowadays I'm really disappointed with myntra extremely poor service, last month i ordered bottom for my infant but did not receive, i ordered blazer for myself again did not receive, 3-4 days ago I ordered one kurti which is i am planning to wear on Rakhi and the kurti is supposed to be delivered today but did not receive. I want my kurti by tomorrow if it will not be received I will never ever purchase from Myntra.",1.0,2026-08-27 22:52:07,0,https://play.google.com/store/apps/details?id=com.myntra.android
ps_90f1f530-0a78-4fff-86b9-38ed00173a63,play_store,my order got cancelled without proper refund,1.0,2026-08-27 22:38:23,0,https://play.google.com/store/apps/details?id=com.myntra.android
ps_92fabc49-daca-4cc9-a145-ce7b94f8e446,play_store,excilent very nice product feeling good i am happy with original product,5.0,2026-08-27 22:33:04,0,https://play.google.com/store/apps/details?id=com.myntra.android
ps_d271794e-a715-457e-b899-b9f53f7808ec,play_store,best quality product .,5.0,2026-08-27 22:30:49,0,https://play.google.com/store/apps/details?id=com.myntra.android
ps_b187e87e-8226-4133-97e3-c93a57e6a605,play_store,bad ghatiya hai,1.0,2026-08-27 22:28:41,0,https://play.google.com/store/apps/details?id=com.myntra.android
ps_9e9b6b96-21d4-4ff1-bd85-4b0f2956d803,play_store,"Extremely poor delivery and customer support. My order was shipped on 21st August and was promised for delivery today, but it is still not delivered. The app provides no proper option to report a missing/delayed order, and the chat support is just a useless bot with no way to reach a real person. Very disappointing experience from Myntra. 1 star only because 0 isn’t available.",1.0,2026-08-27 22:25:35,2,https://play.google.com/store/apps/details?id=com.myntra.android
ps_7cf8b94a-b338-43fd-bb73-2cceab7eef3c,play_store,"Such a Scammer Myntra, They are doing Scam with customers and nothing else. Stay away from Scammer Myntra 😡😡😡😡😡😡😡😡😡😡😡😡😡😡😡😡😡😡 Shame on you",1.0,2026-08-27 22:16:25,0,https://play.google.com/store/apps/details?id=com.myntra.android
ps_fec3c530-476f-49e5-99a4-09962bab6d7a,play_store,one of excellent all fashion essentials at one place with genuine quality.,5.0,2026-08-27 22:15:19,0,https://play.google.com/store/apps/details?id=com.myntra.android
ps_184e7c91-ebe7-4069-944d-36b0379ce887,play_store,The product is Accurate & Amazing and the delivery was on date and really smooth. Absolutely!!!! GREAT.❤️,5.0,2026-08-27 22:14:29,0,https://play.google.com/store/apps/details?id=com.myntra.android
ps_d7c3a210-0a10-4160-8707-f0bea4c5a73b,play_store,Grate app and lot of gud collections,5.0,2026-08-27 22:07:32,0,https://play.google.com/store/apps/details?id=com.myntra.android
ps_9603e1e7-c505-41c7-8754-8e66c194af78,play_store,"For the last few days my account has been showing blocked without any reason and they again and again refer to an article which is under 4 & 12 as per myntra T&C as per term and condition nothing happened, for the same already sent email but 6 days is over no update yet",1.0,2026-08-27 22:05:09,0,https://play.google.com/store/apps/details?id=com.myntra.android
ps_ff025b26-14ba-419d-b863-8111d62f4500,play_store,"I am a loyal customer of myntra from last 10 years. But this time my experience is very bad. Myntra is cheating customers by showing wrong timeline for product delivery. Even after giving 10 days time for delivery..they are not able to deliver product. Just to get the order, so that customers dont buy from other sites they are showing wrong timeline and then not delivering our order. Very bad myntra. Not buying from you again.",1.0,2026-08-27 22:05:01,2,https://play.google.com/store/apps/details?id=com.myntra.android
ps_e8548ee2-0edb-492a-883b-bd3069e6bcab,play_store,i pretty good have the best experience with myntra. it help a lot and delivery all my product on time.,5.0,2026-08-27 22:04:22,0,https://play.google.com/store/apps/details?id=com.myntra.android
ps_a6e57053-d783-4440-82ea-51a8170d44d0,play_store,awesome app and 100% genuine brand 👍👍,5.0,2026-08-27 22:00:18,0,https://play.google.com/store/apps/details?id=com.myntra.android
ps_c614d585-0191-42ac-b522-d2532d8c6dea,play_store,"I started using Myntra recently, am so stoked that it is very easy to use and we can find all brands at a time.. the prices are also very low.",5.0,2026-08-27 21:51:07,0,https://play.google.com/store/apps/details?id=com.myntra.android
ps_f748c4bc-e384-422b-9b9e-df306d3cccf6,play_store,best app gghftyuuuyyuy,5.0,2026-08-27 21:50:04,0,https://play.google.com/store/apps/details?id=com.myntra.android
ps_0f0b9a18-269b-49c6-95b1-944b5852eef3,play_store,wonderful platform 😍,5.0,2026-08-27 21:46:26,0,https://play.google.com/store/apps/details?id=com.myntra.android
ps_2df0a8b1-25cd-46c1-a4d3-56bd03a1fb0d,play_store,It is a very nice product pls request all friends to buy these track pants,5.0,2026-08-27 21:41:51,0,https://play.google.com/store/apps/details?id=com.myntra.android
ps_2c869964-a4ce-49f3-a726-238721262e50,play_store,my order is not delivered yet it was supposed to deliver by 24 aug but it's 27 already I am very disappointed with the service i needed this order I didnt get it by on time this is really bad i cried because I had everything planned out for rakhi but they were making fool of me every time they were first telling me I have called customer service a lot of times but to only please wait we are trying what they did I don't know it is still in Mumbai for past 7 days I have order,1.0,2026-08-27 21:38:56,0,https://play.google.com/store/apps/details?id=com.myntra.android
ps_f5c59d84-5cbb-4482-8bda-5547c1f892bd,play_store,Good Application,4.0,2026-08-27 21:35:56,0,https://play.google.com/store/apps/details?id=com.myntra.android
ps_6099f622-7bfa-4aaf-81a2-76afcdc1a051,play_store,great shopping app for branded outfit and fashion,5.0,2026-08-27 21:29:10,0,https://play.google.com/store/apps/details?id=com.myntra.android
ps_1a4bfb6e-d6c6-409d-9a86-c47aab6a107d,play_store,This app is amazing 😍. Must by this App.,5.0,2026-08-27 21:23:20,0,https://play.google.com/store/apps/details?id=com.myntra.android
ps_57f7b23f-e5ce-486a-874b-78daa9feedf5,play_store,one of the best online and trusted platform ...,5.0,2026-08-27 21:23:11,0,https://play.google.com/store/apps/details?id=com.myntra.android
ps_afc31bf4-91d1-4fce-a5e4-f6156982eecb,play_store,Nice & good product,5.0,2026-08-27 21:22:36,0,https://play.google.com/store/apps/details?id=com.myntra.android
ps_b53478f0-668d-4031-93a6-f7a35f2e2a3d,play_store,fraud sites,1.0,2026-08-27 21:20:40,0,https://play.google.com/store/apps/details?id=com.myntra.android
ps_fd87252e-bc3b-44f8-8a03-a7e1400eb37f,play_store,Good app. ontime delivery,5.0,2026-08-27 21:17:06,0,https://play.google.com/store/apps/details?id=com.myntra.android
ps_d314ff62-1c26-4cc4-a589-2033d04a919c,play_store,awesome nice product,5.0,2026-08-27 21:05:16,0,https://play.google.com/store/apps/details?id=com.myntra.android
ps_8896c0b0-820a-4196-a252-3961ea6910bc,play_store,best platform to buy anything,5.0,2026-08-27 21:04:29,0,https://play.google.com/store/apps/details?id=com.myntra.android
ps_9d4bbb3c-6c46-4ecd-81fc-cdb913d700a1,play_store,not comming delivery on time,1.0,2026-08-27 20:59:54,0,https://play.google.com/store/apps/details?id=com.myntra.android
ps_ed55be18-0a04-420f-8621-08206d80fb8e,play_store,It is a good service but size confusion in XL and XXL Roadstar brand.so i am exchange this item. Myntra gives well brand and good service as per my opinion.,5.0,2026-08-27 20:41:50,0,https://play.google.com/store/apps/details?id=com.myntra.android
ps_04899880-9f10-421a-91eb-990caea8e320,play_store,This is beautiful,5.0,2026-08-27 20:37:56,0,https://play.google.com/store/apps/details?id=com.myntra.android
ps_1547da35-9e04-445f-a79b-8b23645986cb,play_store,Absolutely great online shopping app,5.0,2026-08-27 20:30:20,0,https://play.google.com/store/apps/details?id=com.myntra.android
ps_2942ff84-8adb-43ad-b02d-02ed8e58f94f,play_store,"what's wrong with myntra previously on returning a product myntra used to cut the 20rs platform charges that's understandable even though there are many apps giving all the money back without charging a penny for returning. Now it's almost charging 50rs. that's unfair... even if we'll exchange the product, we're paying the price...",2.0,2026-08-27 20:26:53,0,https://play.google.com/store/apps/details?id=com.myntra.android
ps_babd5b51-5f09-42f5-abb3-ba4c2eda5b3b,play_store,good easy interface easy to look offer,5.0,2026-08-27 20:24:51,0,https://play.google.com/store/apps/details?id=com.myntra.android
ps_d8ab19d5-2e20-4797-8a18-96f2dea72ce6,play_store,good delivery good everything just the delivery comes late it take 10-15 days,4.0,2026-08-27 20:23:06,0,https://play.google.com/store/apps/details?id=com.myntra.android
ps_d193433b-d705-4671-852e-2edae01f2d4e,play_store,good for fashion and 👗👕 quality is very good 👍 and price also good thank you myntra🫂🥰,5.0,2026-08-27 20:22:03,0,https://play.google.com/store/apps/details?id=com.myntra.android
ps_c3c5f581-3cb3-41de-8151-46d2a6fe61b5,play_store,I'm happy with Myntra products,5.0,2026-08-27 20:21:25,0,https://play.google.com/store/apps/details?id=com.myntra.android
ps_67ac471c-a681-47ba-8754-7df4e737c9c9,play_store,Their sales offer genuine discounts on high-end brands that are hard to find at those prices anywhere else.,5.0,2026-08-27 20:09:56,0,https://play.google.com/store/apps/details?id=com.myntra.android
ps_a983cef7-9cec-434a-9ff7-e755f1f3106d,play_store,"first they send the wrong product and then keep claiming that the right product was sent and refuse to listen to the customer, they don't attach the call to the agent to talk to and say they will call back but never call back and refuse to give a refund. Such poor services for a customer who has been using myntra for such a long time. i won't ever use myntra and I will file a consumer complaint against them.",1.0,2026-08-27 20:04:25,0,https://play.google.com/store/apps/details?id=com.myntra.android
ps_1cedf4fb-0505-4e4b-aeaa-0fc1c7ed2b3e,play_store,one of the worst shopping app I placed my order on 9 aug and I received it after 10-15 days and that too late from expected date ok I let it go after that I placed for exchange request and still they have not delivered my parcel like am I supposed to shop on item for whole month it literally going to be 1 month since I ordered they are giving me expected dates then on that they are not delivering it and showing it's getting delayed on top of that help centre is not solving this too worst app 🤮,1.0,2026-08-27 19:53:18,0,https://play.google.com/store/apps/details?id=com.myntra.android
ps_4d5ba7af-beff-4bef-b859-e9bccb2a90e5,play_store,Mera Sara product ek accha quality 👌 me aaya hai,5.0,2026-08-27 19:53:04,0,https://play.google.com/store/apps/details?id=com.myntra.android
ps_a8641def-8bb0-425b-b5dc-2efd91108db5,play_store,This app is very smooth and good take colwth,5.0,2026-08-27 19:49:41,0,https://play.google.com/store/apps/details?id=com.myntra.android
ps_73e39101-d06d-4011-acb5-87d19751f8a3,play_store,Extreme unprofessional and poor service platform. The app shows false status updates and the customer service executive shows complete unawarnes to the wrong info on the app. The order placed for express delivery show a false status and the product never delivered or attempted by delivery person. The contact number of delivery executive is incorrect or non working number. I would not recommend the trust the app or the myntra platform.,1.0,2026-08-27 19:34:25,0,https://play.google.com/store/apps/details?id=com.myntra.android
ps_d2b2f274-e1a0-44c8-ac23-832dd9bace1f,play_store,this is the worst app. because at the time of delivery it says sorry your item is cancelled . And this item is urgent and also my rakhi gift .🥺🥺,1.0,2026-08-27 19:32:33,0,https://play.google.com/store/apps/details?id=com.myntra.android
ps_427ff322-9b15-4a14-a51f-367e79d10161,play_store,I just loved their refund policy fastest refund than other,5.0,2026-08-27 19:19:53,0,https://play.google.com/store/apps/details?id=com.myntra.android
ps_66135af3-92bc-4b6a-8510-6a9a361ac5d9,play_store,good service,5.0,2026-08-27 19:19:15,0,https://play.google.com/store/apps/details?id=com.myntra.android
ps_e6fe9836-e1be-47cc-9f3c-5221f4cd5c97,play_store,Have been buying clothes from this app lately.,4.0,2026-08-27 19:12:56,0,https://play.google.com/store/apps/details?id=com.myntra.android
ps_8a5fc65b-fbaa-4857-86bd-8be1ea5d153d,play_store,good clothing,5.0,2026-08-27 19:05:37,0,https://play.google.com/store/apps/details?id=com.myntra.android
ps_d96fb01e-9cb9-4b06-a611-f0479130c2f0,play_store,bina karan Mera account ban kardiya castomar care ke sat bat karne ke bad vi kuch nahi hua !😡 Mera 300 rupees loss hua jo myntra account main tha!,1.0,2026-08-27 19:03:46,0,https://play.google.com/store/apps/details?id=com.myntra.android
ps_080d36f9-5e5f-4581-95a8-7cf45738f162,play_store,bhaut mast hai Bhai bhut mast hai,5.0,2026-08-27 19:00:59,0,https://play.google.com/store/apps/details?id=com.myntra.android
ps_ce9fe1cf-2dc2-4e62-a22f-146e647c33b3,play_store,good packaging and good products,5.0,2026-08-27 18:55:11,0,https://play.google.com/store/apps/details?id=com.myntra.android
ps_befe5967-e824-4e2a-af23-25103a84ad28,play_store,wrost app for shopping. I am a insider and a ugc member. still they cancelled my 14 orders the same days of the delivery without even asking my order giving me any reason. its totally unacceptable.,1.0,2026-08-27 18:51:09,0,https://play.google.com/store/apps/details?id=com.myntra.android
ps_496d30fe-9c4b-4e7e-a9c7-6a778730c5fa,play_store,"Order exchange failures due to missing items, seal mismatch, etc stupidity has been frustrating and customer support is a 100% useless",1.0,2026-08-27 18:49:19,0,https://play.google.com/store/apps/details?id=com.myntra.android
ps_739d009c-57bf-4119-b7b5-407ae2a954b6,play_store,Different types of clothes with new fashion are readily available in this platform.,5.0,2026-08-27 18:48:46,0,https://play.google.com/store/apps/details?id=com.myntra.android
ps_22eb6a5e-52c1-413d-8cab-6c4a6891393f,play_store,awesome app and offers Love you Myntra ❤️🎉,5.0,2026-08-27 18:34:11,0,https://play.google.com/store/apps/details?id=com.myntra.android
ps_707f7667-c5a6-4050-acd4-f6a545ef6805,play_store,everything is good,5.0,2026-08-27 18:17:20,0,https://play.google.com/store/apps/details?id=com.myntra.android
ps_fdf88d8f-9899-4870-893f-35777ca1ee4e,play_store,Myntra is the best!!,5.0,2026-08-27 18:17:15,0,https://play.google.com/store/apps/details?id=com.myntra.android
ps_d2ad0bb7-e0bf-41b1-8837-84a2b3369cf3,play_store,"Awesome shopping experience, loved it",5.0,2026-08-27 18:12:21,0,https://play.google.com/store/apps/details?id=com.myntra.android
ps_dcafdf07-6ef1-45e7-8fc9-4eceec82186b,play_store,good services,5.0,2026-08-27 18:01:38,0,https://play.google.com/store/apps/details?id=com.myntra.android
ps_cd90a73d-4399-4b98-9ce3-921bd181645b,play_store,Very bad service,1.0,2026-08-27 18:01:10,0,https://play.google.com/store/apps/details?id=com.myntra.android
ps_3b0e330d-1271-416f-873c-06d4c026909b,play_store,"really myntra is best for shopping,quality is very good",5.0,2026-08-27 17:53:59,0,https://play.google.com/store/apps/details?id=com.myntra.android
ps_0ee496c0-b0d1-4246-8b96-d3a43f65a800,play_store,"one of the best shopping apps, quality of the products 10 on 10",5.0,2026-08-27 17:53:32,0,https://play.google.com/store/apps/details?id=com.myntra.android
ps_5aa9441b-9da7-40b8-8755-9f17991de4f9,play_store,customer support only Hindi and English language why ? south people is not buying myntra products ?,1.0,2026-08-27 17:49:48,0,https://play.google.com/store/apps/details?id=com.myntra.android
ps_5a3a101c-b77e-4fe2-be15-f2dd51bb2542,play_store,"1. Selected product for purchase, but price increased suddenly 2. They never keep negative comments, I received a defective product so I shared a review comment, but they rejected 3. A product was showing price ₹699 2 year's back, 2 months back it was ₹1000 but I recently found the same product ₹450. This is huge variations. 4. If you receive the defective product, still they will charge you the Platform fee. crux : Myntra chor hai",1.0,2026-08-27 17:46:12,2,https://play.google.com/store/apps/details?id=com.myntra.android
ps_4afdb9e4-a07c-48cf-a907-11d1b8d816c2,play_store,"I ordered a set of two product and received only one, the one i received was Totally different from the picture shown I have paid full amount and now customer care is not picking up my phone",1.0,2026-08-27 17:45:16,1,https://play.google.com/store/apps/details?id=com.myntra.android
ps_89cbb4a1-96d5-49ef-aff8-0cd20fb265df,play_store,branded products affordable price,5.0,2026-08-27 17:37:50,0,https://play.google.com/store/apps/details?id=com.myntra.android
ps_358d2114-3b90-4ce0-8525-90cc5d6f0eda,play_store,"superb, value for money 💰",5.0,2026-08-27 17:34:18,0,https://play.google.com/store/apps/details?id=com.myntra.android
ps_d8382f75-2859-4ab1-b49c-a04f5c63d02a,play_store,today I recieved my bata shoes and i would say myntra is best app for shopping 😊❤️👌👌,5.0,2026-08-27 17:30:22,0,https://play.google.com/store/apps/details?id=com.myntra.android
ps_4a488ef1-4486-4c72-9235-987171b46845,play_store,"horrible horrible! I ordered 3 button down collar shirts received 2 numbers poor quality without button down, not matching the advestised photo. Paid 1000rs for each shirt received shirt worth less than 400rs, not worth the money. Tried to leave a poor review on the app, the review was rejected",1.0,2026-08-27 17:29:53,1,https://play.google.com/store/apps/details?id=com.myntra.android
ps_b55ba642-626b-475e-b4e2-b674cea35a52,play_store,very nice app for budget friendly buy,5.0,2026-08-27 17:29:50,0,https://play.google.com/store/apps/details?id=com.myntra.android
ps_5210c1a4-a24c-4bbd-b6dc-97a42751666c,play_store,Excellent 🤩,5.0,2026-08-27 17:28:41,0,https://play.google.com/store/apps/details?id=com.myntra.android
ps_53f60c2e-4b99-4b30-b2d0-1eb78b9703fc,play_store,it's very good app for shopping,5.0,2026-08-27 17:14:08,0,https://play.google.com/store/apps/details?id=com.myntra.android
ps_8e71f6a4-ef8f-4d75-843e-565ae52246dc,play_store,"Tried many others but shopping on myntra is the best with the most versatile collections. Wonderful experience shopping on the app. The entire process has always been extremely smooth. The deliveries are prompt, and even the return process is quick and completely hassle-free—just a simple click. What impressed me most was the speed of the refunds... the amount was credited within hours on the very same day. Overall, it has been an amazing shopping experience guaranteed. 😊",5.0,2026-08-27 17:07:47,0,https://play.google.com/store/apps/details?id=com.myntra.android
ps_75be3e25-5faa-44db-83d4-77b82ec00106,play_store,very beautiful bag i loved it,5.0,2026-08-27 17:07:32,0,https://play.google.com/store/apps/details?id=com.myntra.android
ps_1f952b14-5cc9-440a-9d71-8757cb85085e,play_store,"One of the best options for buying clothes,i really love it man 🤙🏻💝",5.0,2026-08-27 17:07:07,0,https://play.google.com/store/apps/details?id=com.myntra.android
ps_35d719e7-c6f1-4e59-ba52-923443720ab1,play_store,Authentic and quality products always 😊,5.0,2026-08-27 17:03:43,0,https://play.google.com/store/apps/details?id=com.myntra.android
ps_6d0b1ab0-0ea5-465c-b947-40a5181b47c3,play_store,worst customer care service... wrong product delivery... exchange offer is worst,1.0,2026-08-27 17:02:41,0,https://play.google.com/store/apps/details?id=com.myntra.android
ps_7a70ba9b-74ba-499e-8109-ed677f91e967,play_store,"worst app never using this again. i wanted a refund and to get a refund they have specifically made the refund to bank option so painfully annoying that many people would just choose to get their money back as myntra credits(that can only used in myntra). In order to get the money back in bank you have to enter all your bank details, and when you switch app to check them they again refresh the entire app and send you to home. This is intentionally done to make it hard to get back your money",1.0,2026-08-27 17:00:49,2,https://play.google.com/store/apps/details?id=com.myntra.android
ps_2348b038-56db-44b1-bece-4b0179abcff7,play_store,"this is a waste and worst app , my order is getting delayed since one month , no specific reason ,no proper responce from the team , very worst shopping experience with myntra ,i recommend you to stop shopping from this app. very worst experience with myntra",1.0,2026-08-27 17:00:49,0,https://play.google.com/store/apps/details?id=com.myntra.android
ps_5e62b80d-d9c5-4172-8c54-2c01375237a0,play_store,superb app❤️❤️ love it,5.0,2026-08-27 16:48:21,0,https://play.google.com/store/apps/details?id=com.myntra.android
ps_a9abe5a3-77a1-4528-98d6-43016216c27d,play_store,Customer and Shopping Friendly,5.0,2026-08-27 16:44:43,0,https://play.google.com/store/apps/details?id=com.myntra.android
ps_0ea1b76a-5eae-4a11-889b-d93e5762d5e9,play_store,best app for shopping 👍🏻✨,5.0,2026-08-27 16:42:57,0,https://play.google.com/store/apps/details?id=com.myntra.android
ps_3231c31c-abdd-4a33-b8a9-2f052b42d6a9,play_store,very helpfull,5.0,2026-08-27 16:40:19,0,https://play.google.com/store/apps/details?id=com.myntra.android
ps_3cd29756-dcb6-4f7a-ae54-6c61218c73e1,play_store,this is nice app and isme original product aate hai so this is best for online shopping,5.0,2026-08-27 16:39:18,0,https://play.google.com/store/apps/details?id=com.myntra.android
ps_bc4778f4-bb34-4388-b260-248e1514ac15,play_store,very easy shopping and I m trusted Myntra,5.0,2026-08-27 16:37:30,0,https://play.google.com/store/apps/details?id=com.myntra.android
ps_8e46227d-a736-490b-bad9-5174429fff9b,play_store,Myntra didn't disappoint me since 2015,5.0,2026-08-27 16:31:12,0,https://play.google.com/store/apps/details?id=com.myntra.android
ps_046560fb-5a52-47fd-b175-9017ac0d271f,play_store,the fabric quality is so good very comfortable and soft material,5.0,2026-08-27 16:29:31,0,https://play.google.com/store/apps/details?id=com.myntra.android
ps_5d5c2809-d7e6-4655-a4b4-6cbe329e09af,play_store,best platform 👍,5.0,2026-08-27 16:28:15,0,https://play.google.com/store/apps/details?id=com.myntra.android
ps_7929e2df-4ae5-473a-9e7a-6bace4c12094,play_store,"The return parcel was already picked up by the delivery person, but the return status is still showing as ‘Return Failed’. I even contacted customer support, but the status has not been updated yet. Today, I received another message asking me to return the parcel. This is very disappointing and inconvenient, and I have not received my refund yet. I have had a very bad experience with this app. I will avoid ordering anything from here again in the future.",1.0,2026-08-27 16:24:05,2,https://play.google.com/store/apps/details?id=com.myntra.android
ps_a0341da0-97cb-4f0a-84be-187acd6b8ae9,play_store,Awesome app.,5.0,2026-08-27 16:23:49,0,https://play.google.com/store/apps/details?id=com.myntra.android
ps_59effc79-db45-46eb-8306-01e6e2c7718d,play_store,really really good 👍🏻👍🏻👍🏻,5.0,2026-08-27 16:22:05,0,https://play.google.com/store/apps/details?id=com.myntra.android
ps_2b54cea5-77d4-4b95-89d3-993ba208051b,play_store,absolutely right choice 👍👍,5.0,2026-08-27 16:12:48,0,https://play.google.com/store/apps/details?id=com.myntra.android
ps_aa4dcfb9-48ff-45f0-980f-6b34549e0c3d,play_store,the best shoping app is myntra i love it,5.0,2026-08-27 16:08:13,0,https://play.google.com/store/apps/details?id=com.myntra.android
ps_c2e20666-c814-4d2d-9eed-a746660e0ff8,play_store,the experience is sooo good and simple best application 😁👍👍,5.0,2026-08-27 16:03:07,0,https://play.google.com/store/apps/details?id=com.myntra.android
ps_bb52ea21-6069-4f40-9c8c-09f2e997d47b,play_store,wow amazing product. I'm very be happy 😊,5.0,2026-08-27 16:01:19,0,https://play.google.com/store/apps/details?id=com.myntra.android
ps_4f5fd369-f943-4893-831a-073272cb21e6,play_store,amazing offers on first order,5.0,2026-08-27 15:58:18,0,https://play.google.com/store/apps/details?id=com.myntra.android
ps_6e130ea7-c07f-487c-a946-0c8306e83eb9,play_store,"Delivered wrong product and now not ready to pickup the return, saying that the product is not matched the original product. Are they out of their mind???",1.0,2026-08-27 15:58:02,0,https://play.google.com/store/apps/details?id=com.myntra.android
ps_b9e21950-cd70-4ead-9a7b-8d0daa1209b0,play_store,best product go for it👍,5.0,2026-08-27 15:50:31,0,https://play.google.com/store/apps/details?id=com.myntra.android
ps_f66953b5-0fb8-4933-b23e-6ba4ff04740f,play_store,good excellent,5.0,2026-08-27 15:40:23,0,https://play.google.com/store/apps/details?id=com.myntra.android
ps_d76c8d32-5eb7-449e-afb4-418cfbc57fbe,play_store,This is the best shopping app I have ever seen in my entire life best app to use for shipping all the items are of best quality and affordable 😁,5.0,2026-08-27 15:39:23,0,https://play.google.com/store/apps/details?id=com.myntra.android
ps_2376b6da-1295-48a6-9d44-5de5c995a1e7,play_store,can find every clothing u need here!,5.0,2026-08-27 15:35:42,0,https://play.google.com/store/apps/details?id=com.myntra.android
ps_e0a58e4d-53de-4d7d-b8a9-7df2207235e4,play_store,Quality is worthy for money.,5.0,2026-08-27 15:32:09,0,https://play.google.com/store/apps/details?id=com.myntra.android
ps_1b3d6f82-48c7-4149-976f-b153b42db763,play_store,excellent 👌🏼,5.0,2026-08-27 15:28:52,0,https://play.google.com/store/apps/details?id=com.myntra.android
ps_b3acdcb6-62bf-4474-b8fc-12deef7b3504,play_store,i never got my refund... consecutively I returned three items of which I have not gotten the refund till now.I'm losing faith in this website as i was very regular customer!,1.0,2026-08-27 15:25:38,0,https://play.google.com/store/apps/details?id=com.myntra.android
ps_fc43d11f-82c3-4a7c-b7aa-6d736fef5680,play_store,very good delivery so satisfied very good very happy so nice,5.0,2026-08-27 15:24:43,0,https://play.google.com/store/apps/details?id=com.myntra.android
ps_e8f0287a-d395-4d51-a361-69f3480761dc,play_store,"I ordered rakhi from myntra, but the deilevey keep delaying. At last, I cancelled the order never gonna order again.",1.0,2026-08-27 15:22:26,0,https://play.google.com/store/apps/details?id=com.myntra.android
ps_68ec011e-4550-4e0d-820d-f50068867a20,play_store,amazing app it's my go to app because it has original products with such amazing discounts and fast secure delivery my experience is amazing,5.0,2026-08-27 15:22:01,0,https://play.google.com/store/apps/details?id=com.myntra.android
ps_c5bb991a-b2f8-4712-8ffe-eb136c09253f,play_store,"I ordered a silver chained rakhi but received a normal threaded rakhi.This is completely unacceptable. The product image and description do not match what was delivered. I have been trying to contact customer support but no proper response. Worst experience ordering from Myntra... Now Myntra is also doing such scams which is not acceptable at all... The seller ""DeoDap"" is not authentic. Scammers are now doing their business in Myntra nd spoiling the image of the app...",1.0,2026-08-27 15:19:02,0,https://play.google.com/store/apps/details?id=com.myntra.android
ps_b43b08e7-2206-4420-8909-c81281c5c019,play_store,very nice app and affordable prices,5.0,2026-08-27 15:18:49,0,https://play.google.com/store/apps/details?id=com.myntra.android
ps_963bbf30-a3bd-40b7-bc12-15356151715a,play_store,"I had a very disappointing experience with this app. My return request was kept on hold for 7 days, and despite repeatedly contacting customer support, my issue was not resolved. I spoke with multiple levels of support, including a junior representative, senior representative, and manager. Unfortunately, none of them properly listened to or understood my concern. They repeatedly insisted that the correct product was delivered instead of addressing the actual issue I raised.The biggest problem",1.0,2026-08-27 15:16:45,2,https://play.google.com/store/apps/details?id=com.myntra.android
ps_d34fda9f-c95a-406c-917c-127a7fafd544,play_store,"I love to shop on myntra especially for clothes, their quality is great. Overall a very good experience.",5.0,2026-08-27 15:13:05,0,https://play.google.com/store/apps/details?id=com.myntra.android
ps_c653d1d9-70da-45b6-91e0-dc81415d4961,play_store,best application for shopping,5.0,2026-08-27 15:09:53,0,https://play.google.com/store/apps/details?id=com.myntra.android
ps_417247b4-adef-451c-8c32-b7f3583b54d9,play_store,Return product ke liye delivery person parcel recieve karne hi na aa raha... 3 din ho gaye aaj..totally disappointed 😞,1.0,2026-08-27 15:06:54,0,https://play.google.com/store/apps/details?id=com.myntra.android
ps_49762eda-e37a-4a0f-ba22-e0cbe7de09f2,play_store,"Very disappointing experience with Myntra’s return process. I placed order, and I have been trying to initiate a return. However, every time the delivery agent arrives and enters the seal tag code, the system shows it as “incorrect,” and the return pickup fails. This has already happened three times. Now I’m stuck with the product and potentially have to bear the loss because of a technical/system issue that is clearly not caused by me. What’s even more frustrating is Myntra’s customer support",1.0,2026-08-27 15:02:03,3,https://play.google.com/store/apps/details?id=com.myntra.android
ps_d1dce7e6-725a-4be6-a295-a773664f1ef1,play_store,best shoping store for all items better features are there in myntra app wonderful app for purchase a online products 😍,5.0,2026-08-27 14:54:58,0,https://play.google.com/store/apps/details?id=com.myntra.android
ps_5de6f735-aaa9-4e17-9583-3563a6844704,play_store,amazing app for shopping,5.0,2026-08-27 14:46:13,0,https://play.google.com/store/apps/details?id=com.myntra.android
ps_dfbf7c6e-dd8a-4b14-a0f5-c1be3d406d33,play_store,"Very good products, I am very impressed 👍",4.0,2026-08-27 14:44:27,0,https://play.google.com/store/apps/details?id=com.myntra.android
ps_b5294115-81a4-4977-9365-7a9965ff6747,play_store,very bad delivery services booked a serum a week ago on delivery day nobody called or nothing the next Day it says delivery cancelled too bad app go for other apps instead of these fake apps 💩 given one star because needs 1 star to write the review,1.0,2026-08-27 14:41:26,0,https://play.google.com/store/apps/details?id=com.myntra.android
ps_5421ea6c-8dba-42c5-b89c-1feb3ba142f4,play_store,good material 👍,4.0,2026-08-27 14:41:22,0,https://play.google.com/store/apps/details?id=com.myntra.android
ps_34e29255-65a0-4278-83d5-fba0bb46c63c,play_store,just amazing shopping app🤌✨😍,5.0,2026-08-27 14:41:06,0,https://play.google.com/store/apps/details?id=com.myntra.android
ps_2ddcd877-874f-4df1-9032-3a9195d60230,play_store,myntra pr shopping krke maza aata aur iski packaging bht hi bdhiya hoti h I luv this app,5.0,2026-08-27 14:39:31,0,https://play.google.com/store/apps/details?id=com.myntra.android
ps_ae714a91-da16-4290-9a8c-d3233e78af8f,play_store,myntra is the best app for shopping and every collection is awesome,5.0,2026-08-27 14:37:20,0,https://play.google.com/store/apps/details?id=com.myntra.android
ps_dd6e68be-cada-40b9-998e-5aebd59c46d8,play_store,i love you myntra,5.0,2026-08-27 14:35:36,0,https://play.google.com/store/apps/details?id=com.myntra.android
ps_acb5b20c-615c-45ef-94eb-ee31d67b2825,play_store,I get product but item was missing ana I didn't get my refund and your customers service is very bad,1.0,2026-08-27 14:35:28,0,https://play.google.com/store/apps/details?id=com.myntra.android
ps_3735739e-20a0-4ecc-9139-7bf6e5296de0,play_store,there is a logo symbol missing,2.0,2026-08-27 14:32:06,0,https://play.google.com/store/apps/details?id=com.myntra.android
ps_302f740b-2a49-4c43-bb51-1e65db383a6f,play_store,"really love this app....it never disappoints me, sizes are just perfect,love it love it 😍❤️",5.0,2026-08-27 14:28:24,0,https://play.google.com/store/apps/details?id=com.myntra.android
ps_22b5e11b-90b0-4bbe-9655-eb66f3b5feb5,play_store,"I recently made a purchased with online payment but cancelled it within the same day but the product has been shown as requested for cancellation from the past 3 days. I haven't received my payment yet. Also the another product I purchased and cancelled, although it got cancelled, but some amount of refunded money is added to myntra cash. My question is what if I don't want to purchase any product further??? what happens to my money??? This is not fair myntra. This is such a fraud application.",1.0,2026-08-27 14:25:03,2,https://play.google.com/store/apps/details?id=com.myntra.android
ps_f85b35ee-1b43-4e68-baf2-ad2dac02c914,play_store,best shopping mall 😉,5.0,2026-08-27 14:16:04,0,https://play.google.com/store/apps/details?id=com.myntra.android
ps_fdca8e65-f48c-4431-9f90-f6e628d9b770,play_store,I will give 0 review for service... Maine Mera dusra mobile pain myntra login Kiya Tha or order vhi Kiya Tha achanak Mera account deactivate Kar diya gya .. Jo cloth main order Kiya o mujhe exchange karna Tha size thik nehi Aya Tha.. Jo main nehi Kar Pai... bohot bar main Kiya.. but kuch response nehi Aya 7 days main resolve hoga bolke kuch nehi Kiya gya ..koi call vhi nehi Aya ir call receive vhi nehi kya gya .. or avhi tak Mera account deactivate hain .. . ghatiya experience..,1.0,2026-08-27 14:12:27,0,https://play.google.com/store/apps/details?id=com.myntra.android
ps_2b232afc-82e1-4c3d-a451-4f7f4c38e5f8,play_store,App for great fashion brands at affordable price,5.0,2026-08-27 14:08:18,0,https://play.google.com/store/apps/details?id=com.myntra.android
ps_20f71647-5627-461b-b4dd-5a5e52f6b7ff,play_store,the quality of all shrits and pants are worth to the money suggested to buy,1.0,2026-08-27 14:07:57,0,https://play.google.com/store/apps/details?id=com.myntra.android
ps_be6c3bef-2f20-4074-afb5-d79a092fd857,play_store,very very good product,5.0,2026-08-27 14:02:25,0,https://play.google.com/store/apps/details?id=com.myntra.android
ps_5061c682-c1f5-488f-80f4-d4d007021a1e,play_store,good for clothes shoes best app,5.0,2026-08-27 14:01:57,0,https://play.google.com/store/apps/details?id=com.myntra.android
ps_85b0452f-b93b-4588-bccb-3890fb9848ca,play_store,fast time order keli tyath pan let ani ata maje cash parth karth nahi ani tyan cha helping no. pan nahi lagth ya pakhsha meesho 10 pattin chagal aap ahe 3rd class app😡😡😡😡😡 frod aap maje 646 rs. budhavlith yani nahi delia refund,1.0,2026-08-27 14:01:04,0,https://play.google.com/store/apps/details?id=com.myntra.android
ps_9a283f31-d725-404d-9de7-80c7329a6798,play_store,Various and a lot of products to choose from. Fast and convenient delivery. Hope you guys to keep it up!....,5.0,2026-08-27 13:58:32,0,https://play.google.com/store/apps/details?id=com.myntra.android
ps_73c6fdbb-4685-414a-8158-1e1882ed44df,play_store,I like the latest styles and various types of garments in Myntra,5.0,2026-08-27 13:58:05,0,https://play.google.com/store/apps/details?id=com.myntra.android
ps_c6a4a649-61ea-489e-9062-c70e0b348b84,play_store,quality with quantity within appropriate amount,5.0,2026-08-27 13:53:53,0,https://play.google.com/store/apps/details?id=com.myntra.android
ps_8164ef11-effa-4aa8-9e6f-628fc1d435aa,play_store,"Left Myntra within just one month because of huge losses. I had a very disappointing experience with the delivery and return process. In my experience, I faced cases where delivery personnel allegedly stole the original products, after which the orders were cancelled/returned, leaving me with the loss. As a seller, this experience was extremely frustrating and financially unsustainable. I would strongly recommend other sellers don't come on myntra",1.0,2026-08-27 13:36:37,0,https://play.google.com/store/apps/details?id=com.myntra.android
ps_00c8b886-f94a-4afd-81cc-fb4e5d62b4b9,play_store,"bahut bakwas app,totally fraud app,Mera do mahine ka experience yahi ha",3.0,2026-08-27 13:34:31,0,https://play.google.com/store/apps/details?id=com.myntra.android
ps_b7fa9216-d3ba-4d5f-b8cd-5107116c6cb7,play_store,so comfortable 😌,5.0,2026-08-27 13:32:19,0,https://play.google.com/store/apps/details?id=com.myntra.android
ps_e13281a8-35e5-48f9-aa7e-f0b189d35d1c,play_store,quality good and service good 😊😊,5.0,2026-08-27 13:31:53,0,https://play.google.com/store/apps/details?id=com.myntra.android
ps_61fff4ee-8375-4514-8349-b678893cd165,play_store,myntra is amazing app for shopping.,5.0,2026-08-27 13:28:33,0,https://play.google.com/store/apps/details?id=com.myntra.android
ps_87441872-66c5-47f5-a459-4db898201ae7,play_store,verry good app,5.0,2026-08-27 13:22:37,0,https://play.google.com/store/apps/details?id=com.myntra.android
ps_493c9eb0-01e9-43e9-9a14-0b253357dd0f,play_store,delivery is so fast it doesn't get late anytime... n quality of the product is top notch is love using Myntra,5.0,2026-08-27 13:20:48,0,https://play.google.com/store/apps/details?id=com.myntra.android
ps_758f6ce2-4600-46be-8671-071b9cc069ab,play_store,the best budget app,5.0,2026-08-27 13:16:36,0,https://play.google.com/store/apps/details?id=com.myntra.android
ps_47b0a225-47b0-4fe6-8b44-11f8c485950c,play_store,since from 2 years I'm using myntra amazing products with best price,5.0,2026-08-27 13:07:51,0,https://play.google.com/store/apps/details?id=com.myntra.android
ps_dbffceaa-82cc-4086-a1cc-fe9f231f80f2,play_store,i lost my money and product is not delivered. Feels like they are supporting the scam of delivery partners.,1.0,2026-08-27 13:05:33,0,https://play.google.com/store/apps/details?id=com.myntra.android
ps_b013abac-bc28-4588-bb50-9ad20a0e2550,play_store,Always deliver a good quality of clothes.,5.0,2026-08-27 13:03:22,0,https://play.google.com/store/apps/details?id=com.myntra.android
ps_01004565-f480-4b46-a6fb-7d1388bf336a,play_store,"ordered a product over a week ago, and the app status has been stuck on ""Arrived Today"" for days, but the package hasn't been delivered yet. To make it worse, I have been trying to call customer care continuously, but the call never connects. Very irresponsible and disappointing service from Myntra",1.0,2026-08-27 13:02:32,1,https://play.google.com/store/apps/details?id=com.myntra.android
ps_40a967d1-bac0-479e-b3e2-91798d15bd8b,play_store,Best Shopping App Forever,5.0,2026-08-27 13:02:22,0,https://play.google.com/store/apps/details?id=com.myntra.android
ps_2ac8564c-f8c9-40c0-9812-1448832e5820,play_store,vry nice expression 🥰,5.0,2026-08-27 13:01:30,0,https://play.google.com/store/apps/details?id=com.myntra.android
ps_e6a2972a-1740-4290-b09b-ab10945e6982,play_store,scammed 50rs,1.0,2026-08-27 12:52:42,0,https://play.google.com/store/apps/details?id=com.myntra.android
ps_bfbfb5da-5570-4f57-aa4f-ed4c8f99fa15,play_store,all product very nyc and myntra app is good app for shopping I am happy,5.0,2026-08-27 12:50:09,0,https://play.google.com/store/apps/details?id=com.myntra.android
ps_bc10fe6f-eca0-46c4-a545-cf4c554240a7,play_store,nice experience I have ordered so many products all time coupon code are available it's make me happy ☺️ thankyou myntra,4.0,2026-08-27 12:46:02,0,https://play.google.com/store/apps/details?id=com.myntra.android
ps_731bdc65-8b5c-4044-a769-30f561b0c51d,play_store,it is very good,5.0,2026-08-27 12:44:33,0,https://play.google.com/store/apps/details?id=com.myntra.android
ps_9f422394-7ef8-46af-a81d-5ac84f5c8224,play_store,"I'm a regular user of myntra. I worked in Flipkart 3-4 years back.. since my number was registered as an ex employee there, they suspended my account and now I'm unable to shop. if you have to suspend fake accounts do check more details and verify whether it's fake or not.",1.0,2026-08-27 12:43:52,0,https://play.google.com/store/apps/details?id=com.myntra.android
ps_64d3e810-301c-481f-829e-2f81e00f2e7f,play_store,order delivered very faster and quality was too good love myntra superb quality,5.0,2026-08-27 12:42:11,0,https://play.google.com/store/apps/details?id=com.myntra.android
ps_e6ba0384-6a19-4305-84cd-857534175ae4,play_store,best online shopping platform,5.0,2026-08-27 12:32:53,0,https://play.google.com/store/apps/details?id=com.myntra.android
ps_97f3dd84-ecb4-49e0-a4ba-36c545fddf14,play_store,one of the bestshooping application I am ever using is myntra. the quality is always at its finest,5.0,2026-08-27 12:31:41,0,https://play.google.com/store/apps/details?id=com.myntra.android
ps_b4479bdc-cc1f-41bc-9fc1-990392494b52,play_store,Best for brand shopping,5.0,2026-08-27 12:27:46,0,https://play.google.com/store/apps/details?id=com.myntra.android
ps_e54ad32b-0b0f-4858-b3d5-469eb50e115c,play_store,It is a very good plateform to purchase..,4.0,2026-08-27 12:26:54,0,https://play.google.com/store/apps/details?id=com.myntra.android
ps_ddb6e035-5111-4319-a948-272d113c895e,play_store,Good Service,5.0,2026-08-27 12:26:21,0,https://play.google.com/store/apps/details?id=com.myntra.android
ps_334b4477-274e-4091-b859-7dccfe6576e7,play_store,Very easy to purchase all the goods,4.0,2026-08-27 12:23:14,0,https://play.google.com/store/apps/details?id=com.myntra.android
ps_62f2d17d-3036-450f-a579-205c2f4d071c,play_store,I love this app. All the products quality are awesome. Trending products and offers always available in the festive season.,5.0,2026-08-27 12:23:01,0,https://play.google.com/store/apps/details?id=com.myntra.android
ps_70ee446f-4370-4afb-b2a2-6e9c54905db3,play_store,bahut achi service,5.0,2026-08-27 12:21:40,0,https://play.google.com/store/apps/details?id=com.myntra.android
ps_788d9c96-dd68-4b96-98f1-b69c305b8149,play_store,very helpful app😍,5.0,2026-08-27 12:18:37,0,https://play.google.com/store/apps/details?id=com.myntra.android
ps_371689b9-035c-4df1-8fce-26e399cf888f,play_store,khrab app hai 2 baar order kra dono baar apne aap cancel hogya,1.0,2026-08-27 12:11:12,0,https://play.google.com/store/apps/details?id=com.myntra.android
ps_7a814f5d-8ecc-4c5f-8f2e-ed2448f2b87d,play_store,very useless app 😊,5.0,2026-08-27 12:07:45,0,https://play.google.com/store/apps/details?id=com.myntra.android
ps_93c60838-4331-4c3e-b93f-3e9b78848298,play_store,Always a batter choice is Myntra🩷,5.0,2026-08-27 12:01:24,0,https://play.google.com/store/apps/details?id=com.myntra.android
ps_1f6f3432-5859-4a3c-8227-fef5f1e0eff0,play_store,"worst app. low quality items and delay in refunds. i am ordering black + 34 your seller sending grey +30 , 3 times and then u make delay in pickup , delay in refunds...idiotic app.",1.0,2026-08-27 11:47:49,0,https://play.google.com/store/apps/details?id=com.myntra.android
ps_928e9078-bbce-4c02-bba8-fcdcfe929055,play_store,Myntra is Nice online platform with Trusted Brand u love so u Can shop with Ease and Comfort,5.0,2026-08-27 11:46:54,0,https://play.google.com/store/apps/details?id=com.myntra.android
ps_5175d4e7-7a94-4383-8182-1a06f518a4f9,play_store,it's such a nice experience with myntra,5.0,2026-08-27 11:42:16,0,https://play.google.com/store/apps/details?id=com.myntra.android
ps_c6cf4c16-a0b9-4f6d-aa5e-49b1bcf51a93,play_store,your company service is worst and your customer service is hell i order deodap rakhi of 2 quantity on 18th august 2026 and it delieverd on 23rd august 2026 but i got only one quantity i had complained on same day customer service told ke that your issue will be resolved before 26 august but it not resolved and aftrr that when i call them didnt pick my call and if they pick they stood on hold for 15 minutes and not give proper answer my friends told me that myntra is worst but i believethatis,1.0,2026-08-27 11:39:08,0,https://play.google.com/store/apps/details?id=com.myntra.android
ps_c31721cb-276d-4ce3-a795-917df75cdd2d,play_store,good app i love his sign up offer🤩,4.0,2026-08-27 11:36:34,0,https://play.google.com/store/apps/details?id=com.myntra.android
ps_75c1631d-b428-4543-992c-e5c452aab716,play_store,love the app,5.0,2026-08-27 11:35:03,0,https://play.google.com/store/apps/details?id=com.myntra.android
ps_bef957fe-6f67-491e-b374-0f7d775b2787,play_store,Best App for online shopping. With the best brands.Till today what ever I have ordered has come with the standard.,5.0,2026-08-27 11:33:03,0,https://play.google.com/store/apps/details?id=com.myntra.android
ps_cff7b6ee-8e74-447e-bb53-a5f38d740263,play_store,nice help full app,5.0,2026-08-27 11:32:40,0,https://play.google.com/store/apps/details?id=com.myntra.android
ps_c42cd744-16a5-4456-afe1-a13b2eaa7279,play_store,Best for latest fashion.,5.0,2026-08-27 11:25:01,0,https://play.google.com/store/apps/details?id=com.myntra.android
ps_b3e668dd-af77-4eb1-8637-50cc1af5d9b9,play_store,Timely deliveries with best price,5.0,2026-08-27 11:21:19,0,https://play.google.com/store/apps/details?id=com.myntra.android
ps_287367a3-3fcd-40b3-a096-f840db87cd3c,play_store,very very very bad 😔,1.0,2026-08-27 11:19:11,0,https://play.google.com/store/apps/details?id=com.myntra.android
ps_02457b28-116e-4eb5-99aa-a4a3de3bec34,play_store,"extremely disappointed experience lately, my order are being cancelled ,after showed delay for days. it's extremely frustrating when we order thing for an occasion and it suddenly got cancelled before an event. Myntra really need to look into it.",1.0,2026-08-27 11:18:35,0,https://play.google.com/store/apps/details?id=com.myntra.android
ps_f20031ae-b098-41ca-a161-df2bfd8b6060,play_store,customer service is very bad and things get cancelled without any reason 😞,1.0,2026-08-27 11:18:16,0,https://play.google.com/store/apps/details?id=com.myntra.android
ps_ae8d020d-2763-43f3-8157-9e3613ebea1b,play_store,very expensive app You are doing a very good job 😀👍🏻,5.0,2026-08-27 11:15:15,0,https://play.google.com/store/apps/details?id=com.myntra.android
ps_41ac0c7a-4051-4775-b745-aec5146768f7,play_store,"Their refund policy is very poor. They provide a reference number for refunds that haven’t been credited and ask customers to check with their bank. This wastes both time and money. In my case, I have to travel 200 km to my hometown bank just to check why my refund hasn’t been credited.",1.0,2026-08-27 11:06:26,0,https://play.google.com/store/apps/details?id=com.myntra.android
ps_79a0b8fa-d5c5-4b14-8efe-add3aa986086,play_store,trusted shopping site.,5.0,2026-08-27 11:03:38,0,https://play.google.com/store/apps/details?id=com.myntra.android
ps_972f6a36-0bc5-4bcb-9adc-1f4991989ca5,play_store,reasonable price and good product availablity,5.0,2026-08-27 11:02:01,0,https://play.google.com/store/apps/details?id=com.myntra.android
ps_4004fbd4-8931-464e-bad9-f4dd6afc2426,play_store,I prefer Myntra for fashion products. Quality of fabrics bought from Myntra are always the best. I like it. Thank you Myntra.,5.0,2026-08-27 10:50:21,0,https://play.google.com/store/apps/details?id=com.myntra.android
ps_e9a8bda8-dc7b-4358-a9bc-40b57af883a8,play_store,good experience fast delivery good qulaity,5.0,2026-08-27 10:50:18,0,https://play.google.com/store/apps/details?id=com.myntra.android
ps_807e1dff-2293-4883-be78-16475b822e40,play_store,worst app. I have been using myntra for last 10 years suddenly my login as been deactivated without valid reason . sent email but giving unfair resolution,1.0,2026-08-27 10:42:52,0,https://play.google.com/store/apps/details?id=com.myntra.android
ps_5de945f4-aa3c-4db5-bc03-4662fac48bcf,play_store,"Why are myntra reference model 6 feet in height, Only 5% of Indians may have that height, who is your target audience Europeans or Indians, Please put some realstic reference sizes for clothing.",2.0,2026-08-27 10:39:54,0,https://play.google.com/store/apps/details?id=com.myntra.android
ps_1894635b-fb5e-4046-87ff-a7fcfd0dfba7,play_store,"Best app for shopping I've ever use ,thank you for your Best service ❤️, love you Myntra team ❤️",5.0,2026-08-27 10:37:34,0,https://play.google.com/store/apps/details?id=com.myntra.android
ps_df0eec88-48ad-433f-ad3d-31930b78d061,play_store,"I order by seeing express delivery, exact date needed , but common that's a complete lie 🤥 I feel frustrated , and cheated , I mean if you can't do it on the perticular time or date just don't promise that , how can count on you , and after all this inconvenience I am not able to talk with delivery person , not able to connect with consumer services, and okay I will cancel and will get refund but what that waiting period, what about mental discomfort I felt with this purchase.",1.0,2026-08-27 10:35:58,0,https://play.google.com/store/apps/details?id=com.myntra.android
ps_c5219aca-bc2d-4647-9f01-e47c5762bdfc,play_store,best app for buying cosmetics and outfit,5.0,2026-08-27 10:35:15,0,https://play.google.com/store/apps/details?id=com.myntra.android
ps_9b6c67a0-080c-491b-9fa9-14eb6f993749,play_store,Very good online store with a reasonable price and hassle-free orders.,5.0,2026-08-27 10:32:57,0,https://play.google.com/store/apps/details?id=com.myntra.android
ps_b053dd4b-7af8-4682-8786-2b8092021e3e,play_store,quality is very same as photo,5.0,2026-08-27 10:26:53,0,https://play.google.com/store/apps/details?id=com.myntra.android
ps_cd55709f-ae67-486a-8a26-43b1f261b612,play_store,"pls dont buy any product its not good quality, i perched one shert its not good and i request for return but they not taken they postpone and 7 days complete im return cancel like this they doing",1.0,2026-08-27 10:23:25,0,https://play.google.com/store/apps/details?id=com.myntra.android
ps_f57d72de-5a1c-4c4e-b598-dbaf2d91cea0,play_store,"Very disappointing experience with Myntra. I received my Big Foz ankle-length boots on 12th Aug and requested a refund due to poor quality. The pickup agent collected both the boots and my jeans on 17th Aug, but I received a refund only for the jeans. The agent falsely reported that he didn’t collect the boots. I’ve been trying to contact customer support for 2 weeks with no proper response. No refund, no update, and no resolution. Really shameful customer service and a total disappointment.",1.0,2026-08-27 10:23:02,0,https://play.google.com/store/apps/details?id=com.myntra.android
ps_faaa5142-5ba2-4949-8c67-e3cd06f82808,play_store,worst in changing bank details and customer service sucks...i can't even chnage my back details and cause of that i got my refund in a bank account that isn't even my anymore.,1.0,2026-08-27 10:10:55,0,https://play.google.com/store/apps/details?id=com.myntra.android
ps_ee51636f-2609-4302-8b78-d66e225d421c,play_store,iam not able to login to my account why my myntra account is deactivate how I activate my account again,1.0,2026-08-27 10:10:01,0,https://play.google.com/store/apps/details?id=com.myntra.android
ps_266d7385-2475-4c19-82ab-539bb8d659df,play_store,very good in quality fabric very soft and durable .. Rubber qualify looks fine,5.0,2026-08-27 09:56:21,0,https://play.google.com/store/apps/details?id=com.myntra.android
ps_fc8814e0-2352-47e4-915c-dd8cf069724a,play_store,it's suuuper app 😍😍,5.0,2026-08-27 09:55:43,0,https://play.google.com/store/apps/details?id=com.myntra.android
ps_a97e3ea8-18f3-4db0-ab2d-e8815d30a3f1,play_store,"Genuinely the worst online shopping experience I've had. Product quality is nowhere close to what's shown in photos — items look cheap and different from the listing. Delivery is unreliable, with delays and no proper updates on order status. Getting a refund or return processed is a nightmare — it takes forever and sometimes doesn't happen at all. And when you try to reach customer service, you either get generic copy-paste replies or no real resolution at all. Extremely frustrating and a waste",1.0,2026-08-27 09:50:26,2,https://play.google.com/store/apps/details?id=com.myntra.android
ps_ea106278-0ef7-44e5-9de7-58a54e97a54e,play_store,"worst app and worst customer service ,they are not picking my call",1.0,2026-08-27 09:38:50,0,https://play.google.com/store/apps/details?id=com.myntra.android
ps_b44a5e75-1051-49c5-bb6f-30b1f9b8bdde,play_store,good app genuine products good qwality,5.0,2026-08-27 09:31:59,0,https://play.google.com/store/apps/details?id=com.myntra.android
ps_f8ed2300-8c3b-4c18-a538-31b942de5e76,play_store,Jitendra Kumar good app,5.0,2026-08-27 09:27:09,0,https://play.google.com/store/apps/details?id=com.myntra.android
ps_784b5201-e43b-4ee8-8e49-1923d7fcfbeb,play_store,Great app! Love that they are constantly improving the User interface!,5.0,2026-08-27 09:20:48,0,https://play.google.com/store/apps/details?id=com.myntra.android
ps_069c8e2f-1fd8-4738-a71b-31d97aa5d808,play_store,"⭐⭐⭐⭐⭐ I bought these slippers and I’m really happy with them! The quality is excellent, they are very comfortable to wear, and the design looks stylish too. Perfect for daily use and definitely worth the price. Highly recommended! 👍😊",5.0,2026-08-27 09:20:12,0,https://play.google.com/store/apps/details?id=com.myntra.android
ps_40cb9e8c-04da-47c3-8d00-2736f9bc7cf3,play_store,myntra app se flipkart axis credit card apply kiya first order kiya 250 flipkart vouchers aur 500 myntra cash bhi mila par cleartrip ka 500 vouchers nahi mila,1.0,2026-08-27 09:18:31,0,https://play.google.com/store/apps/details?id=com.myntra.android
ps_064a498d-dfaf-4c1a-84fc-34c3fa8d8e45,play_store,account deactivated for security reasons since 6months,1.0,2026-08-27 09:16:47,0,https://play.google.com/store/apps/details?id=com.myntra.android
as_14498435526,app_store,NYC - Very good looking,5.0,,0,https://apps.apple.com/in/app/id907394059
as_14498421781,app_store,Goood - 💯💯💯💯,5.0,,0,https://apps.apple.com/in/app/id907394059
as_14498387639,app_store,Product is good - Product,5.0,,0,https://apps.apple.com/in/app/id907394059
as_14498386573,app_store,Fast delivery - 5star,5.0,,0,https://apps.apple.com/in/app/id907394059
as_14498381399,app_store,Shirt - Amazing fit,5.0,,0,https://apps.apple.com/in/app/id907394059
as_14498349174,app_store,Perfect in every way - I love Myntra’s collection and wide range of fashionable outfits for every occassion.,5.0,,0,https://apps.apple.com/in/app/id907394059
as_14498336227,app_store,"Super - Happy very reasonable prices, and it’s comfortable to do shopping in Myntra, and the quality of products is very good",5.0,,0,https://apps.apple.com/in/app/id907394059
as_14498323480,app_store,Saree - The best go for it,5.0,,0,https://apps.apple.com/in/app/id907394059
as_14498309562,app_store,Shopping review - Very ease transaction,5.0,,0,https://apps.apple.com/in/app/id907394059
as_14498304346,app_store,kalini green suit - suits quality is super,5.0,,0,https://apps.apple.com/in/app/id907394059
as_14498285179,app_store,"Ekdam bakwas app hai - Ekdam bakwas app hai

No purchase for Myntra app",1.0,,0,https://apps.apple.com/in/app/id907394059
as_14498233455,app_store,Quality - It’s good,4.0,,0,https://apps.apple.com/in/app/id907394059
as_14498175043,app_store,Good App for Good people - Really enjoying to shop from Myntra,5.0,,0,https://apps.apple.com/in/app/id907394059
as_14498165603,app_store,Worth for the price - It’s classy and of good quality.,5.0,,0,https://apps.apple.com/in/app/id907394059
as_14498144126,app_store,👌👌 - good product,5.0,,0,https://apps.apple.com/in/app/id907394059
as_14498127531,app_store,Excellent ! - Very soft n feels great against d skin. Loved it.,5.0,,0,https://apps.apple.com/in/app/id907394059
as_14498109472,app_store,Buht suondr - Buht ache hai,5.0,,0,https://apps.apple.com/in/app/id907394059
as_14498067842,app_store,Good - Satisfied,5.0,,0,https://apps.apple.com/in/app/id907394059
as_14498040615,app_store,Good - Awesome,5.0,,0,https://apps.apple.com/in/app/id907394059
as_14498038534,app_store,Amazing loved it - ❤️❤️,5.0,,0,https://apps.apple.com/in/app/id907394059
as_14498034495,app_store,Wow - One stop destination for all your fashion needs.,5.0,,0,https://apps.apple.com/in/app/id907394059
as_14498024725,app_store,"Fraud - Do not buy products from Myntra. They don’t deliver the products properly, and they don’t even provide refunds. This is a completely fraudulent service. Be careful before placing an order.",1.0,,0,https://apps.apple.com/in/app/id907394059
as_14498020448,app_store,Good - Amazing,5.0,,0,https://apps.apple.com/in/app/id907394059
as_14498003777,app_store,Excellent - Best shopping platform,5.0,,0,https://apps.apple.com/in/app/id907394059
as_14497982226,app_store,Good - Best thing is cash on delivery,5.0,,0,https://apps.apple.com/in/app/id907394059
as_14497958149,app_store,One stop solution - Amazing app where u find so many different varieties of clothes and super convenient be it size exchange or returning the item. They do not ask any questions and do the needful immediately.,5.0,,0,https://apps.apple.com/in/app/id907394059
as_14497901621,app_store,Soap - Nice product,5.0,,0,https://apps.apple.com/in/app/id907394059
as_14497889439,app_store,Best shopping app - I only do shopping from myntra….this app never disappoints..it is highly trusted for me,5.0,,0,https://apps.apple.com/in/app/id907394059
as_14497820603,app_store,"Myntra is currently sending the wrong product with almost every order. - Nowadays, Myntra is not sending the products that I actually order. They keep sending different products, and the quality is also very poor. Whatever I order on Myntra, I receive a completely different product. This has become a very disappointing experience.",1.0,,0,https://apps.apple.com/in/app/id907394059
as_14497715122,app_store,"Worst customer service - It’s has the worst customer service of all other apps. No one should not use this app. I ordered 2 track pants and I tried to return one and exchange another, it’s been 2 weeks and they are neither exchanging not picking up my order and when I contact customer service, they are busy and not even contacting back to know what’s the issue. I would have given negative rating but that feature is not available. Once again I’m saying, never ever use Myntra app. It’s a waste of time and money.",1.0,,0,https://apps.apple.com/in/app/id907394059
as_14497654741,app_store,Jewellery sey - Very beautiful,5.0,,0,https://apps.apple.com/in/app/id907394059
as_14497580786,app_store,myntra is doing fraud - writing this with so much frustration i have order a dress well known brand Mango same day i received same day i initiated return because dress is completely different but same brand n also comes with seal tagg intact  i connect with cc they suggest that initiate the return but after initiating return the cc said it could not be done because we cross check we have sent the correct dress but what about this dress that i have received such a bad experience i want solution myntra is huge platform giving  such a disgusting service to their customer if i dont get any solution i will file a complaint against it.,1.0,,0,https://apps.apple.com/in/app/id907394059
as_14497579609,app_store,trusted - authentic,5.0,,0,https://apps.apple.com/in/app/id907394059
as_14497553277,app_store,"Return or exchange Policy is horrible - I ordered pair of heels but instead I got old used pair of shoes which took them more than a month for return. I also ordered a bag but wanted to return it because of quality issues still no response to this date, the app shows it will be picked up in few days but its bern a month now. Never order from here",1.0,,0,https://apps.apple.com/in/app/id907394059
as_14497549301,app_store,Good product - I like it,5.0,,0,https://apps.apple.com/in/app/id907394059
as_14497517200,app_store,ગુડ - ધન્યવાદ,5.0,,0,https://apps.apple.com/in/app/id907394059
as_14497510003,app_store,Very nice 👌 - Super fit ❤️❤️❤️,5.0,,0,https://apps.apple.com/in/app/id907394059
as_14497422581,app_store,Amazing - Great experience,5.0,,0,https://apps.apple.com/in/app/id907394059
as_14497416319,app_store,"fashion,skincare - very nice",5.0,,0,https://apps.apple.com/in/app/id907394059
as_14497402269,app_store,Neetu Gujjar - So nice❤️❤️,5.0,,0,https://apps.apple.com/in/app/id907394059
as_14497370622,app_store,Myntra - Each and every product id paisa vasool 100 percent genuine app,5.0,,0,https://apps.apple.com/in/app/id907394059
as_14497360418,app_store,Amazing - Amamzing service,5.0,,0,https://apps.apple.com/in/app/id907394059
as_14497334432,app_store,Suma prasad - Great shopping! Enjoyed!!!,5.0,,0,https://apps.apple.com/in/app/id907394059
as_14497316726,app_store,👋 Shiv Thakur - Nice 😊,5.0,,0,https://apps.apple.com/in/app/id907394059
as_14497292662,app_store,Fashion app - Good shopping app,5.0,,0,https://apps.apple.com/in/app/id907394059
as_14497240629,app_store,Affordable - Genuine,5.0,,0,https://apps.apple.com/in/app/id907394059
as_14497219177,app_store,Good for fashion - Myntra is like my fashion house,5.0,,0,https://apps.apple.com/in/app/id907394059
as_14497197494,app_store,Good one - Its good to shop from myntra rather than any other app,5.0,,0,https://apps.apple.com/in/app/id907394059
as_14497188262,app_store,Good product - Nice product,5.0,,0,https://apps.apple.com/in/app/id907394059
as_14496039112,app_store,service and quality is too gud - nice,5.0,,0,https://apps.apple.com/in/app/id907394059
as_14496012023,app_store,"Wide choice - There is an excellent selection of various fashion options to suit every occasion and mood - work formals to casual hanging out clothes. Fitness to special occasion attire. 
The level of accountability is also very high . Items returned or exchanged if the fit is not as it should be with tracking updates. Overall s very positive experience with the app",5.0,,0,https://apps.apple.com/in/app/id907394059
as_14495960844,app_store,Appreciation - Excellent product with excellent delivery agent,5.0,,0,https://apps.apple.com/in/app/id907394059
as_14495909168,app_store,Good - Good,5.0,,0,https://apps.apple.com/in/app/id907394059
as_14495823531,app_store,My Review - Good Quality products. Timely delivery. Easy shopping experience. MynCash offer is super good.,5.0,,0,https://apps.apple.com/in/app/id907394059
as_14495592169,app_store,Nice - Good,5.0,,0,https://apps.apple.com/in/app/id907394059
as_14495136633,app_store,Product - HRX products are really really good,5.0,,0,https://apps.apple.com/in/app/id907394059
as_14495098141,app_store,Pants - Amazing products …… as seen on pictures received the same …. Must try,5.0,,0,https://apps.apple.com/in/app/id907394059
as_14495085507,app_store,"Good Quality - Good quality product 
Value for money",5.0,,0,https://apps.apple.com/in/app/id907394059
as_14495051489,app_store,Love the product from peaches - Just loved it,5.0,,0,https://apps.apple.com/in/app/id907394059
as_14494992732,app_store,Must buy - Five star for quality fit and finish really good quality,5.0,,0,https://apps.apple.com/in/app/id907394059
as_14494944012,app_store,"Dennis lingo cotton shirt - Awesome fit and colour, buttersoft texture and feel",5.0,,0,https://apps.apple.com/in/app/id907394059
as_14494926111,app_store,Awesome - Its amazing,5.0,,0,https://apps.apple.com/in/app/id907394059
as_14494886978,app_store,Myntra - All time favourite daily shopping app,5.0,,0,https://apps.apple.com/in/app/id907394059
as_14494794730,app_store,Jacket - Good quality soft texture,5.0,,0,https://apps.apple.com/in/app/id907394059
as_14494712780,app_store,Hello - Nice,5.0,,0,https://apps.apple.com/in/app/id907394059
as_14494704805,app_store,Good one - It’s Fanta,5.0,,0,https://apps.apple.com/in/app/id907394059
as_14494701108,app_store,best app - the quality and packing of the product is tooo good 💯,5.0,,0,https://apps.apple.com/in/app/id907394059
as_14494666702,app_store,Super - Best thing,5.0,,0,https://apps.apple.com/in/app/id907394059
as_14494655847,app_store,Good quality - Good quality,5.0,,0,https://apps.apple.com/in/app/id907394059
as_14494650802,app_store,great app - amazing customer support,5.0,,0,https://apps.apple.com/in/app/id907394059
as_14494634594,app_store,Amizing platform - Best shopping app,5.0,,0,https://apps.apple.com/in/app/id907394059
as_14494632589,app_store,Thank you myntra - Quality and product just wow🥰,5.0,,0,https://apps.apple.com/in/app/id907394059
as_14494627309,app_store,"Love - Nice fitting must buy , thansk myntra",5.0,,0,https://apps.apple.com/in/app/id907394059
as_14494619778,app_store,"Foot rocket - Good quality, very comfortable",5.0,,0,https://apps.apple.com/in/app/id907394059
as_14494576479,app_store,Awesome experience - Team knows what user journey looks like .. good experience with the app,5.0,,0,https://apps.apple.com/in/app/id907394059
as_14494566680,app_store,Perfect - Perfect for online shopping at all time,5.0,,0,https://apps.apple.com/in/app/id907394059
as_14494519898,app_store,Superb App. - Superb App,5.0,,0,https://apps.apple.com/in/app/id907394059
as_14494509041,app_store,Quality product - Genuine,5.0,,0,https://apps.apple.com/in/app/id907394059
as_14494490923,app_store,Temple jewellery - Best platform for jewellery shopping,5.0,,0,https://apps.apple.com/in/app/id907394059
as_14494445690,app_store,comfortable - gud for summer,5.0,,0,https://apps.apple.com/in/app/id907394059
as_14494411314,app_store,My review - ❣️❣️❣️❣️❣️❣️lovely,5.0,,0,https://apps.apple.com/in/app/id907394059
as_14494409159,app_store,Without follow up not getting my packages - From past experiences iam following up with every 2nd order for delivery they just mentioned either delayed either cancelled..,1.0,,0,https://apps.apple.com/in/app/id907394059
as_14494399311,app_store,"Worst Customer Service an app could provide. - Order the limited edition shoes of one8 from Myntra ,they sold incomplete and unfinished set.After complaining about it they just kept exceeding time limits given by them only.Now not giving any update on my purchase.They have the most unprofessional handling staff one could imagine.They are only in India to break the trust and target soft customers who do not complain about their thievery.",1.0,,0,https://apps.apple.com/in/app/id907394059
as_14494387772,app_store,Shopping - Easy and frequent,5.0,,0,https://apps.apple.com/in/app/id907394059
as_14494375629,app_store,Face wash - Loved the cetaphil face wash,5.0,,0,https://apps.apple.com/in/app/id907394059
as_14494343588,app_store,Truly convenient - Myntra has the best prices ever of every product,5.0,,0,https://apps.apple.com/in/app/id907394059
as_14494339125,app_store,Cancel orders multiple time - Worst experience cancel my order multiple time without any reason,1.0,,0,https://apps.apple.com/in/app/id907394059
as_14494326948,app_store,Awful app - Such a disappointing website . I have to rate zero even minus to myntra . I had ordered plum products for skin care. Myntra cancelled my all orders without my permission. What if i needed them urgently… Such a awful service.,1.0,,0,https://apps.apple.com/in/app/id907394059
as_14494316856,app_store,"Myntra TipTop - fantastic , easy to access and shop",5.0,,0,https://apps.apple.com/in/app/id907394059
as_14494307111,app_store,Best - Best app for shoping,5.0,,0,https://apps.apple.com/in/app/id907394059
as_14494292525,app_store,"Genuine Photos Getting Rejected - For the past few days, I am facing an issue while uploading photos on MyGlamm. Whenever I upload a photo, it gets rejected, even though I am uploading a real photo clicked by me at the same time. I have not used any edited or fake photos.

Please look into this issue and resolve it as soon as possible, so that I can upload my genuine photos and reviews without any problem. Kindly fix this issue at the earliest.",1.0,,0,https://apps.apple.com/in/app/id907394059
as_14494229065,app_store,Perfect place to shop online - Fantastic quality of cloths,5.0,,0,https://apps.apple.com/in/app/id907394059
as_14494122643,app_store,Shoes - It’s good and feel comfortable,5.0,,0,https://apps.apple.com/in/app/id907394059
as_14494039604,app_store,Fashion - Suresh,5.0,,0,https://apps.apple.com/in/app/id907394059
as_14494038596,app_store,Myntra is The Best Shopping App ever - Bahut badiya App hai quality se quantity tak sb bdiya rehta hai bas ek Problem hai Dark mode nahi hai App me,5.0,,0,https://apps.apple.com/in/app/id907394059
as_14494018867,app_store,Sale is superb - Superb work,5.0,,0,https://apps.apple.com/in/app/id907394059
as_14493952848,app_store,String Lights - I bought this yellow warm string lights. The color was so good and warm. Its a must buy in case if someone is looking for one.,5.0,,0,https://apps.apple.com/in/app/id907394059
as_14493929182,app_store,Best shopping platform - Nice,5.0,,0,https://apps.apple.com/in/app/id907394059
as_14493927294,app_store,Very good product - Very good,5.0,,0,https://apps.apple.com/in/app/id907394059
as_14493814679,app_store,Good - Soft and sweet nice t shirt,5.0,,0,https://apps.apple.com/in/app/id907394059
as_14493668340,app_store,"Very bad service - I ordered a jeans on 2/7/26
But I didn’t get my order till now 
I already done my payment 
But i not getting my order and the customer service team will also not help me 
Very bad
Totally scam",1.0,,0,https://apps.apple.com/in/app/id907394059
as_14493595747,app_store,Best app ever for shopping - ♥️,5.0,,0,https://apps.apple.com/in/app/id907394059
as_14493555637,app_store,Superb - Thank you  useful,5.0,,0,https://apps.apple.com/in/app/id907394059
as_14493542639,app_store,app - good experience,5.0,,0,https://apps.apple.com/in/app/id907394059
as_14493534802,app_store,Customer care service - Worstttt service of customer care .! 💯,1.0,,0,https://apps.apple.com/in/app/id907394059
as_14493525800,app_store,Very Nice and easy App - Very nice and very helpful to know about every type of Style,5.0,,0,https://apps.apple.com/in/app/id907394059
as_14493423648,app_store,Very good for hair fool - Very good,5.0,,0,https://apps.apple.com/in/app/id907394059
as_14493394269,app_store,App - New clothes and trustable brand,5.0,,0,https://apps.apple.com/in/app/id907394059
as_14493327100,app_store,Madhu Jain - Amazing product. Just loved the performance ❤️,5.0,,0,https://apps.apple.com/in/app/id907394059
as_14493307272,app_store,Great deals on nice things - The app works great and the deals are even more great,5.0,,0,https://apps.apple.com/in/app/id907394059
as_14493302908,app_store,Myntra - Good fashion store,5.0,,0,https://apps.apple.com/in/app/id907394059
as_14493282944,app_store,Excellent - Value for money,5.0,,0,https://apps.apple.com/in/app/id907394059
as_14493268949,app_store,Phone sling - Good quality product and great service,5.0,,0,https://apps.apple.com/in/app/id907394059
as_14493244101,app_store,Nice app - Very good app,5.0,,0,https://apps.apple.com/in/app/id907394059
as_14493237190,app_store,"Wonderful - Myntra is the best app for online shopping, it would be more fun when customers get more  discounts and offers.",4.0,,0,https://apps.apple.com/in/app/id907394059
as_14493209069,app_store,"Happy customer - Big Thank you to Myntra 
The quality of cloth are superb 
And can’t believe it’s free delivery above 100rs",5.0,,0,https://apps.apple.com/in/app/id907394059
as_14493204023,app_store,"Absolute Delight - Trustworthy and reliable 
Hassle free deliveries and pick ups
Great customer service",5.0,,0,https://apps.apple.com/in/app/id907394059
as_14493203881,app_store,"Very Disappointing Experience with Myntra - This is extremely disappointing. Myntra sent a product from a different brand than the one selected and ordered by the customer. On top of that, the product was delivered without a proper price tag, which is a serious issue.

Because of these problems, I am now unable to exchange the product as well. Customers should not have to suffer because of mistakes made during packing or delivery. Myntra needs to take responsibility for sending the correct product, complete with all required tags and details.

Very poor service and a highly frustrating experience. I expected much better from Myntra.",1.0,,0,https://apps.apple.com/in/app/id907394059
as_14493189820,app_store,Gud - Its a nyc watch,5.0,,0,https://apps.apple.com/in/app/id907394059
as_14493175254,app_store,Very. Nic - Super,5.0,,0,https://apps.apple.com/in/app/id907394059
as_14493172441,app_store,Latest fashion fastest delivery. - Absolute saviour for last minute shopping needs. Just loving it.,5.0,,0,https://apps.apple.com/in/app/id907394059
as_14493171768,app_store,"Trusted - I can trust Myntra , for the quality and genuine product",4.0,,0,https://apps.apple.com/in/app/id907394059
as_14493109287,app_store,"Superb services, easy exchange - Stuff is up to the best,Keep it up excellent work",5.0,,0,https://apps.apple.com/in/app/id907394059
as_14493108920,app_store,Super - 💋🫵❤️,5.0,,0,https://apps.apple.com/in/app/id907394059
as_14493103123,app_store,Feeding bottle - Good,5.0,,0,https://apps.apple.com/in/app/id907394059
as_14493096576,app_store,Fabric - Excellent,5.0,,0,https://apps.apple.com/in/app/id907394059
as_14493080298,app_store,Best app - My fav,5.0,,0,https://apps.apple.com/in/app/id907394059
as_14493079479,app_store,Affordable and good app - Every purchase is worth love the quality,5.0,,0,https://apps.apple.com/in/app/id907394059
as_14493055497,app_store,"Dresseslover - Everything is amazing on
Myntra",5.0,,0,https://apps.apple.com/in/app/id907394059
as_14493054910,app_store,Crocs - Genuine products delivered in time.,5.0,,0,https://apps.apple.com/in/app/id907394059
as_14493052722,app_store,good - good,5.0,,0,https://apps.apple.com/in/app/id907394059
as_14493038883,app_store,Excellent - Good product & delivery time,5.0,,0,https://apps.apple.com/in/app/id907394059
as_14493014754,app_store,Shopping - Great product,5.0,,0,https://apps.apple.com/in/app/id907394059
as_14493001318,app_store,Best site for shopping - Best site and unlimited products with an awesome quality!,5.0,,0,https://apps.apple.com/in/app/id907394059
as_14492998334,app_store,"Nice to wear, comfortable toddler wear for festivals - The attire is superb with good quality soft cotton. My daughter wore it comfortably. However, the price point is a bit high.",5.0,,0,https://apps.apple.com/in/app/id907394059
as_14492985652,app_store,Excellent - 👍👍👍,5.0,,0,https://apps.apple.com/in/app/id907394059
as_14492970797,app_store,Always the best - Very good deals and variety of options,5.0,,0,https://apps.apple.com/in/app/id907394059
as_14492932777,app_store,Nice - Nice colour,5.0,,0,https://apps.apple.com/in/app/id907394059
as_14492913159,app_store,Beautiful earings - Beautiful earings,5.0,,0,https://apps.apple.com/in/app/id907394059
as_14492891929,app_store,Bad experience - Delivery was too late,1.0,,0,https://apps.apple.com/in/app/id907394059
as_14492881016,app_store,"Amazing top - Fabric ,fit and pattern too",5.0,,0,https://apps.apple.com/in/app/id907394059
as_14492751141,app_store,Traditional and classy - Classy,5.0,,0,https://apps.apple.com/in/app/id907394059
as_14492734507,app_store,What’s my happiness mantra - Myntra stands for happiness mantra,5.0,,0,https://apps.apple.com/in/app/id907394059
as_14492708946,app_store,Very comfortable - Nyc,5.0,,0,https://apps.apple.com/in/app/id907394059
as_14492674566,app_store,Nice - Beautiful tshirt i loved this thankuuu ❤️,5.0,,0,https://apps.apple.com/in/app/id907394059
as_14492672980,app_store,convinient - Cod available so very convinient,5.0,,0,https://apps.apple.com/in/app/id907394059
as_14492662574,app_store,Thank you for your amazing products - Thank you for your generous support,5.0,,0,https://apps.apple.com/in/app/id907394059
as_14492656135,app_store,Really good - The packing was superb,5.0,,0,https://apps.apple.com/in/app/id907394059
as_14492654264,app_store,I love Myntra - Best app,5.0,,0,https://apps.apple.com/in/app/id907394059
as_14492650675,app_store,Poor Cancellation experience - I have canceled an order because I want to add one more item to my order but after 3 days my money still not returned to me and when I called to customer service they responded in AI recorded voice.,1.0,,0,https://apps.apple.com/in/app/id907394059
as_14492638873,app_store,Nice UI - User friendly and flexible for exchange and return options,5.0,,0,https://apps.apple.com/in/app/id907394059
as_14492616243,app_store,Pretty good - I like ths app,5.0,,0,https://apps.apple.com/in/app/id907394059
as_14492613919,app_store,Best Shopping Experience - Recently I have ordered festive Kurta set and Night wears . The size and the quality was amazing in the price.,5.0,,0,https://apps.apple.com/in/app/id907394059
as_14492608807,app_store,very good product - very elegant,5.0,,0,https://apps.apple.com/in/app/id907394059
as_14492599242,app_store,Worth it - Very good product very helpful for pigmentation,5.0,,0,https://apps.apple.com/in/app/id907394059
as_14492535944,app_store,"Easy, Convenient and Reliable - Myntra is one of the best shopping apps for fashion. The app is easy to use, there are lots of options, and the delivery is usually fast. I also like the discounts and variety of brands available.",4.0,,0,https://apps.apple.com/in/app/id907394059
as_14492528917,app_store,Excellent - My favourite shopping destination is Myntra 🫶🏻,5.0,,0,https://apps.apple.com/in/app/id907394059
as_14492491798,app_store,Great quality & perfect fit! - The shirt is really good! The fabric quality feels premium and comfortable and the fit is perfect. Happy with the purchase!,5.0,,0,https://apps.apple.com/in/app/id907394059
as_14492482673,app_store,"Many variety options - Awesome service, and great replacement options",5.0,,0,https://apps.apple.com/in/app/id907394059
as_14492480416,app_store,Super Fast Delivery - Good Service,5.0,,0,https://apps.apple.com/in/app/id907394059
as_14492443503,app_store,Cloth - Good quality product,5.0,,0,https://apps.apple.com/in/app/id907394059
as_14492411807,app_store,Very nice work - Good,5.0,,0,https://apps.apple.com/in/app/id907394059
as_14492323578,app_store,"Worst Shopping app, pathetic CS service and Fraud seller like Amar Clothing - I ordered a suit from myntra, seller name Amar Clothing on 3rd August, And I received very different product from the one I ordered and I returned the product. Then I again order the suit from same seller Amar clothing but again they sent me the same different product which was totally different to the images and fabric they uploaded on Myntra, Then I again requested to return the product and the return was scheduled for 21st August and it was showing on the order section but on backend they declined the return request which (was not visible  as seller asked them they sent the correct product which is a lie) without any notification via email or contact number. But as on the order section the return request was rescheduled  with the date mentioned but no pickup was attempted and then I received IVR call to rescheduled the return date which I did and date was changed on order section but again no pickup was attempted. Then I contacted CS team to escalate it and they assured me callback from the concerned team, but after 2-3 hours they again declined the request without any contact and then next day I again contacted and spoke to manager and she again assured me the same but after the call was completed they again declined the request and no one contacted me which show very unprofessional behaviour and pathetic customer service where a manager mouth of word has no value. Even I have the proof and still return pickup date is showing on the order but they are defending sellers fraud and loosing a valuable customer. I am posting this review not only on this platform even all other social media platforms and consumer Court as I feel cheated by myntra and so called seller Amar Clothing. 

Also, I suggest you all myntra customers not to buy any product from myntra if it is listed by Amar Clothing as the seller is a fraudster.",1.0,,0,https://apps.apple.com/in/app/id907394059
as_14492297837,app_store,Sharada suit - Beautiful,5.0,,0,https://apps.apple.com/in/app/id907394059
as_14492253854,app_store,Excellent - Mind blowing,5.0,,0,https://apps.apple.com/in/app/id907394059
as_14491828686,app_store,lipbalm - smooth and fast,5.0,,0,https://apps.apple.com/in/app/id907394059
as_14491396933,app_store,Nice - Nice,5.0,,0,https://apps.apple.com/in/app/id907394059
as_14491335653,app_store,🥰❤️‍🩹 - 🥰🥰🥰🥰🧾,5.0,,0,https://apps.apple.com/in/app/id907394059
as_14491295088,app_store,Sunscreen - Best sunscreen ever for oily skin,5.0,,0,https://apps.apple.com/in/app/id907394059
as_14491092741,app_store,Best lipgloss - Best lipgloss ever,5.0,,0,https://apps.apple.com/in/app/id907394059
as_14491092643,app_store,Rating - Amazing fabrics,5.0,,0,https://apps.apple.com/in/app/id907394059
as_14491006532,app_store,Excellent - Excellent,5.0,,0,https://apps.apple.com/in/app/id907394059
as_14491000531,app_store,Paint - Good quality,5.0,,0,https://apps.apple.com/in/app/id907394059
as_14490989862,app_store,Great - Great,5.0,,0,https://apps.apple.com/in/app/id907394059
as_14490975788,app_store,Very nice - It was just wow,5.0,,0,https://apps.apple.com/in/app/id907394059
as_14490925467,app_store,"Very bad experience, last few months - Very bad experience from Myntra, I ordered many items and I selected my currently address not delivered on my address. I try to change my address again again cannot change Myntra nowadays is very fake",1.0,,0,https://apps.apple.com/in/app/id907394059
as_14490888310,app_store,Very nice app - Very nice,5.0,,0,https://apps.apple.com/in/app/id907394059
as_14490807869,app_store,Very good - Excellent,5.0,,0,https://apps.apple.com/in/app/id907394059
as_14490781274,app_store,Night wear - Fitting is awesome and very comfortable.This is adjectly like shown in the picture.,5.0,,0,https://apps.apple.com/in/app/id907394059
as_14490768057,app_store,Best product - Good,5.0,,0,https://apps.apple.com/in/app/id907394059
as_14490758613,app_store,"Orders are canceled by itself - The orders are canceled by itself, if you couldn’t deliver the items show before accepting the money",1.0,,0,https://apps.apple.com/in/app/id907394059
as_14490743359,app_store,Best app - Best app for overall fashion,5.0,,0,https://apps.apple.com/in/app/id907394059
as_14490732012,app_store,Very easy any smooth - Friendly app,5.0,,0,https://apps.apple.com/in/app/id907394059
as_14490665045,app_store,"It’s Amazing❤️ - Fitting is perfect , Love Myntra!!!",5.0,,0,https://apps.apple.com/in/app/id907394059
as_14490653799,app_store,Great - Pure cotton,5.0,,0,https://apps.apple.com/in/app/id907394059
as_14490633791,app_store,Urzuv Top - The top is classy and worth the price. It takes nice shape of the body and looks very elegant. Material is silk and worth the price.,5.0,,0,https://apps.apple.com/in/app/id907394059
as_14490602292,app_store,Myntra - Amazing,5.0,,0,https://apps.apple.com/in/app/id907394059
as_14490595974,app_store,"Becoming worse day by day - Im using myntra app since 10 years. Observed that it’s becoming worse day by day. Products delivery getting late, sometimes products got damaged. Recently they are charging 50/- per item for every return item.",1.0,,0,https://apps.apple.com/in/app/id907394059
as_14490581774,app_store,Exllent app - Great job Myntra,5.0,,0,https://apps.apple.com/in/app/id907394059
as_14490551422,app_store,Super - Best app,5.0,,0,https://apps.apple.com/in/app/id907394059
as_14490523888,app_store,Trymashampoo - It’s very nice,5.0,,0,https://apps.apple.com/in/app/id907394059
as_14490489427,app_store,Great Quality Material - Cloth touch and feel is top class. Strongly recommended,5.0,,0,https://apps.apple.com/in/app/id907394059
as_14490371150,app_store,Best for fasion n home too - Best discount i got,5.0,,0,https://apps.apple.com/in/app/id907394059
as_14490280583,app_store,Disappointed - Very bad service by myntra,1.0,,0,https://apps.apple.com/in/app/id907394059
as_14490272237,app_store,Excellent service - Product material is very good and delivery speed is also very fast,5.0,,0,https://apps.apple.com/in/app/id907394059
as_14490207735,app_store,Very nice - Get good products ❤️❤️,5.0,,0,https://apps.apple.com/in/app/id907394059
as_14490201543,app_store,"Delivery boys are thief’s. - 2 times the delivery boy tried to steal my product which was already paid. One time he succeeded stole lipstic. And today i Har to raise complaints against delivery , called customer care 5 times in 2 days and delivery boy 20 times and then the product was delivered. It’s sick. U shud check delivery boys r lying or not. And trust customers who pay u thousands of rupees. I cancelled rest of my orders prepaid ones. Sick",1.0,,0,https://apps.apple.com/in/app/id907394059
as_14490167942,app_store,Wow - Wowwww,5.0,,0,https://apps.apple.com/in/app/id907394059
as_14490158830,app_store,knee-length short - The fabric is so good and super comfortable! I really love it and the price is genuinely worth it. ❤️✨,5.0,,0,https://apps.apple.com/in/app/id907394059
as_14490137463,app_store,Best - Love it,5.0,,0,https://apps.apple.com/in/app/id907394059
as_14490136173,app_store,"Absolutely Amazing - Perfect as expected , nice material and stitching, overall very good product for day to day use for office",5.0,,0,https://apps.apple.com/in/app/id907394059
as_14490121547,app_store,Excellent - Cool,5.0,,0,https://apps.apple.com/in/app/id907394059
as_14490116180,app_store,dress - good,4.0,,0,https://apps.apple.com/in/app/id907394059
as_14490085547,app_store,Gooodddd - Good,5.0,,0,https://apps.apple.com/in/app/id907394059
as_14490008444,app_store,Excellent Collection - Out standing quality of product,5.0,,0,https://apps.apple.com/in/app/id907394059
as_14489966119,app_store,Best app - Best shopping app ever,5.0,,0,https://apps.apple.com/in/app/id907394059
as_14489942850,app_store,Best place to shop - All the items are very genuine,5.0,,0,https://apps.apple.com/in/app/id907394059
as_14489893523,app_store,good - So Good,5.0,,0,https://apps.apple.com/in/app/id907394059
as_14489893132,app_store,Amazing app - I always order on myntra i have great experience with this app amazing product,5.0,,0,https://apps.apple.com/in/app/id907394059
as_14489850739,app_store,Good product - Value for money,5.0,,0,https://apps.apple.com/in/app/id907394059
as_14489838208,app_store,Short jacket - Very good product,5.0,,0,https://apps.apple.com/in/app/id907394059
as_14489761425,app_store,About the apperal - Myntra is providing most affordable prices and the quality of the apparels are good,5.0,,0,https://apps.apple.com/in/app/id907394059
as_14489739642,app_store,Nice - Perfect,5.0,,0,https://apps.apple.com/in/app/id907394059
as_14489733656,app_store,"It’s good to buy - A best place to get everything the fashion accessories, the good tools with good discount",5.0,,0,https://apps.apple.com/in/app/id907394059
as_14489730254,app_store,Good app - Good collection,4.0,,0,https://apps.apple.com/in/app/id907394059
as_14489727243,app_store,Loved it - I got georgette sleeves attached..!! And it looked fab..!.!,5.0,,0,https://apps.apple.com/in/app/id907394059
as_14489715470,app_store,Heels size exchange - Very good service,5.0,,0,https://apps.apple.com/in/app/id907394059
as_14489715012,app_store,Good app - Good app,5.0,,0,https://apps.apple.com/in/app/id907394059
as_14489678820,app_store,Support is poor - Not good support,1.0,,0,https://apps.apple.com/in/app/id907394059
as_14489648842,app_store,Amazing experience - Thanku mytra for always making m happy with fully satisfied products…,5.0,,0,https://apps.apple.com/in/app/id907394059
as_14489515689,app_store,"Best shopping experience - Myntra is my first lookout for any apparel, love the  quality of service",5.0,,0,https://apps.apple.com/in/app/id907394059
as_14489509734,app_store,Very good quality of the all products this is a brand app - Very nice,5.0,,0,https://apps.apple.com/in/app/id907394059
as_14489506725,app_store,Akhil - Hello,5.0,,0,https://apps.apple.com/in/app/id907394059
as_14489489974,app_store,Maxi dress - Quality was awesome just simply go and buy it worth for the money,5.0,,0,https://apps.apple.com/in/app/id907394059
as_14489472209,app_store,Brilliant - Good,5.0,,0,https://apps.apple.com/in/app/id907394059
as_14489469983,app_store,Best clothes - Fabulous,5.0,,0,https://apps.apple.com/in/app/id907394059
as_14489445586,app_store,Favourite place to shop - Loved it,5.0,,0,https://apps.apple.com/in/app/id907394059
as_14489430407,app_store,Sugar lipstick - Fabulous and awesome 👌,5.0,,0,https://apps.apple.com/in/app/id907394059
as_14489428527,app_store,Fashion statement - Great products,5.0,,0,https://apps.apple.com/in/app/id907394059
as_14489423281,app_store,"Printed Boxers - Quality, size, colour, and fit are exactly the same as shown .",5.0,,0,https://apps.apple.com/in/app/id907394059
as_14489379369,app_store,Sana - I love shopping on Myntra such a great deals and good quality products,5.0,,0,https://apps.apple.com/in/app/id907394059
as_14489378228,app_store,Efficient - Myntra is just so efficient because most of the items are delivered within two days and there is not much hassle .They just get the work done,5.0,,0,https://apps.apple.com/in/app/id907394059
as_14489338839,app_store,Cracks - Good product,5.0,,0,https://apps.apple.com/in/app/id907394059
as_14489331882,app_store,Customer Service - Worst delivery experience and app also lacks features,1.0,,0,https://apps.apple.com/in/app/id907394059
as_14489324588,app_store,Deodorant - Good,4.0,,0,https://apps.apple.com/in/app/id907394059
as_14489319572,app_store,Good - Nice,5.0,,0,https://apps.apple.com/in/app/id907394059
as_14489273831,app_store,Good - Excellent product,5.0,,0,https://apps.apple.com/in/app/id907394059
as_14489268231,app_store,"Fraud app - Cheap , cheater and Fraud app , when I buy any thing I got something different which is not matching with original image shown on app , and when I try return same Myntra team not entertain not ready to take item back , this is completely fraud app and worst support team",1.0,,0,https://apps.apple.com/in/app/id907394059
as_14489249960,app_store,"Fantastic - Amazing platform n original brands 
Lot of lot of options",5.0,,0,https://apps.apple.com/in/app/id907394059
as_14489241923,app_store,Amazing product - Awsome n fast service!,5.0,,0,https://apps.apple.com/in/app/id907394059
as_14489183106,app_store,Product - Good,4.0,,0,https://apps.apple.com/in/app/id907394059
as_14489179988,app_store,Rich Look - Most Awaited iOS App Of The Year,5.0,,0,https://apps.apple.com/in/app/id907394059
as_14489162987,app_store,"Absolutely love for this app - Orginal product , personal favourite",5.0,,0,https://apps.apple.com/in/app/id907394059
as_14489160925,app_store,"I love Myntra - I love all the collection 
Everything is original and 
Best",3.0,,0,https://apps.apple.com/in/app/id907394059
as_14489143517,app_store,Amazing product - Product is amazing shows value for money,5.0,,0,https://apps.apple.com/in/app/id907394059
as_14489132318,app_store,"T-shirt Review - ⭐⭐⭐⭐⭐

Really loved this T-shirt! The quality is very good, the fabric is comfortable, and the fitting is also perfect. The colour and design look exactly like the picture. Overall, I’m very happy with the purchase. Totally worth it! ❤️",5.0,,0,https://apps.apple.com/in/app/id907394059
as_14489111230,app_store,"Red Farsi salwar suit - This suit looks elegant. This is for go to outfit for any women there, you can wear it in daily office also for small events. Fabrics is cotton is and really comfortable.",5.0,,0,https://apps.apple.com/in/app/id907394059
as_14489094452,app_store,"Trendy Top - Absolutely loving this trendy top from Glam Clan on Myntra! ✨The fabric feels super comfortable, the fit is perfect, and the style gives such a chic vibe. 💖 It’s great for casual outings as well as party looks. The color and design look exactly like the pictures. Totally worth the purchase — stylish, affordable, and fashionable! 😍",5.0,,0,https://apps.apple.com/in/app/id907394059
as_14489084804,app_store,Product - Very comfortable clothes and material is too good 🥰,5.0,,0,https://apps.apple.com/in/app/id907394059
as_14489084572,app_store,Shopping 🛍️ - Easy to use ❤️,5.0,,0,https://apps.apple.com/in/app/id907394059
as_14489083793,app_store,Wonderful - Great keep it up Myntra,5.0,,0,https://apps.apple.com/in/app/id907394059
as_14489061141,app_store,Awesome - Very comfortable,5.0,,0,https://apps.apple.com/in/app/id907394059
as_14488984351,app_store,Deo - Recieved it at lightining speedy,5.0,,0,https://apps.apple.com/in/app/id907394059
as_14488984262,app_store,Highly recomended - Go-to app for online shopping,5.0,,0,https://apps.apple.com/in/app/id907394059
as_14488977530,app_store,Nice app for shopping - Mazza Agya shopping kr k,5.0,,0,https://apps.apple.com/in/app/id907394059
as_14488974935,app_store,Great - Good quality,5.0,,0,https://apps.apple.com/in/app/id907394059
as_14488938136,app_store,Excellent - Very nice and excellent service,5.0,,0,https://apps.apple.com/in/app/id907394059
as_14488906916,app_store,Bed sheet - Good quality product. Value for money. 10/10🍁,5.0,,0,https://apps.apple.com/in/app/id907394059
as_14488875789,app_store,"Sheer tshirt - Nice mesh, quality is awesome, looking amazing",5.0,,0,https://apps.apple.com/in/app/id907394059
as_14488868900,app_store,Really good - Appreciated,5.0,,0,https://apps.apple.com/in/app/id907394059
as_14488843428,app_store,"Myntra is simply awesome… - I’m a jabra fan… unable to recollect, when did I shop any casuals , offline…",5.0,,0,https://apps.apple.com/in/app/id907394059
as_14488834901,app_store,French collection - Awesome,5.0,,0,https://apps.apple.com/in/app/id907394059
as_14488831491,app_store,Worse than useless. - Never buy any products from this shopping app.,1.0,,0,https://apps.apple.com/in/app/id907394059
as_14488803820,app_store,Prompt delivery - Easy return,5.0,,0,https://apps.apple.com/in/app/id907394059
as_14488791833,app_store,"Current UI is not user friendly - The older version was much better and easier to use. In the current version, selecting a product category and then choosing a brand is quite confusing. Even if you somehow manage to figure it out, it first shows a few product options with very small size, and then clicking “Load More” shows similar options again, which makes the experience even more confusing.",2.0,,0,https://apps.apple.com/in/app/id907394059
as_14488776972,app_store,Good - Nice productu,5.0,,0,https://apps.apple.com/in/app/id907394059
as_14488769219,app_store,Quality products - Good quality and assured delivery,5.0,,0,https://apps.apple.com/in/app/id907394059
as_14488727801,app_store,"Refund and pickup issue- Worst logistics and service - They pickup the order and do not update the status and deny to refund..I request others without OTP return pickup do not hand over the item to Ekart Logistics..Else you might face the same
issue..and even customer support team from myntra will also not support and blame Ekart Logistics..And ekart dont have any customer support number which is up to contact",1.0,,0,https://apps.apple.com/in/app/id907394059
as_14488716691,app_store,Always enjoy while shopping at Myntra! - Magnificent quality shirt! Very confident and happy to wear such a nice shirt!!,5.0,,0,https://apps.apple.com/in/app/id907394059
as_14488692281,app_store,"Cheating by Myntra - Myntra has started cheating customers I ordered a Van Heusen Belt and they deliver a T-shirt and then I call their customer care AI agent answers and when I ask Human agent it says We are sorry all our agents are busy and this is happening from last few days I write to customer grievance at Myntra nobody replies and then suddenly I see an update in Myntra that they are exchanging, delivery agent calls and says he is nearby area and never comes home and then App says delivery failed and then says we now can’t exchange nor refund. This is a clear case of cheating where Myntra doesn’t  have the product but took the customer money and now don’t want to exchange or refund. I have written to customer grievance twice no reply and I have escalated to your CEO. It’s a small amount but the question is about the ethics and the entire process where this cheating is happening.",1.0,,0,https://apps.apple.com/in/app/id907394059
as_14488652788,app_store,Shirt - Nyc shirt go for it,5.0,,0,https://apps.apple.com/in/app/id907394059
as_14488652025,app_store,Tshirt - Very nice,5.0,,0,https://apps.apple.com/in/app/id907394059
as_14488612027,app_store,Nice quality products - Very nice quality of clothes with trendy fashion .,5.0,,0,https://apps.apple.com/in/app/id907394059
as_14488610937,app_store,Niceee - Amazing,5.0,,0,https://apps.apple.com/in/app/id907394059
as_14488607770,app_store,Super quality - I’m very happy,5.0,,0,https://apps.apple.com/in/app/id907394059
as_14488596776,app_store,Men’s wallets - Nice product 👍🏻,5.0,,0,https://apps.apple.com/in/app/id907394059
as_14488566399,app_store,Supper - Very nice sari,5.0,,0,https://apps.apple.com/in/app/id907394059
as_14488548139,app_store,"JAIMINI BRAND - Thank you JAIMINI , love this brand collection",5.0,,0,https://apps.apple.com/in/app/id907394059
as_14488547506,app_store,Great convenience - Able to return or exchange easily,5.0,,0,https://apps.apple.com/in/app/id907394059
as_14488540761,app_store,Nice - Superb,5.0,,0,https://apps.apple.com/in/app/id907394059
as_14488507272,app_store,Variety - Lots of variety and options available,5.0,,0,https://apps.apple.com/in/app/id907394059
as_14488498933,app_store,LAMARE - I find this hand bag is way to cool,5.0,,0,https://apps.apple.com/in/app/id907394059
as_14488471328,app_store,Such a great clothing - Boht top quality 1 number,5.0,,0,https://apps.apple.com/in/app/id907394059
as_14488398647,app_store,"Quality product with reasonable pricesses - I am a regular customer of myntra. I ordered so many cloths like T-shirts, trousers, ethnic dress for men and women too. Myntra delivered the product before the due date. And the exchange and return as well on time during the festive seasons too. So that we can gift anyone on our special occasion. Thank you Myntra 😍😍😍😍",5.0,,0,https://apps.apple.com/in/app/id907394059
as_14488396985,app_store,Good Quality - Good,5.0,,0,https://apps.apple.com/in/app/id907394059
as_14488378785,app_store,Best clothing app - Best,5.0,,0,https://apps.apple.com/in/app/id907394059
as_14488371896,app_store,"Beautiful Kurti Pink - Go for it, fits well, true to size, gives a festive but elegant look",5.0,,0,https://apps.apple.com/in/app/id907394059
as_14488143383,app_store,Good - So nice thx Myntra,5.0,,0,https://apps.apple.com/in/app/id907394059
as_14487914398,app_store,Really gud aap - 👍🏻,5.0,,0,https://apps.apple.com/in/app/id907394059
as_14487458359,app_store,Good - Very good,5.0,,0,https://apps.apple.com/in/app/id907394059
as_14487454980,app_store,Worth to the price! - Very impressed with the quality of the products for such reasonable price. Thank you!,5.0,,0,https://apps.apple.com/in/app/id907394059
as_14487441377,app_store,Night suit - Good fit and fabric,5.0,,0,https://apps.apple.com/in/app/id907394059
as_14487389336,app_store,Great choice - 😻,5.0,,0,https://apps.apple.com/in/app/id907394059
as_14487376550,app_store,🔥 - ❤️‍🔥gud product,5.0,,0,https://apps.apple.com/in/app/id907394059
as_14487363574,app_store,Puma sports shoes - One off the best shoes lightweight,5.0,,0,https://apps.apple.com/in/app/id907394059
as_14487306832,app_store,Clothing - Great stuff,5.0,,0,https://apps.apple.com/in/app/id907394059
as_14487303911,app_store,"Very Beautiful and Elegant Product - The quality of this product is too Good , I love this ♥️🎀You can Go with this product.",5.0,,0,https://apps.apple.com/in/app/id907394059
as_14487301567,app_store,Vao - जबर्दस्त,5.0,,0,https://apps.apple.com/in/app/id907394059
as_14487281238,app_store,Table mats - Best purchase ever,5.0,,0,https://apps.apple.com/in/app/id907394059
as_14487260077,app_store,Best - Best fashion app,5.0,,0,https://apps.apple.com/in/app/id907394059
as_14487232436,app_store,Amazing app - Amazing app ever. It maintains the quality and brand and the return policy is very much flexible altogether. It’s an amazing app. I would suggest it maintains the quality and also negotiated with the prices with certain offers. I would like to thank to Myntra.,5.0,,0,https://apps.apple.com/in/app/id907394059
as_14487189178,app_store,Dress - Best product,5.0,,0,https://apps.apple.com/in/app/id907394059
as_14487159986,app_store,Good - Good fabric,5.0,,0,https://apps.apple.com/in/app/id907394059
as_14487140753,app_store,Good - Nice comfortable jeans,5.0,,0,https://apps.apple.com/in/app/id907394059
as_14487079336,app_store,Good app - Nyc app . Reviews can be seen which is good.,5.0,,0,https://apps.apple.com/in/app/id907394059
as_14486972479,app_store,Extremely satisfied - Extremely happy,5.0,,0,https://apps.apple.com/in/app/id907394059
as_14486935776,app_store,Good - Very nice app,5.0,,0,https://apps.apple.com/in/app/id907394059
as_14486916457,app_store,Loved it - Best dress,5.0,,0,https://apps.apple.com/in/app/id907394059
as_14486904567,app_store,Best T shirt - Really love this Tshirt,5.0,,0,https://apps.apple.com/in/app/id907394059
as_14486903818,app_store,App review - Awesome app with good quality dress,5.0,,0,https://apps.apple.com/in/app/id907394059
as_14486881550,app_store,Simple super - Best e commerce app,5.0,,0,https://apps.apple.com/in/app/id907394059
as_14486878866,app_store,Nyc application - Budget friendly products available in myntra and give branded original products All brands available,5.0,,0,https://apps.apple.com/in/app/id907394059
as_14486734694,app_store,Very good - Niceyy nicey love it!,5.0,,0,https://apps.apple.com/in/app/id907394059
as_14486729244,app_store,Fantastic - Excellent site,5.0,,0,https://apps.apple.com/in/app/id907394059
as_14486703105,app_store,BEST APP - Its the best app for shopping. All in One Store.,5.0,,0,https://apps.apple.com/in/app/id907394059
as_14486607877,app_store,Best app - Excellent app for shopping,5.0,,0,https://apps.apple.com/in/app/id907394059
as_14486563218,app_store,"App - Best shopping app, I love myntra so much.",4.0,,0,https://apps.apple.com/in/app/id907394059
as_14486510922,app_store,Awesome Earrings - Awesome earrings so premium so good looking,5.0,,0,https://apps.apple.com/in/app/id907394059
as_14486435446,app_store,great app - wow🤩🤩,5.0,,0,https://apps.apple.com/in/app/id907394059
as_14486378100,app_store,"Amazing Shopping Experience ❤️✨ - Absolutely love shopping on Myntra! ❤️ The collection is amazing and there are so many stylish options to choose from. The app is easy to use, product variety is great, and the overall shopping experience is really smooth. I also love the discounts and offers available on different brands. Delivery and packaging have been good too. Overall, Myntra is one of my favourite fashion shopping apps. Highly recommended! ⭐⭐⭐⭐⭐",5.0,,0,https://apps.apple.com/in/app/id907394059
as_14486366780,app_store,Quality - Good one,5.0,,0,https://apps.apple.com/in/app/id907394059
as_14486365322,app_store,🙏 - Nice product,5.0,,0,https://apps.apple.com/in/app/id907394059
as_14486348325,app_store,Gown - Awesome,5.0,,0,https://apps.apple.com/in/app/id907394059
as_14486256169,app_store,Shopping - Everything is good from return to delivery to refund. Only problem i faced recently that I ordered 3 times Tommy Hilfiger tshirt and all three times I got either rejected or copy tshirt  as fitting was way off.,4.0,,0,https://apps.apple.com/in/app/id907394059
as_14486236262,app_store,Beautiful product - Best quality and very beautiful,5.0,,0,https://apps.apple.com/in/app/id907394059
as_14486180810,app_store,"Lovely product - This was for my granddaughter and she herself selected the product for its looks and she is extremely happy too.
I have one major issue on the updates on delivery. Even though it was delivered a day earlier than the expected date, it was mentioned in tracking that the item was shipped next day and delivery on 25 th August and on that day all tracking changed that item to shipped to 26 th. Please don’t post false information and the child was extremely disappointed asking why it didn’t come.
Mynthra isn’t a small institution.",5.0,,0,https://apps.apple.com/in/app/id907394059
as_14486128934,app_store,Excellent - Product variety is brilliant with latest fashion,5.0,,0,https://apps.apple.com/in/app/id907394059
as_14486112484,app_store,Unnecessary charging - Unnecessary charges platform fees !! Should not be charged or less charged for regular customer. But they charged too high,4.0,,0,https://apps.apple.com/in/app/id907394059
as_14486084800,app_store,"Horrible and Pathetic Customer Support Service - Got a product, it was nice but the size came a bit smaller so raised an exchange for 1 size up on 16th August. The Delivery agent picked up the original product on 18th August without handing over the exchanged one. After a week, exchange product came and the delivery agent again asked for the original product (which i had already handed over) so didn’t receive that exchange as well and hence neither I had the original product nor the exchanged one. Upon complaint the MYNTRA cancelled the exchange too stating it as a resolution to the problem. 

I am chasing them again and again but no updates yet either on the refund or sending again the correct product. 
Already wasted 4 days on the same thing explaining it multiple times to the SO CALLED MYNTRA customer support team but no solution so far. Lost time and money because of this stupid team providing no solutions at all.",1.0,,0,https://apps.apple.com/in/app/id907394059
as_14486061399,app_store,"Best aap - Best offers,discounts,gifts,or shipping free",5.0,,0,https://apps.apple.com/in/app/id907394059
as_14486044382,app_store,Good app - Very nice,5.0,,0,https://apps.apple.com/in/app/id907394059
as_14485982454,app_store,Best product and timely delivered - Good quality,5.0,,0,https://apps.apple.com/in/app/id907394059
as_14485901442,app_store,Top - Best place for all fasion needs,5.0,,0,https://apps.apple.com/in/app/id907394059
as_14485852273,app_store,"Amazing trending fashion brand everything is here.. - It’s Awsm all big brands here , latest fashion easy to use .return exchange easily available.m so happy for this App",5.0,,0,https://apps.apple.com/in/app/id907394059
as_14485815954,app_store,"Superbbb App - It’s the best app I have been using from years , Thanks Myntra it’s been a great help for people who can’t go out and get the stuff or do shopping.
In fact even if we go out and wants to buy any product we might not get any options or colours or different types what we get at Myntra, Here we get everything for all age people.
The major reason why I like Myntra is we get the same product with good discount where outside we might not get it at the same discounted price.
Myntra is a One Stop Shop !",5.0,,0,https://apps.apple.com/in/app/id907394059
as_14485807259,app_store,Genuine brands and quality - I really love the delivery and refund process it’s so quick and smooth,5.0,,0,https://apps.apple.com/in/app/id907394059
as_14485776051,app_store,Delayed delivery - Myntra’s service is getting worse day by day,1.0,,0,https://apps.apple.com/in/app/id907394059
as_14485720797,app_store,Beautiful footwear perfect fit same as picture comfortable in spite of high heels - Must buy,5.0,,0,https://apps.apple.com/in/app/id907394059
as_14485666675,app_store,Nice - Good quality,5.0,,0,https://apps.apple.com/in/app/id907394059
as_14485659422,app_store,Good - Good product and quality,5.0,,0,https://apps.apple.com/in/app/id907394059
as_14485558046,app_store,Looks great - Perfect fit,5.0,,0,https://apps.apple.com/in/app/id907394059
as_14485536720,app_store,Luxuries brand just a click away - I loved the fact that Myntra is providing some of the best luxurious product brands. One stop for all the wardrobe hassle.,4.0,,0,https://apps.apple.com/in/app/id907394059
as_14485534533,app_store,awesome - awesome,5.0,,0,https://apps.apple.com/in/app/id907394059
as_14485466914,app_store,Good - Fantastic,5.0,,0,https://apps.apple.com/in/app/id907394059
as_14485447078,app_store,Worst delivery service - I ordered something and the delivery partner did not try to contact me properly instead just gave me missed calls and when i tried to call back they did not pick up then the delibery partner cancelled my order so i contacted myntra help centre and they werent even real people sounded like ai was talking she kept repeating same thing again and again and lied and gave fake reassurance then they told me that they will attempt 3 deliveries but only attempted 2 and then cancelled my order they do not care about customers and keep repeating same things again and again and their delivery partners dont care about the parcels they have different kind of attitude even though they r asking for delivery charges these delivery partners gets annoyed if someone dont pickup in one call and then they will throw tantrums like a 5 year old and will cancel your delivery! Overall worst experience will never buy from this app again! Worst app do not use it,1.0,,0,https://apps.apple.com/in/app/id907394059
as_14485443545,app_store,Birkenstock - Perfect fit,5.0,,0,https://apps.apple.com/in/app/id907394059
as_14485430902,app_store,Nice product - Happy to use,5.0,,0,https://apps.apple.com/in/app/id907394059
as_14485408566,app_store,Best - Best 10 point,5.0,,0,https://apps.apple.com/in/app/id907394059
as_14485396374,app_store,Thakur - Nice,5.0,,0,https://apps.apple.com/in/app/id907394059
as_14485348578,app_store,Fraudulent behavior - One star Reviews submitted in myntra does not show up in the product reviews. They hide the low rating reviews.,1.0,,0,https://apps.apple.com/in/app/id907394059
as_14485341861,app_store,"As a shopper - I love Myntra amazing way of selling and giving comfort to every purchasers.  No risk of money no risk of cloth
No risk of change. 
Lovely 
No one can give this type of comfort ❤️",5.0,,0,https://apps.apple.com/in/app/id907394059
as_14485326417,app_store,Zeviel gold plated jewellery - Excellent one piece jewellers,5.0,,0,https://apps.apple.com/in/app/id907394059
as_14485313920,app_store,"Myntra customer service is pathetic. - Myntra customer service is pathetic. I ordered two H&M items from Myntra, but neither of the orders was delivered.

I raised a cancellation request on 19th August 2026, but till date neither has my cancellation been processed nor has my refund been initiated. The orders have also not been delivered.

I have spoken to multiple customer care representatives and explained the same issue every time, but I have received no resolution or proper update. Every representative only asks me to wait another 24 hours, but nothing happens.",1.0,,0,https://apps.apple.com/in/app/id907394059
as_14485249596,app_store,Incompetent delivery agent and ridiculous customer support - Requested for exchange of colour of lavie sandals as received a different colour. The exchange delivery agent came with product but refused to exchange as the product colour was not matching with the ordered one. It was clearly mentioned in the exchange request that the exchange is for receipt of wrong coloured sandals. And Myntra customer support don’t allow to enter any customised reply and the options coming in the chat were not applicable for my concern. So how can someone ask for their problem to be addressed. Utterly disappointing,1.0,,0,https://apps.apple.com/in/app/id907394059
as_14485228545,app_store,Best - Best products,5.0,,0,https://apps.apple.com/in/app/id907394059
as_14485219217,app_store,Ek number - Badiya,5.0,,0,https://apps.apple.com/in/app/id907394059
as_14485152076,app_store,Amazing product - Amazing product n service and delivery partner,5.0,,0,https://apps.apple.com/in/app/id907394059
as_14485142755,app_store,Best - Best quality,5.0,,0,https://apps.apple.com/in/app/id907394059
as_14485115051,app_store,Preethi - Very good range,5.0,,0,https://apps.apple.com/in/app/id907394059
as_14485105101,app_store,"Absolutely loved everything - Super impressed with this mantra purchase..! The clothing material is soft and premium, the footwear fits true to size and is very comfortable, the Beauty items  arrived 100% genuine and safely packaged. Super fast delivery and great quality overall.highly recommended..!",5.0,,0,https://apps.apple.com/in/app/id907394059
as_14485087997,app_store,Nice - Can give better discounts but overall nice,5.0,,0,https://apps.apple.com/in/app/id907394059
as_14485075214,app_store,"Myntra’s Poor Return & Refund Service - Myntra, really disappointed with your service. I ordered shoes and raised a return request on the same day of delivery. They were picked up the next day, but it’s been almost 15 days and I still haven’t received my refund or any proper response.

This has happened to me multiple times. Very poor customer service and no proper support once an order is marked delivered. Please look into this and resolve it. Sharing this so other customers are aware.",1.0,,0,https://apps.apple.com/in/app/id907394059
as_14485062902,app_store,"Amazing Quality & Totally Worth the Money! ⭐⭐⭐⭐⭐ - Myntra ki shopping experience, product quality, packaging aur service ko dekhte hue main definitely is purchase se bahut happy hoon. Agar aap bhi online shopping karna chahte hain, to main is product ko definitely recommend karungi. Completely satisfied with my purchase! ❤️

5/5 ⭐⭐⭐⭐⭐ — Highly Recommended!",5.0,,0,https://apps.apple.com/in/app/id907394059
as_14485034052,app_store,Love - Value for money. Nice colour. Love this product.,5.0,,0,https://apps.apple.com/in/app/id907394059
as_14485029236,app_store,Love it - Really comfortable nd good in fit,5.0,,0,https://apps.apple.com/in/app/id907394059
as_14485004237,app_store,Wide range - Cool filters to choose from wide range of products...,5.0,,0,https://apps.apple.com/in/app/id907394059
as_14485004164,app_store,Sweatshirt - I  just loved it …. Material was too good … Thankyou Myntra ❤️,5.0,,0,https://apps.apple.com/in/app/id907394059
as_14484988430,app_store,Superb fabric - Elegant and very comfortable during this humid weather,5.0,,0,https://apps.apple.com/in/app/id907394059
as_14484918836,app_store,The best online shopping platform - Excellent,5.0,,0,https://apps.apple.com/in/app/id907394059
as_14484899275,app_store,"Gorgeous - Design the fitting, clothes everything is perfect. Just love it",5.0,,0,https://apps.apple.com/in/app/id907394059
as_14484880894,app_store,Man baggy loose fit - Best quality products,5.0,,0,https://apps.apple.com/in/app/id907394059
as_14484859786,app_store,Good product - Good product,5.0,,0,https://apps.apple.com/in/app/id907394059
as_14484845214,app_store,Good quality maintenaning - Good,4.0,,0,https://apps.apple.com/in/app/id907394059
as_14484800093,app_store,Amazing shopping store for fabrics - Amazing collection where I couldn’t find anywhere with best quality - this is the only store we have where we get amazing quality with best Prices,5.0,,0,https://apps.apple.com/in/app/id907394059
as_14484787544,app_store,Experience - As of now I’ve smooth experience with this aap since I’m using,5.0,,0,https://apps.apple.com/in/app/id907394059
as_14484778011,app_store,"Highly Recommended - ⭐⭐⭐⭐⭐

Excellent experience with Myntra! The product quality was really good, exactly as shown in the pictures. The fit and material were perfect, and the delivery was quick and hassle-free. Very happy with my purchase. Highly recommended! 👍",5.0,,0,https://apps.apple.com/in/app/id907394059
as_14484741467,app_store,"Myntra is my complete shopping mall - Good clothes, good variety and absolutely great UI/UX experience",5.0,,0,https://apps.apple.com/in/app/id907394059
as_14484714081,app_store,Sangria - Excellent,5.0,,0,https://apps.apple.com/in/app/id907394059
as_14484691648,app_store,Amazing - Soft,5.0,,0,https://apps.apple.com/in/app/id907394059
as_14484689402,app_store,"Office bag - I really loved this vanity bag. The quality is good, the design looks elegant, and it has enough space to keep my makeup and daily essentials organized. It is lightweight and easy to carry, making it perfect for office and daily use. Overall, a very useful and stylish bag. Totally worth the price! ❤️",5.0,,0,https://apps.apple.com/in/app/id907394059
as_14484674041,app_store,"One of the worst customer service - One of the worst customer service. There’s no proper solution when the order gets cancelled from their side, its always the customer who has to re order the item by paying again meanwhile the cancelled order’s refund takes 5 days.",1.0,,0,https://apps.apple.com/in/app/id907394059
as_14484635539,app_store,Shoes - Awesome,5.0,,0,https://apps.apple.com/in/app/id907394059
as_14484620610,app_store,Not useful!! - They gave me so much issue for one single product.,1.0,,0,https://apps.apple.com/in/app/id907394059
as_14484608048,app_store,Benefit - Every time I got nice offers,5.0,,0,https://apps.apple.com/in/app/id907394059
as_14484422965,app_store,Sanjay - Excellent product,5.0,,0,https://apps.apple.com/in/app/id907394059
as_14484394556,app_store,best - best app,5.0,,0,https://apps.apple.com/in/app/id907394059
as_14484366519,app_store,Good service - Great products and nice experience,5.0,,0,https://apps.apple.com/in/app/id907394059
as_14484320271,app_store,Good - Congrats,5.0,,0,https://apps.apple.com/in/app/id907394059
as_14484149844,app_store,Be Aware - Very Bad app don’t purchase any thinks,5.0,,0,https://apps.apple.com/in/app/id907394059
as_14484065161,app_store,GOOD - GOOD😍,5.0,,0,https://apps.apple.com/in/app/id907394059
as_14483817488,app_store,Thank - Awesome,5.0,,0,https://apps.apple.com/in/app/id907394059
as_14483753495,app_store,Rakhi - Beautiful rakhi with delicious sweets,5.0,,0,https://apps.apple.com/in/app/id907394059
as_14483663167,app_store,thanku - very nice,5.0,,0,https://apps.apple.com/in/app/id907394059
as_14483652855,app_store,Super - Mind blowing t shirt,5.0,,0,https://apps.apple.com/in/app/id907394059
as_14483506975,app_store,Rakhi - Very nice,5.0,,0,https://apps.apple.com/in/app/id907394059
as_14483381012,app_store,Awesome - Best shopping exp so far,5.0,,0,https://apps.apple.com/in/app/id907394059
as_14483288909,app_store,Mast - Nice app,5.0,,0,https://apps.apple.com/in/app/id907394059
as_14483288637,app_store,"Worse service - I’m giving 1 star only because there is no 0-star option. My orders have been getting delayed repeatedly for the past few months, and my current order is still not delivered. This has become extremely frustrating. Other shopping apps provide much better service and delivery. Myntra seriously needs to improve its delivery service and customer experience.",1.0,,0,https://apps.apple.com/in/app/id907394059
as_14483162552,app_store,Product review - I am very satisfied customer of Myntra,5.0,,0,https://apps.apple.com/in/app/id907394059
as_14483153818,app_store,Push and win - I ordered my all need from Myntra but when ever I want my reward the disappointed me all time I can’t get anything back and when I want the push and win to open its not open for me and my reward was all time say that better luck next time can you please solve this,5.0,,0,https://apps.apple.com/in/app/id907394059
as_14483141177,app_store,"Best shopping app - To be frank, am a regular customer of myntra. The platform is easy to use, offers attractive discounts, and the products quality is outstanding. I am fully satisfied with the service and will continue purchasing.",5.0,,0,https://apps.apple.com/in/app/id907394059
as_14483115927,app_store,Myntra means trust - You can order anything from there—you’ll receive good products. 😊,4.0,,0,https://apps.apple.com/in/app/id907394059
as_14483115795,app_store,Excellent - Trussed app,5.0,,0,https://apps.apple.com/in/app/id907394059
as_14483112550,app_store,Gud - Nice shopping experience,5.0,,0,https://apps.apple.com/in/app/id907394059
as_14483053395,app_store,Best purchase - Love the product,5.0,,0,https://apps.apple.com/in/app/id907394059
as_14482893918,app_store,Best stuff and best website maintained ever...!! Love it 😍 - best solution to all my occasions… Myntra !!,5.0,,0,https://apps.apple.com/in/app/id907394059
as_14482854269,app_store,Fav app - Myntra is always best and trustable app,5.0,,0,https://apps.apple.com/in/app/id907394059
as_14482830769,app_store,Kifayat - Best,5.0,,0,https://apps.apple.com/in/app/id907394059
as_14482775450,app_store,Swift services - Products are good.. collection is huge.. easy process,5.0,,0,https://apps.apple.com/in/app/id907394059
as_14482743466,app_store,"Myntra is now losing its charm - I have been using myntra since its launch , I bought each and every garment, accessories, cloths etc from this particular application but from past one year myntra had disappointed me by its quality, service, and every time they send me wrong products. Its is very much disappointing to wait for upto 10 days and then got a wrong product . Myntra is now dealing in cheap and low quality products also this is the main reason we are suffering 
  For sure I am going to quit myntra now",2.0,,0,https://apps.apple.com/in/app/id907394059
as_14482701127,app_store,Fabulous Fabric - Awesome,5.0,,0,https://apps.apple.com/in/app/id907394059
as_14482667231,app_store,Effective cost and excellent quality - Have ordered one shirt it’s really Effective cost and excellent quality,5.0,,0,https://apps.apple.com/in/app/id907394059
as_14482545387,app_store,Best quality - Always prefer myntra,5.0,,0,https://apps.apple.com/in/app/id907394059
as_14482543694,app_store,Nice app - It’s good experience,5.0,,0,https://apps.apple.com/in/app/id907394059
as_14482526060,app_store,Awesome - Nice shirt!,5.0,,0,https://apps.apple.com/in/app/id907394059
as_14482481183,app_store,Saree - Very pretty,5.0,,0,https://apps.apple.com/in/app/id907394059
as_14482472669,app_store,Nice online store - Good shopping experience,5.0,,0,https://apps.apple.com/in/app/id907394059
as_14482460292,app_store,"Extremely Disappointing Experience with Myntra - I am extremely disappointed with my recent experience with Myntra. At the time of placing the order of athena sequined skirt… there was no clear mention of any ₹50 return fee. The only information provided was that ₹23 would be deducted as a platform fee in case of a return. However, when I actually returned the skirt, an additional ₹50 was deducted under the name of “return fee.”

My concern is not simply about the amount, but about the lack of transparency. If a return fee is applicable, it should be clearly disclosed to the customer before the order is placed, not introduced at the time of return.

What made the experience even worse was the customer service. Instead of addressing my concern properly, the representative behaved in a highly unprofessional manner and disconnected the call in the middle of the conversation. This is completely unacceptable for a platform of Myntra’s stature.

Customers deserve clear policies, transparent charges, and respectful customer service. Unexpected deductions and such poor handling of genuine complaints seriously damage customer trust.

After this experience, I have decided that I will no longer purchase anything from Myntra, nor will I recommend Myntra to anyone. A company may consider ₹50 insignificant, but for a customer, transparency and trust are far more valuable than ₹50.

Extremely disappointing and unacceptable experience.",1.0,,0,https://apps.apple.com/in/app/id907394059
as_14482451054,app_store,Myntra - Nice,5.0,,0,https://apps.apple.com/in/app/id907394059
as_14482276045,app_store,Good - Good App cheap products less delivery fees and fast delivery,5.0,,0,https://apps.apple.com/in/app/id907394059
as_14482236406,app_store,Ultimate Quality - Ultra light weight and comfortable,5.0,,0,https://apps.apple.com/in/app/id907394059
as_14482203745,app_store,Giva earrings - Fabulous earrings,5.0,,0,https://apps.apple.com/in/app/id907394059
as_14482158190,app_store,Good - Beautiful,5.0,,0,https://apps.apple.com/in/app/id907394059
as_14482133359,app_store,App is not working - Poor app and CsE,2.0,,0,https://apps.apple.com/in/app/id907394059
rd_reddit_curated_0,reddit,"How is the sizing on Roadster leather & suede jackets? My Zara size is M (5'9, 68kg). Should I stick to M or L?",,1740000000,45,https://reddit.com/r/IndianFashionAddicts/comments/reddit_curated_0
rd_reddit_curated_1,reddit,Need styling advice: Bought dark indigo slim jeans and white sneakers from Myntra. What topwear from my wishlist will pair best?,,1740003600,57,https://reddit.com/r/IndianFashionAddicts/comments/reddit_curated_1
rd_reddit_curated_2,reddit,Has anyone bought linen shirts from Mast & Harbour? Is the fit boxy or slim? Unsure about drape.,,1740007200,69,https://reddit.com/r/Myntra/comments/reddit_curated_2
rd_reddit_curated_3,reddit,Is anyone else sitting with 40+ items in their Myntra wishlist waiting for end of season sale?,,1740010800,81,https://reddit.com/r/IndianBeautyDeals/comments/reddit_curated_3
rd_reddit_curated_4,reddit,I hate buying blazers online because shoulder fit is a gamble and exchange takes forever.,,1740014400,93,https://reddit.com/r/IndianFashionAddicts/comments/reddit_curated_4
rd_reddit_curated_5,reddit,Wishlist sitting at 25 items because I cannot visualize how to pair these sneakers with my daily chinos.,,1740018000,105,https://reddit.com/r/IndianFashionAddicts/comments/reddit_curated_5
